--
-- PostgreSQL database dump
--

-- Dumped from database version 17.5
-- Dumped by pg_dump version 17.5

SET statement_timeout = 0;
SET lock_timeout = 0;
SET idle_in_transaction_session_timeout = 0;
SET transaction_timeout = 0;
SET client_encoding = 'UTF8';
SET standard_conforming_strings = on;
SELECT pg_catalog.set_config('search_path', '', false);
SET check_function_bodies = false;
SET xmloption = content;
SET client_min_messages = warning;
SET row_security = off;

--
-- Name: clase_id_seq; Type: SEQUENCE; Schema: public; Owner: pg_database_owner
--

CREATE SEQUENCE public.clase_id_seq
    AS integer
    START WITH 1
    INCREMENT BY 1
    NO MINVALUE
    NO MAXVALUE
    CACHE 1;


ALTER SEQUENCE public.clase_id_seq OWNER TO pg_database_owner;

SET default_tablespace = '';

SET default_table_access_method = heap;

--
-- Name: clase; Type: TABLE; Schema: public; Owner: pg_database_owner
--

CREATE TABLE public.clase (
    nrc integer NOT NULL,
    horainicio time without time zone NOT NULL,
    horafinal time without time zone NOT NULL,
    aula character varying,
    dia character varying NOT NULL,
    id integer DEFAULT nextval('public.clase_id_seq'::regclass) NOT NULL
);


ALTER TABLE public.clase OWNER TO pg_database_owner;

--
-- Name: curso; Type: TABLE; Schema: public; Owner: pg_database_owner
--

CREATE TABLE public.curso (
    nrc integer NOT NULL,
    tipo character varying NOT NULL,
    codigomateria character varying NOT NULL,
    profesorid character varying,
    nrcteorico integer,
    groupid integer,
    campus character varying
);


ALTER TABLE public.curso OWNER TO pg_database_owner;

--
-- Name: materia; Type: TABLE; Schema: public; Owner: pg_database_owner
--

CREATE TABLE public.materia (
    codigomateria character varying NOT NULL,
    creditos integer NOT NULL,
    nombre character varying NOT NULL
);


ALTER TABLE public.materia OWNER TO pg_database_owner;

--
-- Name: profesor; Type: TABLE; Schema: public; Owner: pg_database_owner
--

CREATE TABLE public.profesor (
    bannerid character varying NOT NULL,
    nombre character varying NOT NULL
);


ALTER TABLE public.profesor OWNER TO pg_database_owner;

--
-- Data for Name: clase; Type: TABLE DATA; Schema: public; Owner: pg_database_owner
--

COPY public.clase (nrc, horainicio, horafinal, aula, dia, id) FROM stdin;
1038	07:00:00	08:50:00	A2-501	Miércoles	1
1038	07:00:00	07:50:00	A2-501	Viernes	2
1053	09:00:00	09:50:00	A2-501	Miércoles	3
1053	09:00:00	10:50:00	A2-402	Viernes	4
1570	13:00:00	13:50:00	A2-406	Martes	5
1570	13:00:00	14:50:00	A2-506	Jueves	6
1527	17:00:00	17:50:00	A4-201	Miércoles	7
1528	09:00:00	10:50:00	A2-203	Martes	8
1528	09:00:00	09:50:00	A2-203	Jueves	9
2117	13:00:00	14:50:00	A4-203	Viernes	10
2117	16:00:00	16:50:00	A2-302	Miércoles	11
2121	10:00:00	11:50:00	A2-505	Viernes	12
2121	13:00:00	13:50:00	A4-201	Jueves	13
2130	10:00:00	11:50:00	A2-206	Lunes	14
2130	17:00:00	17:50:00	A2-206	Viernes	15
2712	17:00:00	17:50:00	A4-103	Miércoles	16
2712	18:00:00	19:50:00	A1-306	Lunes	17
1529	07:00:00	07:50:00	A5-203	Lunes	18
1529	10:00:00	11:50:00	A2-408	Martes	19
1542	14:00:00	14:50:00	A2-403	Lunes	20
1543	07:00:00	07:50:00	A1-304	Jueves	21
1543	15:00:00	16:50:00	A2-306	Lunes	22
1545	13:00:00	13:50:00	A4-102	Lunes	23
1545	13:00:00	14:50:00	A2-306	Miércoles	24
2335	15:00:00	16:50:00	A5-203	Jueves	25
2335	16:00:00	16:50:00	A4-202	Lunes	26
2336	11:00:00	11:50:00	A4-202	Viernes	27
2336	15:00:00	16:50:00	A4-202	Martes	28
1553	17:00:00	18:50:00	A1-305	Lunes	29
1707	18:00:00	18:50:00	A2-503	Miércoles	30
1709	17:00:00	18:50:00	A2-207	Martes	31
1537	14:00:00	15:50:00	A1-407	Martes	32
1537	14:00:00	14:50:00	A2-507	Viernes	33
1131	07:00:00	08:50:00	A2-207	Lunes	34
1131	08:00:00	08:50:00	A4-204	Miércoles	35
1510	18:00:00	19:50:00	A4-101	Jueves	36
1510	19:00:00	19:50:00	A4-102	Martes	37
1511	18:00:00	18:50:00	A2-403	Martes	38
1511	18:00:00	19:50:00	A2-308	Miércoles	39
1517	08:00:00	09:50:00	A4-202	Viernes	40
1517	15:00:00	15:50:00	A4-202	Lunes	41
2722	08:00:00	12:50:00	\N	Lunes	42
2722	08:00:00	12:50:00	\N	Martes	43
2722	08:00:00	12:50:00	\N	Miércoles	44
2722	08:00:00	12:50:00	\N	Jueves	45
2722	08:00:00	12:50:00	\N	Viernes	46
2722	14:00:00	16:50:00	\N	Lunes	47
2722	14:00:00	16:50:00	\N	Martes	48
2722	14:00:00	16:50:00	\N	Miércoles	49
2722	14:00:00	16:50:00	\N	Jueves	50
2722	14:00:00	16:50:00	\N	Viernes	51
1535	17:00:00	18:50:00	A1-308	Miércoles	52
1535	18:00:00	18:50:00	A3-204	Jueves	53
1548	17:00:00	18:50:00	A4-202	Martes	54
1548	19:00:00	19:50:00	A1-308	Miércoles	55
1812	13:00:00	16:50:00	A1-303	Lunes	56
1812	13:00:00	16:50:00	A1-303	Miércoles	57
1839	13:00:00	16:50:00	PS-401	Lunes	58
1839	13:00:00	16:50:00	PS-401	Miércoles	59
2160	08:00:00	11:50:00	PS-401	Lunes	60
2160	13:00:00	16:50:00	A1-302	Viernes	61
2445	08:00:00	11:50:00	MB-205	Lunes	62
2445	08:00:00	11:50:00	MB-306	Miércoles	63
2444	13:00:00	16:50:00	MB-302	Lunes	64
2444	13:00:00	16:50:00	MB-205	Miércoles	65
2460	14:00:00	17:50:00	MB-304	Lunes	66
2460	14:00:00	17:50:00	MB-301	Miércoles	67
2470	12:00:00	15:50:00	A1-303	Viernes	68
2470	13:00:00	16:50:00	A1-303	Martes	69
2469	13:00:00	16:50:00	MB-305	Lunes	70
2469	13:00:00	16:50:00	MB-305	Miércoles	71
1431	09:00:00	12:50:00	PS-403	Miércoles	72
1431	13:00:00	16:50:00	MB-402	Lunes	73
1683	07:00:00	08:50:00	A1-303	Sábado	74
1803	09:00:00	10:50:00	A1-303	Sábado	75
1833	10:00:00	11:50:00	MB-202	Miércoles	76
1849	14:00:00	15:50:00	A1-300	Viernes	77
1847	08:00:00	09:50:00	A1-300	Viernes	78
1954	14:00:00	15:50:00	A1-300	Jueves	79
2448	12:00:00	13:50:00	A1-300	Martes	80
2458	10:00:00	11:50:00	A1-300	Martes	81
2457	08:00:00	09:50:00	A1-300	Martes	82
2459	12:00:00	13:50:00	A1-300	Viernes	83
2526	16:00:00	17:50:00	A1-300	Viernes	84
2526	17:00:00	17:50:00	A1-300	Martes	85
1941	14:00:00	15:50:00	A2-504	Viernes	86
1827	11:00:00	12:50:00	A1-305	Sábado	87
1838	10:00:00	11:50:00	A2-304	Martes	88
1957	13:00:00	14:50:00	MB-204	Lunes	89
1955	15:00:00	16:50:00	MB-306	Lunes	90
2449	14:00:00	15:50:00	A4-204	Viernes	91
2456	13:00:00	14:50:00	A2-203	Martes	92
2455	14:00:00	15:50:00	A2-503	Jueves	93
2467	10:00:00	11:50:00	A2-502	Jueves	94
1439	14:00:00	15:50:00	A2-304	Martes	95
1942	12:00:00	13:50:00	A3-103	Martes	96
1828	12:00:00	13:50:00	A2-406	Jueves	97
1945	10:00:00	11:50:00	A2-405	Jueves	98
2441	12:00:00	13:50:00	A2-504	Viernes	99
2441	17:00:00	17:50:00	A2-402	Martes	100
2446	10:00:00	11:50:00	LBIC13	Viernes	101
2453	11:00:00	12:50:00	A2-303	Viernes	102
2453	12:00:00	12:50:00	A2-408	Martes	103
2464	13:00:00	13:50:00	A1-305	Jueves	104
2464	14:00:00	15:50:00	A2-502	Martes	105
1915	17:00:00	18:50:00	A5-203	Jueves	106
1429	17:00:00	18:50:00	MB-301	Lunes	107
1429	17:00:00	17:50:00	MB-202	Miércoles	108
2528	10:00:00	11:50:00	MB-302	Lunes	109
2528	13:00:00	13:50:00	A1-403	Jueves	110
1835	17:00:00	18:50:00	MB-306	Lunes	111
2442	13:00:00	14:50:00	MB-203	Miércoles	112
2447	17:00:00	18:50:00	MB-302	Miércoles	113
2452	10:00:00	11:50:00	MB-206	Lunes	114
2450	10:00:00	11:50:00	MB-205	Miércoles	115
1776	17:00:00	18:50:00	MB-305	Miércoles	116
2468	12:00:00	12:50:00	MB-305	Miércoles	117
2468	17:00:00	18:50:00	MB-305	Lunes	118
1427	07:00:00	08:50:00	MB-302	Miércoles	119
2576	10:00:00	11:50:00	A1-304	Sábado	120
2576	17:00:00	17:50:00	A3-104	Jueves	121
1448	15:00:00	16:50:00	A3-201	Jueves	122
2708	08:00:00	08:50:00	A2-504	Lunes	123
2708	09:00:00	10:50:00	A3-201	Jueves	124
2547	09:00:00	10:50:00	A2-304	Jueves	125
2547	11:00:00	11:50:00	A2-203	Martes	126
1713	13:00:00	14:50:00	A4-202	Martes	127
1722	13:00:00	14:50:00	A2-205	Miércoles	128
1722	13:00:00	13:50:00	A2-404	Jueves	129
1729	07:00:00	07:50:00	A1-304	Viernes	130
1729	08:00:00	09:50:00	A1-304	Miércoles	131
1734	14:00:00	15:50:00	A3-104	Viernes	132
1734	16:00:00	16:50:00	A2-205	Miércoles	133
1738	13:00:00	13:50:00	A2-305	Martes	134
1738	13:00:00	14:50:00	A2-408	Jueves	135
1746	07:00:00	07:50:00	A1-307	Martes	136
1746	10:00:00	11:50:00	A2-305	Lunes	137
1493	08:00:00	08:50:00	A3-102	Lunes	138
1493	08:00:00	09:50:00	A2-402	Martes	139
1743	17:00:00	18:50:00	A2-507	Jueves	140
1743	18:00:00	18:50:00	A4-203	Martes	141
1688	07:00:00	08:50:00	A1-407	Jueves	142
1688	09:00:00	09:50:00	A1-403	Martes	143
1737	08:00:00	09:50:00	A1-403	Sábado	144
1737	12:00:00	12:50:00	A1-402	Martes	145
1733	13:00:00	14:50:00	A2-305	Lunes	146
1733	16:00:00	16:50:00	A2-401	Jueves	147
1506	08:00:00	12:50:00	\N	Lunes	148
1506	08:00:00	12:50:00	\N	Martes	149
1506	08:00:00	12:50:00	\N	Miércoles	150
1506	08:00:00	12:50:00	\N	Jueves	151
1506	08:00:00	12:50:00	\N	Viernes	152
1506	14:00:00	16:50:00	\N	Lunes	153
1506	14:00:00	16:50:00	\N	Martes	154
1506	14:00:00	16:50:00	\N	Miércoles	155
1506	14:00:00	16:50:00	\N	Jueves	156
1506	14:00:00	16:50:00	\N	Viernes	157
1711	08:00:00	09:50:00	A2-507	Lunes	158
1711	08:00:00	08:50:00	A3-103	Jueves	159
1720	10:00:00	11:50:00	A2-502	Miércoles	160
1720	11:00:00	11:50:00	A2-408	Jueves	161
1726	09:00:00	10:50:00	A2-404	Martes	162
1741	16:00:00	16:50:00	A3-104	Lunes	163
1741	17:00:00	18:50:00	A2-503	Jueves	164
1716	16:00:00	16:50:00	A2-503	Jueves	165
1716	17:00:00	18:50:00	A1-304	Martes	166
2562	07:00:00	07:50:00	A2-406	Jueves	167
2562	14:00:00	15:50:00	A2-404	Martes	168
1730	07:00:00	08:50:00	A1-306	Lunes	169
1730	07:00:00	07:50:00	A2-408	Miércoles	170
1767	10:00:00	10:50:00	A1-403	Martes	171
1767	10:00:00	11:50:00	A1-404	Jueves	172
1717	08:00:00	09:50:00	A1-304	Viernes	173
1717	15:00:00	16:50:00	A1-304	Martes	174
1739	10:00:00	11:50:00	A2-207	Sábado	175
1739	12:00:00	12:50:00	A2-403	Jueves	176
2396	10:00:00	11:50:00	A4-202	Martes	177
1278	13:00:00	13:50:00	A2-206	Lunes	178
1278	13:00:00	14:50:00	A2-304	Jueves	179
1279	10:00:00	11:50:00	A5-104	Viernes	180
1030	07:00:00	07:50:00	A2-505	Lunes	181
1030	07:00:00	07:50:00	A3-201	Viernes	182
1030	09:00:00	10:50:00	A2-507	Miércoles	183
1316	17:00:00	17:50:00	A1-405	Jueves	184
1316	17:00:00	18:50:00	A4-203	Viernes	185
1316	18:00:00	18:50:00	A4-202	Miércoles	186
1342	13:00:00	13:50:00	A1-402	Viernes	187
1342	14:00:00	14:50:00	A2-306	Lunes	188
1342	17:00:00	18:50:00	A2-306	Jueves	189
1402	15:00:00	16:50:00	A2-507	Lunes	190
1402	17:00:00	17:50:00	A3-201	Martes	191
1402	18:00:00	18:50:00	A2-505	Jueves	192
1588	13:00:00	13:50:00	A3-201	Lunes	193
1588	13:00:00	14:50:00	A2-506	Miércoles	194
1588	16:00:00	16:50:00	A2-203	Viernes	195
1854	12:00:00	12:50:00	A2-505	Lunes	196
1854	14:00:00	14:50:00	A3-201	Jueves	197
1854	17:00:00	18:50:00	A2-303	Miércoles	198
2043	07:00:00	08:50:00	A2-401	Lunes	199
2043	07:00:00	07:50:00	A2-406	Viernes	200
2043	09:00:00	09:50:00	A3-201	Martes	201
2199	13:00:00	13:50:00	A1-404	Martes	202
2199	13:00:00	13:50:00	A2-203	Jueves	203
2199	16:00:00	17:50:00	A2-505	Lunes	204
2288	09:00:00	09:50:00	A5-203	Martes	205
2288	09:00:00	09:50:00	A1-404	Jueves	206
2288	15:00:00	16:50:00	A2-401	Lunes	207
1061	07:00:00	07:50:00	A2-308	Viernes	208
1061	10:00:00	10:50:00	A3-201	Lunes	209
1061	10:00:00	11:50:00	A2-308	Martes	210
1068	15:00:00	16:50:00	A2-507	Miércoles	211
1068	17:00:00	17:50:00	A2-507	Lunes	212
1068	17:00:00	17:50:00	A1-404	Viernes	213
1079	14:00:00	14:50:00	A3-201	Miércoles	214
1079	16:00:00	16:50:00	A2-504	Martes	215
1079	17:00:00	18:50:00	A2-504	Jueves	216
1136	07:00:00	08:50:00	A2-507	Jueves	217
1136	09:00:00	09:50:00	A2-401	Lunes	218
1136	09:00:00	09:50:00	A1-402	Viernes	219
1208	14:00:00	14:50:00	A3-204	Viernes	220
1208	15:00:00	15:50:00	A3-201	Miércoles	221
1208	17:00:00	18:50:00	A2-306	Lunes	222
1616	12:00:00	12:50:00	A1-404	Martes	223
1616	12:00:00	13:50:00	A2-504	Miércoles	224
1616	16:00:00	16:50:00	A2-308	Viernes	225
1611	07:00:00	07:50:00	A1-402	Jueves	226
1611	10:00:00	10:50:00	A4-203	Miércoles	227
1611	10:00:00	11:50:00	A2-401	Viernes	228
1613	09:00:00	09:50:00	A2-505	Viernes	229
1613	10:00:00	11:50:00	A4-201	Lunes	230
1613	11:00:00	11:50:00	A3-201	Miércoles	231
1359	13:00:00	14:50:00	A2-502	Jueves	232
1359	15:00:00	15:50:00	A2-207	Lunes	233
1359	17:00:00	17:50:00	A1-403	Viernes	234
1618	13:00:00	14:50:00	A2-203	Viernes	235
1618	16:00:00	16:50:00	A3-204	Martes	236
1618	16:00:00	16:50:00	A3-201	Miércoles	237
1631	08:00:00	09:50:00	A2-207	Sábado	238
1631	15:00:00	15:50:00	A3-201	Martes	239
1631	15:00:00	15:50:00	A3-204	Viernes	240
1634	07:00:00	07:50:00	A2-301	Jueves	241
1634	10:00:00	10:50:00	A3-201	Martes	242
1634	13:00:00	14:50:00	A2-503	Lunes	243
1636	08:00:00	09:50:00	A4-202	Jueves	244
1636	09:00:00	09:50:00	A3-102	Lunes	245
1636	10:00:00	10:50:00	A1-404	Viernes	246
2044	07:00:00	08:50:00	A2-401	Lunes	247
2044	07:00:00	07:50:00	A2-406	Viernes	248
2044	09:00:00	09:50:00	A3-201	Martes	249
2273	13:00:00	13:50:00	A4-204	Viernes	250
2273	15:00:00	15:50:00	A1-407	Miércoles	251
2273	17:00:00	18:50:00	A3-202	Jueves	252
2289	09:00:00	09:50:00	A5-203	Martes	253
2289	09:00:00	09:50:00	A1-404	Jueves	254
2289	15:00:00	16:50:00	A2-401	Lunes	255
1044	14:00:00	14:50:00	A3-201	Lunes	256
1044	16:00:00	17:50:00	A4-202	Miércoles	257
1044	16:00:00	16:50:00	A4-203	Viernes	258
1062	07:00:00	07:50:00	A2-308	Viernes	259
1062	10:00:00	10:50:00	A3-201	Lunes	260
1062	10:00:00	11:50:00	A2-308	Martes	261
1069	15:00:00	16:50:00	A2-507	Miércoles	262
1069	17:00:00	17:50:00	A2-507	Lunes	263
1069	17:00:00	17:50:00	A1-404	Viernes	264
1086	13:00:00	14:50:00	A2-206	Martes	265
1086	14:00:00	14:50:00	A3-201	Viernes	266
1086	15:00:00	15:50:00	A3-201	Viernes	267
1137	07:00:00	08:50:00	A2-507	Jueves	268
1137	09:00:00	09:50:00	A2-401	Lunes	269
1137	09:00:00	09:50:00	A1-402	Viernes	270
1209	14:00:00	14:50:00	A3-204	Viernes	271
1209	15:00:00	15:50:00	A3-201	Miércoles	272
1209	17:00:00	18:50:00	A2-306	Lunes	273
1615	12:00:00	12:50:00	A1-404	Martes	274
1615	12:00:00	13:50:00	A2-504	Miércoles	275
1615	16:00:00	16:50:00	A2-308	Viernes	276
1610	07:00:00	07:50:00	A1-402	Jueves	277
1610	10:00:00	10:50:00	A4-203	Miércoles	278
1610	10:00:00	11:50:00	A2-401	Viernes	279
1612	09:00:00	09:50:00	A2-505	Viernes	280
1612	10:00:00	11:50:00	A4-201	Lunes	281
1612	11:00:00	11:50:00	A3-201	Miércoles	282
1358	13:00:00	14:50:00	A2-502	Jueves	283
1358	15:00:00	15:50:00	A2-207	Lunes	284
1358	17:00:00	17:50:00	A1-403	Viernes	285
1617	13:00:00	14:50:00	A2-203	Viernes	286
1617	16:00:00	16:50:00	A3-204	Martes	287
1617	16:00:00	16:50:00	A3-201	Miércoles	288
1622	07:00:00	08:50:00	A2-507	Miércoles	289
1622	09:00:00	09:50:00	A4-201	Lunes	290
1622	11:00:00	11:50:00	A3-201	Viernes	291
1630	08:00:00	09:50:00	A2-207	Sábado	292
1630	15:00:00	15:50:00	A3-201	Martes	293
1630	15:00:00	15:50:00	A3-204	Viernes	294
1633	07:00:00	07:50:00	A2-301	Jueves	295
1633	10:00:00	10:50:00	A3-201	Martes	296
1633	13:00:00	14:50:00	A2-503	Lunes	297
1635	08:00:00	09:50:00	A4-202	Jueves	298
1635	09:00:00	09:50:00	A3-102	Lunes	299
1635	10:00:00	10:50:00	A1-404	Viernes	300
1063	10:00:00	11:50:00	A2-207	Martes	301
1063	10:00:00	11:50:00	A2-207	Viernes	302
1064	07:00:00	08:50:00	A5-101	Jueves	303
2631	07:00:00	08:50:00	A5-101	Jueves	304
1098	07:00:00	08:50:00	A4-202	Lunes	305
1098	10:00:00	11:50:00	A4-102	Jueves	306
1099	10:00:00	11:50:00	A5-101	Martes	307
2632	10:00:00	11:50:00	A5-101	Martes	308
1141	17:00:00	18:50:00	A4-103	Martes	309
1141	17:00:00	18:50:00	A2-207	Viernes	310
1142	13:00:00	14:50:00	A5-101	Miércoles	311
2634	13:00:00	14:50:00	A5-101	Miércoles	312
1399	13:00:00	14:50:00	A4-101	Miércoles	313
1399	13:00:00	14:50:00	A4-203	Jueves	314
1400	10:00:00	11:50:00	A5-101	Lunes	315
2633	10:00:00	11:50:00	A5-101	Lunes	316
1441	10:00:00	11:50:00	A2-203	Lunes	317
1441	17:00:00	18:50:00	A2-203	Miércoles	318
1442	10:00:00	11:50:00	A5-101	Jueves	319
2637	10:00:00	11:50:00	A5-101	Jueves	320
1453	13:00:00	14:50:00	A2-301	Martes	321
1453	14:00:00	15:50:00	A2-306	Viernes	322
1454	14:00:00	15:50:00	A5-101	Lunes	323
1919	09:00:00	10:50:00	A4-204	Lunes	324
1919	10:00:00	11:50:00	A4-101	Martes	325
1920	10:00:00	11:50:00	A5-101	Miércoles	326
2638	10:00:00	11:50:00	A5-101	Miércoles	327
1075	10:00:00	11:50:00	A2-506	Martes	328
1075	10:00:00	11:50:00	A4-101	Viernes	329
1076	10:00:00	11:50:00	A5-102	Jueves	330
2639	10:00:00	11:50:00	A5-102	Jueves	331
1233	07:00:00	08:50:00	A2-402	Lunes	332
1233	13:00:00	14:50:00	A2-301	Miércoles	333
1234	08:00:00	09:50:00	A5-102	Viernes	334
2641	08:00:00	09:50:00	A5-102	Viernes	335
1265	13:00:00	14:50:00	A2-303	Martes	336
1265	13:00:00	14:50:00	A2-303	Jueves	337
1266	08:00:00	09:50:00	A5-102	Lunes	338
2646	08:00:00	09:50:00	A5-102	Lunes	339
1319	07:00:00	08:50:00	A1-308	Lunes	340
1319	13:00:00	14:50:00	A2-507	Martes	341
1320	13:00:00	14:50:00	A5-102	Jueves	342
2642	13:00:00	14:50:00	A5-102	Jueves	343
1437	13:00:00	14:50:00	A2-402	Lunes	344
1437	15:00:00	16:50:00	A2-402	Jueves	345
1438	15:00:00	16:50:00	A5-102	Martes	346
2643	15:00:00	16:50:00	A5-102	Martes	347
1752	15:00:00	16:50:00	A2-303	Martes	348
1752	15:00:00	16:50:00	A1-305	Miércoles	349
1753	15:00:00	16:50:00	A5-102	Jueves	350
2344	10:00:00	11:50:00	A2-505	Lunes	351
2344	13:00:00	14:50:00	A2-505	Jueves	352
2345	07:00:00	08:50:00	A5-102	Miércoles	353
2640	07:00:00	08:50:00	A5-102	Miércoles	354
1001	13:00:00	14:50:00	A5-203	Miércoles	355
1001	14:00:00	15:50:00	A5-203	Viernes	356
1002	09:00:00	10:50:00	A5-204	Lunes	357
1007	07:00:00	08:50:00	A2-402	Jueves	358
1007	13:00:00	14:50:00	A1-308	Viernes	359
1008	15:00:00	16:50:00	A5-204	Miércoles	360
2653	15:00:00	16:50:00	A5-204	Miércoles	361
1018	07:00:00	08:50:00	A2-403	Martes	362
1018	15:00:00	16:50:00	A1-308	Viernes	363
2656	07:00:00	08:50:00	A5-204	Jueves	364
1924	13:00:00	13:50:00	A2-506	Martes	365
1924	13:00:00	14:50:00	A1-306	Jueves	366
2017	15:00:00	16:50:00	A2-506	Miércoles	367
2017	15:00:00	16:50:00	A2-506	Jueves	368
2031	13:00:00	14:50:00	A2-306	Martes	369
2031	13:00:00	14:50:00	A2-306	Jueves	370
2036	09:00:00	10:50:00	A2-408	Lunes	371
2036	09:00:00	10:50:00	A4-204	Martes	372
2038	17:00:00	18:50:00	A4-204	Lunes	373
2038	18:00:00	19:50:00	A2-501	Miércoles	374
2039	13:00:00	14:50:00	A2-502	Lunes	375
2039	13:00:00	14:50:00	A2-502	Viernes	376
2040	15:00:00	16:50:00	A2-307	Martes	377
2040	15:00:00	16:50:00	A1-308	Jueves	378
2041	08:00:00	09:50:00	A4-102	Lunes	379
2041	08:00:00	09:50:00	A2-407	Viernes	380
2042	08:00:00	09:50:00	A2-207	Martes	381
2042	08:00:00	09:50:00	A1-305	Jueves	382
2018	15:00:00	16:50:00	A2-307	Miércoles	383
2018	15:00:00	16:50:00	A2-502	Viernes	384
2022	13:00:00	14:50:00	A2-302	Martes	385
2022	13:00:00	14:50:00	A4-101	Jueves	386
2023	10:00:00	11:50:00	A2-501	Martes	387
2023	10:00:00	11:50:00	A2-403	Jueves	388
2026	10:00:00	11:50:00	A2-407	Martes	389
2026	10:00:00	11:50:00	A2-407	Jueves	390
2028	10:00:00	11:50:00	A2-401	Lunes	391
2028	10:00:00	11:50:00	A5-203	Martes	392
2084	15:00:00	16:50:00	A2-502	Lunes	393
2084	15:00:00	16:50:00	A2-302	Jueves	394
1466	07:00:00	08:50:00	A2-203	Martes	395
1466	07:00:00	08:50:00	A2-203	Jueves	396
1772	10:00:00	11:50:00	A2-301	Lunes	397
1772	10:00:00	11:50:00	A2-407	Miércoles	398
1778	07:00:00	08:50:00	A2-303	Lunes	399
1778	07:00:00	08:50:00	A1-308	Jueves	400
1786	15:00:00	16:50:00	A2-501	Martes	401
1786	15:00:00	16:50:00	A2-501	Viernes	402
1805	10:00:00	11:50:00	A2-504	Miércoles	403
1805	10:00:00	11:50:00	A2-506	Jueves	404
1830	07:00:00	08:50:00	A2-408	Lunes	405
1830	07:00:00	08:50:00	A2-408	Viernes	406
1151	10:00:00	11:50:00	A4-103	Martes	407
1152	10:00:00	11:50:00	A2-207	Jueves	408
1153	08:00:00	09:50:00	A2-207	Jueves	409
1154	09:00:00	10:50:00	A2-303	Viernes	410
1174	15:00:00	16:50:00	\N	Martes	411
1175	14:00:00	15:50:00	A2-403	Jueves	412
1176	07:00:00	08:50:00	A2-203	Viernes	413
1177	07:00:00	08:50:00	A2-408	Jueves	414
1178	10:00:00	11:50:00	A2-301	Jueves	415
1179	07:00:00	08:50:00	A2-303	Viernes	416
1180	16:00:00	17:50:00	A2-406	Jueves	417
1321	08:00:00	09:50:00	\N	Martes	418
1322	16:00:00	17:50:00	A2-303	Viernes	419
1324	15:00:00	16:50:00	A2-406	Miércoles	420
1325	15:00:00	16:50:00	A4-101	Miércoles	421
1326	13:00:00	14:50:00	A2-501	Miércoles	422
1327	07:00:00	08:50:00	A2-307	Sábado	423
1171	10:00:00	11:50:00	A1-308	Jueves	424
1171	13:00:00	13:50:00	A1-308	Lunes	425
1237	08:00:00	09:50:00	A2-302	Viernes	426
1237	09:00:00	09:50:00	A1-305	Lunes	427
1255	13:00:00	14:50:00	A1-305	Martes	428
1255	13:00:00	13:50:00	A2-403	Jueves	429
1292	16:00:00	16:50:00	A2-306	Jueves	430
1292	17:00:00	18:50:00	A2-306	Miércoles	431
1305	10:00:00	11:50:00	A1-305	Lunes	432
1305	11:00:00	11:50:00	A2-207	Miércoles	433
1366	16:00:00	16:50:00	A2-302	Lunes	434
1366	17:00:00	18:50:00	A4-101	Miércoles	435
1878	09:00:00	09:50:00	A2-307	Miércoles	436
1878	13:00:00	14:50:00	A2-307	Martes	437
2064	09:00:00	09:50:00	A2-504	Lunes	438
2064	09:00:00	10:50:00	A5-203	Viernes	439
2072	14:00:00	14:50:00	A1-308	Lunes	440
2072	14:00:00	15:50:00	A2-203	Jueves	441
1554	13:00:00	14:50:00	\N	Martes	442
1555	07:00:00	08:50:00	A2-206	Miércoles	443
1556	07:00:00	08:50:00	A4-101	Jueves	444
1559	13:00:00	14:50:00	A2-301	Jueves	445
1560	07:00:00	08:50:00	A2-505	Jueves	446
1562	15:00:00	16:50:00	\N	Martes	447
1563	07:00:00	08:50:00	A2-303	Sábado	448
1564	15:00:00	16:50:00	A2-306	Miércoles	449
1565	07:00:00	08:50:00	A2-505	Miércoles	450
1566	09:00:00	10:50:00	A2-206	Miércoles	451
1567	14:00:00	15:50:00	A2-401	Jueves	452
1568	10:00:00	11:50:00	A3-202	Viernes	453
1580	09:00:00	10:50:00	\N	Martes	454
1581	07:00:00	08:50:00	A2-506	Miércoles	455
1582	13:00:00	14:50:00	A2-401	Viernes	456
1583	15:00:00	16:50:00	A2-401	Viernes	457
1584	07:00:00	08:50:00	A2-503	Viernes	458
1585	09:00:00	10:50:00	A2-506	Miércoles	459
2683	14:00:00	15:50:00	A1-304	Miércoles	460
2684	09:00:00	10:50:00	A2-301	Sábado	461
1674	15:00:00	16:50:00	A4-103	Martes	462
1675	07:00:00	08:50:00	A2-306	Jueves	463
1676	15:00:00	16:50:00	A1-305	Jueves	464
1677	16:00:00	17:50:00	A2-502	Miércoles	465
2392	08:00:00	09:50:00	A2-302	Jueves	466
2389	08:00:00	09:50:00	A2-407	Martes	467
2388	07:00:00	08:50:00	A2-301	Viernes	468
2390	10:00:00	11:50:00	A2-307	Miércoles	469
1619	07:00:00	08:50:00	A2-503	Lunes	470
1619	07:00:00	07:50:00	A2-302	Jueves	471
2629	10:00:00	11:50:00	A5-103	Miércoles	472
1697	07:00:00	07:50:00	A2-504	Lunes	473
1697	07:00:00	08:50:00	A2-502	Jueves	474
2619	15:00:00	16:50:00	A5-103	Miércoles	475
1718	13:00:00	13:50:00	A2-402	Miércoles	476
1718	13:00:00	14:50:00	A2-402	Jueves	477
2622	15:00:00	16:50:00	A5-103	Martes	478
1769	07:00:00	08:50:00	A5-103	Viernes	479
1768	09:00:00	10:50:00	A2-503	Lunes	480
1768	09:00:00	09:50:00	A2-501	Martes	481
2491	09:00:00	10:50:00	A3-204	Jueves	482
2491	11:00:00	11:50:00	A2-404	Martes	483
2492	08:00:00	09:50:00	A5-103	Lunes	484
1873	11:00:00	12:50:00	A2-406	Lunes	485
1873	11:00:00	11:50:00	A4-204	Martes	486
1573	09:00:00	09:50:00	A2-502	Lunes	487
1573	14:00:00	15:50:00	A2-308	Viernes	488
1190	13:00:00	14:50:00	A2-308	Martes	489
1218	13:00:00	13:50:00	A2-206	Jueves	490
1218	15:00:00	16:50:00	A1-308	Miércoles	491
2065	13:00:00	14:50:00	A2-405	Martes	492
1514	07:00:00	08:50:00	A3-102	Jueves	493
1514	13:00:00	13:50:00	A2-503	Miércoles	494
2560	08:00:00	08:50:00	A1-106	Lunes	495
2560	14:00:00	15:50:00	A1-106	Viernes	496
1504	08:00:00	09:50:00	A2-304	Martes	497
1504	15:00:00	15:50:00	A2-207	Miércoles	498
2161	16:00:00	17:50:00	A1-108	Jueves	499
2161	17:00:00	17:50:00	A1-108	Martes	500
1751	14:00:00	15:50:00	A3-104	Miércoles	501
1419	10:00:00	11:50:00	A5-203	Jueves	502
1419	15:00:00	15:50:00	A2-505	Lunes	503
2298	11:00:00	12:50:00	A2-303	Lunes	504
2298	13:00:00	13:50:00	A2-303	Viernes	505
2666	11:00:00	11:50:00	A2-402	Miércoles	506
2666	12:00:00	13:50:00	A2-401	Lunes	507
2302	08:00:00	09:50:00	A1-305	Viernes	508
2302	13:00:00	13:50:00	A4-202	Miércoles	509
2306	11:00:00	12:50:00	A5-203	Viernes	510
2310	09:00:00	09:50:00	A1-106	Jueves	511
2310	13:00:00	14:50:00	A1-106	Martes	512
2549	14:00:00	14:50:00	A1-106	Jueves	513
2549	15:00:00	16:50:00	A1-106	Martes	514
1874	17:00:00	17:50:00	A1-306	Lunes	515
1874	17:00:00	18:50:00	A1-304	Miércoles	516
1749	13:00:00	13:50:00	A3-102	Jueves	517
1749	14:00:00	15:50:00	A2-403	Martes	518
1037	07:00:00	08:50:00	A2-306	Miércoles	519
1037	07:00:00	07:50:00	A2-401	Viernes	520
1875	08:00:00	09:50:00	A2-308	Viernes	521
1875	14:00:00	14:50:00	A1-106	Lunes	522
2561	15:00:00	16:50:00	A1-106	Jueves	523
2561	16:00:00	16:50:00	A1-106	Viernes	524
2070	11:00:00	11:50:00	A2-305	Miércoles	525
2070	13:00:00	14:50:00	A2-204	Viernes	526
2068	13:00:00	14:50:00	A1-108	Miércoles	527
1286	13:00:00	14:50:00	A4-102	Jueves	528
1286	16:00:00	16:50:00	A2-301	Martes	529
1695	07:00:00	08:50:00	A1-108	Lunes	530
1230	09:00:00	10:50:00	A2-402	Lunes	531
1230	09:00:00	09:50:00	A2-404	Jueves	532
2296	08:00:00	09:50:00	A1-304	Jueves	533
2296	09:00:00	09:50:00	A4-102	Martes	534
2311	08:00:00	12:50:00	\N	Lunes	535
2311	08:00:00	12:50:00	\N	Martes	536
2311	08:00:00	12:50:00	\N	Miércoles	537
2311	08:00:00	12:50:00	\N	Jueves	538
2311	08:00:00	12:50:00	\N	Viernes	539
2311	14:00:00	16:50:00	\N	Lunes	540
2311	14:00:00	16:50:00	\N	Martes	541
2311	14:00:00	16:50:00	\N	Miércoles	542
2311	14:00:00	16:50:00	\N	Jueves	543
2311	14:00:00	16:50:00	\N	Viernes	544
2053	08:00:00	09:50:00	A1-104	Jueves	545
2053	10:00:00	10:50:00	A1-104	Martes	546
1191	10:00:00	10:50:00	A1-108	Miércoles	547
1191	13:00:00	14:50:00	A1-108	Jueves	548
1672	09:00:00	10:50:00	A1-106	Viernes	549
1672	14:00:00	14:50:00	A1-106	Miércoles	550
1457	10:00:00	11:50:00	A1-106	Jueves	551
1457	11:00:00	11:50:00	A1-106	Viernes	552
1445	08:00:00	09:50:00	A1-106	Martes	553
1445	10:00:00	11:50:00	A1-106	Miércoles	554
1430	10:00:00	11:50:00	A1-106	Martes	555
1430	12:00:00	13:50:00	A1-106	Miércoles	556
2299	15:00:00	16:50:00	A1-106	Lunes	557
2299	15:00:00	16:50:00	A1-106	Miércoles	558
2327	12:00:00	12:50:00	A2-203	Lunes	559
2327	18:00:00	19:50:00	A4-201	Jueves	560
2338	17:00:00	17:50:00	A2-408	Lunes	561
2338	18:00:00	19:50:00	A2-406	Martes	562
1157	08:00:00	09:50:00	A2-302	Lunes	563
1157	09:00:00	09:50:00	A2-403	Martes	564
2055	16:00:00	17:50:00	A2-406	Martes	565
2055	17:00:00	17:50:00	A2-406	Miércoles	566
2056	14:00:00	14:50:00	A2-302	Miércoles	567
2056	15:00:00	16:50:00	A1-305	Lunes	568
2559	07:00:00	07:50:00	A2-203	Lunes	569
2559	11:00:00	12:50:00	A2-301	Miércoles	570
2318	18:00:00	19:50:00	A2-504	Lunes	571
2318	18:00:00	19:50:00	A2-403	Miércoles	572
2319	16:00:00	17:50:00	A1-405	Lunes	573
2319	18:00:00	19:50:00	A1-404	Viernes	574
2320	18:00:00	19:50:00	A4-204	Martes	575
2320	18:00:00	19:50:00	A2-404	Jueves	576
2279	09:00:00	09:50:00	A2-501	Viernes	577
2279	15:00:00	16:50:00	A2-501	Lunes	578
2283	08:00:00	08:50:00	A2-501	Viernes	579
2283	10:00:00	11:50:00	A2-306	Jueves	580
2290	11:00:00	12:50:00	A4-203	Viernes	581
2290	18:00:00	18:50:00	A2-402	Miércoles	582
2292	13:00:00	14:50:00	A2-305	Viernes	583
2292	16:00:00	16:50:00	A5-203	Martes	584
2293	13:00:00	14:50:00	A2-305	Viernes	585
2293	16:00:00	16:50:00	A5-203	Martes	586
2325	12:00:00	12:50:00	A2-301	Viernes	587
2325	17:00:00	18:50:00	A2-203	Lunes	588
2328	13:00:00	14:50:00	A2-205	Martes	589
2328	14:00:00	14:50:00	A2-205	Viernes	590
2339	17:00:00	18:50:00	A1-402	Martes	591
2339	18:00:00	18:50:00	A1-405	Jueves	592
1226	18:00:00	19:50:00	A4-204	Miércoles	593
1226	18:00:00	18:50:00	A2-506	Jueves	594
1643	08:00:00	12:50:00	\N	Lunes	595
1643	08:00:00	12:50:00	\N	Martes	596
1643	08:00:00	12:50:00	\N	Miércoles	597
1643	08:00:00	12:50:00	\N	Jueves	598
1643	08:00:00	12:50:00	\N	Viernes	599
1643	14:00:00	16:50:00	\N	Lunes	600
1643	14:00:00	16:50:00	\N	Martes	601
1643	14:00:00	16:50:00	\N	Miércoles	602
1643	14:00:00	16:50:00	\N	Jueves	603
1643	14:00:00	16:50:00	\N	Viernes	604
2330	10:00:00	11:50:00	A2-403	Martes	605
2330	11:00:00	11:50:00	A2-403	Lunes	606
2337	17:00:00	17:50:00	A2-404	Jueves	607
2337	18:00:00	19:50:00	A2-408	Lunes	608
2315	17:00:00	17:50:00	A4-101	Jueves	609
2315	18:00:00	19:50:00	A2-206	Martes	610
2316	17:00:00	17:50:00	A2-403	Miércoles	611
2316	18:00:00	19:50:00	A2-406	Viernes	612
1455	10:00:00	11:50:00	PS-305	Lunes	613
1455	14:00:00	14:50:00	A3-104	Martes	614
1089	08:00:00	09:50:00	PS-305	Miércoles	615
1467	11:00:00	12:50:00	MB-306	Jueves	616
1460	08:00:00	09:50:00	MB-205	Jueves	617
1460	10:00:00	10:50:00	PS-401	Miércoles	618
1468	08:00:00	09:50:00	MB-203	Miércoles	619
1468	10:00:00	10:50:00	MB-204	Lunes	620
1168	13:00:00	13:50:00	A2-404	Viernes	621
1168	15:00:00	16:50:00	A2-506	Martes	622
1145	09:00:00	09:50:00	MB-306	Jueves	623
1145	13:00:00	14:50:00	PS-305	Miércoles	624
1252	14:00:00	14:50:00	MB-306	Miércoles	625
1252	14:00:00	15:50:00	MB-204	Jueves	626
1216	08:00:00	08:50:00	A4-203	Viernes	627
1216	15:00:00	16:50:00	MB-306	Miércoles	628
1223	10:00:00	11:50:00	MB-301	Miércoles	629
1235	11:00:00	12:50:00	MB-402	Lunes	630
1235	11:00:00	11:50:00	MB-204	Jueves	631
1658	08:00:00	09:50:00	MB-204	Miércoles	632
1658	08:00:00	08:50:00	MB-204	Jueves	633
1346	10:00:00	11:50:00	MB-302	Miércoles	634
1346	11:00:00	11:50:00	MB-204	Lunes	635
2193	07:00:00	08:50:00	A3-203	Martes	636
1474	09:00:00	10:50:00	MB-204	Jueves	637
1474	10:00:00	10:50:00	MB-402	Lunes	638
1475	13:00:00	13:50:00	PS-305	Lunes	639
1475	14:00:00	15:50:00	PS-305	Jueves	640
1260	08:00:00	09:50:00	MB-302	Lunes	641
2196	11:00:00	11:50:00	MB-203	Jueves	642
2196	14:00:00	15:50:00	MB-402	Miércoles	643
1489	08:00:00	09:50:00	MB-402	Lunes	644
2194	09:00:00	09:50:00	MB-203	Jueves	645
2194	10:00:00	11:50:00	MB-203	Miércoles	646
2197	11:00:00	12:50:00	MB-202	Lunes	647
1219	13:00:00	13:50:00	PS-301	Jueves	648
1219	14:00:00	15:50:00	MB-203	Lunes	649
1355	08:00:00	09:50:00	PS-301	Miércoles	650
1355	10:00:00	10:50:00	MB-402	Jueves	651
2206	08:00:00	09:50:00	MB-202	Jueves	652
2206	13:00:00	13:50:00	MB-402	Miércoles	653
2208	08:00:00	09:50:00	MB-206	Miércoles	654
2207	08:00:00	09:50:00	MB-301	Lunes	655
2210	10:00:00	11:50:00	MB-202	Jueves	656
2203	10:00:00	11:50:00	PS-305	Miércoles	657
2202	12:00:00	12:50:00	MB-202	Jueves	658
2202	15:00:00	16:50:00	MB-202	Miércoles	659
2212	08:00:00	09:50:00	MB-202	Miércoles	660
2212	13:00:00	13:50:00	MB-301	Lunes	661
2211	15:00:00	16:50:00	MB-204	Miércoles	662
1732	09:00:00	10:50:00	A2-205	Viernes	663
1732	13:00:00	13:50:00	A2-404	Martes	664
2214	14:00:00	15:50:00	PS-301	Lunes	665
2214	14:00:00	14:50:00	MB-206	Miércoles	666
2215	10:00:00	11:50:00	MB-303	Miércoles	667
1912	08:00:00	09:50:00	MB-206	Lunes	668
1886	12:00:00	12:50:00	A1-308	Viernes	669
1886	17:00:00	18:50:00	A1-308	Martes	670
2032	09:00:00	09:50:00	A2-204	Martes	671
2032	09:00:00	10:50:00	A2-204	Viernes	672
1150	07:00:00	07:50:00	A2-304	Martes	673
1150	07:00:00	08:50:00	A2-205	Viernes	674
2692	12:00:00	13:50:00	MB-301	Miércoles	675
2692	13:00:00	13:50:00	MB-202	Jueves	676
2201	10:00:00	11:50:00	MB-203	Lunes	677
2213	11:00:00	11:50:00	MB-303	Lunes	678
2213	11:00:00	12:50:00	MB-303	Jueves	679
2220	02:00:00	03:50:00	MB-402	Miércoles	680
2220	02:00:00	02:50:00	MB-203	Jueves	681
1391	01:00:00	02:50:00	\N	Jueves	682
1391	02:00:00	02:50:00	\N	Lunes	683
1914	02:00:00	02:50:00	\N	Lunes	684
1914	02:00:00	03:50:00	\N	Miércoles	685
1070	15:00:00	16:50:00	PS-305	Lunes	686
1464	08:00:00	09:50:00	MB-204	Lunes	687
1165	10:00:00	11:50:00	A1-407	Martes	688
1165	14:00:00	14:50:00	PS-305	Lunes	689
1446	08:00:00	08:50:00	A2-504	Miércoles	690
1446	10:00:00	11:50:00	A2-501	Lunes	691
1299	07:00:00	08:50:00	MB-202	Lunes	692
1300	07:00:00	08:50:00	PS-304	Miércoles	693
1421	11:00:00	12:50:00	PS-304	Miércoles	694
1422	11:00:00	12:50:00	PS-304	Lunes	695
1487	08:00:00	09:50:00	MB-202	Martes	696
1488	08:00:00	09:50:00	PS-304	Lunes	697
2255	17:00:00	18:50:00	PS-304	Miércoles	698
2256	17:00:00	18:50:00	PS-304	Lunes	699
2256	17:00:00	18:50:00	PS-304	Martes	700
2678	07:00:00	08:50:00	A2-405	Miércoles	701
2239	07:00:00	07:50:00	A1-304	Miércoles	702
2239	15:00:00	16:50:00	A2-403	Lunes	703
1850	09:00:00	10:50:00	A1-308	Martes	704
1850	09:00:00	09:50:00	A1-308	Viernes	705
2223	09:00:00	09:50:00	A2-306	Lunes	706
2223	09:00:00	10:50:00	A4-203	Viernes	707
2209	15:00:00	16:50:00	A2-302	Martes	708
2209	15:00:00	15:50:00	A2-303	Viernes	709
1857	07:00:00	08:50:00	A4-101	Lunes	710
1857	07:00:00	07:50:00	A2-207	Jueves	711
2224	07:00:00	08:50:00	A2-306	Lunes	712
2224	07:00:00	07:50:00	A2-407	Viernes	713
2232	14:00:00	15:50:00	A4-201	Lunes	714
2232	14:00:00	14:50:00	A4-203	Miércoles	715
2262	15:00:00	16:50:00	A4-203	Miércoles	716
2262	15:00:00	15:50:00	A4-203	Jueves	717
2285	09:00:00	10:50:00	A4-101	Lunes	718
2285	09:00:00	09:50:00	A2-307	Viernes	719
1067	11:00:00	12:50:00	A2-406	Martes	720
1067	12:00:00	12:50:00	A1-304	Miércoles	721
1083	07:00:00	07:50:00	A1-306	Jueves	722
1083	10:00:00	11:50:00	A2-305	Martes	723
1102	09:00:00	10:50:00	A1-308	Lunes	724
1102	09:00:00	09:50:00	A2-407	Jueves	725
1869	08:00:00	09:50:00	A1-306	Jueves	726
1869	11:00:00	11:50:00	A4-103	Lunes	727
2237	17:00:00	18:50:00	A2-305	Jueves	728
2237	18:00:00	18:50:00	A2-304	Martes	729
2691	12:00:00	12:50:00	A2-304	Martes	730
2691	15:00:00	16:50:00	A2-305	Jueves	731
1047	07:00:00	08:50:00	A4-203	Martes	732
1047	09:00:00	09:50:00	A5-203	Lunes	733
1393	10:00:00	11:50:00	A2-303	Martes	734
1393	11:00:00	11:50:00	A2-307	Jueves	735
1413	07:00:00	07:50:00	A1-307	Lunes	736
1413	07:00:00	08:50:00	A5-203	Martes	737
2247	10:00:00	10:50:00	A2-502	Viernes	738
2247	11:00:00	12:50:00	A2-205	Lunes	739
2693	10:00:00	11:50:00	MB-301	Lunes	740
2693	10:00:00	10:50:00	MB-301	Martes	741
2248	11:00:00	11:50:00	A5-203	Miércoles	742
2248	16:00:00	17:50:00	A4-204	Viernes	743
2679	11:00:00	12:50:00	A2-304	Jueves	744
2679	11:00:00	11:50:00	A2-204	Viernes	745
2680	09:00:00	09:50:00	A3-103	Jueves	746
2680	13:00:00	14:50:00	A4-103	Martes	747
1903	11:00:00	12:50:00	A2-306	Miércoles	748
1903	16:00:00	16:50:00	A2-207	Martes	749
2061	17:00:00	18:50:00	A4-101	Martes	750
2061	17:00:00	17:50:00	A2-401	Jueves	751
2303	17:00:00	18:50:00	MB-204	Miércoles	752
2303	18:00:00	18:50:00	MB-203	Lunes	753
2706	07:00:00	08:50:00	A4-201	Miércoles	754
2733	08:00:00	12:50:00	\N	Miércoles	1296
2706	15:00:00	15:50:00	A2-301	Jueves	755
1170	15:00:00	16:50:00	A2-308	Martes	756
2510	16:00:00	17:50:00	A4-204	Martes	757
2511	17:00:00	18:50:00	A1-306	Martes	758
2263	08:00:00	12:50:00	\N	Lunes	759
2263	08:00:00	12:50:00	\N	Martes	760
2263	08:00:00	12:50:00	\N	Miércoles	761
2263	08:00:00	12:50:00	\N	Jueves	762
2263	08:00:00	12:50:00	\N	Viernes	763
2263	14:00:00	16:50:00	\N	Lunes	764
2263	14:00:00	16:50:00	\N	Martes	765
2263	14:00:00	16:50:00	\N	Miércoles	766
2263	14:00:00	16:50:00	\N	Jueves	767
2263	14:00:00	16:50:00	\N	Viernes	768
1900	14:00:00	14:50:00	A4-103	Lunes	769
1900	15:00:00	16:50:00	A4-103	Miércoles	770
2275	13:00:00	14:50:00	A1-405	Martes	771
2275	13:00:00	14:50:00	A1-402	Jueves	772
2268	09:00:00	10:50:00	A1-402	Lunes	773
2268	09:00:00	10:50:00	A1-404	Miércoles	774
2274	14:00:00	15:50:00	A1-405	Lunes	775
2274	14:00:00	15:50:00	A1-402	Viernes	776
1336	15:00:00	16:50:00	A1-402	Lunes	777
1336	15:00:00	15:50:00	A2-203	Viernes	778
1476	08:00:00	09:50:00	A1-402	Miércoles	779
1476	15:00:00	15:50:00	A2-505	Jueves	780
1650	08:00:00	08:50:00	A2-406	Viernes	781
1650	13:00:00	14:50:00	A1-405	Jueves	782
1943	07:00:00	07:50:00	A2-503	Martes	783
1943	09:00:00	10:50:00	A1-405	Lunes	784
2005	11:00:00	11:50:00	A2-507	Martes	785
2005	13:00:00	14:50:00	A1-404	Viernes	786
2713	12:00:00	12:50:00	A3-104	Martes	787
2713	17:00:00	18:50:00	A1-403	Miércoles	788
1249	07:00:00	07:50:00	A2-502	Viernes	789
1249	09:00:00	10:50:00	A1-405	Jueves	790
1500	09:00:00	09:50:00	A2-406	Viernes	791
1500	16:00:00	17:50:00	A1-407	Martes	792
1642	07:00:00	07:50:00	A2-403	Miércoles	793
1642	15:00:00	16:50:00	A1-404	Viernes	794
2704	13:00:00	13:50:00	A4-204	Miércoles	795
2704	15:00:00	16:50:00	A1-403	Martes	796
1834	07:00:00	08:50:00	A4-204	Lunes	797
1834	07:00:00	07:50:00	A1-305	Martes	798
1269	13:00:00	13:50:00	A2-503	Jueves	799
1271	10:00:00	11:50:00	A1-404	Martes	800
1691	07:00:00	07:50:00	A3-202	Martes	801
1693	08:00:00	09:50:00	A1-407	Miércoles	802
1890	13:00:00	13:50:00	A4-203	Lunes	803
1892	13:00:00	14:50:00	A1-403	Martes	804
1899	11:00:00	11:50:00	A2-206	Jueves	805
1899	14:00:00	15:50:00	A1-405	Miércoles	806
2705	11:00:00	11:50:00	A3-104	Martes	807
2705	11:00:00	12:50:00	A1-405	Miércoles	808
1318	17:00:00	18:50:00	A1-403	Martes	809
1318	17:00:00	17:50:00	A2-402	Jueves	810
2113	17:00:00	18:50:00	A2-506	Miércoles	811
2113	18:00:00	18:50:00	A2-503	Martes	812
2346	17:00:00	17:50:00	A2-507	Martes	813
2346	18:00:00	19:50:00	A2-304	Jueves	814
1122	15:00:00	15:50:00	A4-204	Lunes	815
1122	17:00:00	18:50:00	A3-103	Martes	816
1451	15:00:00	16:50:00	A1-305	Martes	817
1451	17:00:00	17:50:00	A2-506	Jueves	818
2509	09:00:00	09:50:00	A4-103	Lunes	819
2509	09:00:00	10:50:00	A2-307	Jueves	820
2322	18:00:00	19:50:00	A2-506	Lunes	821
2322	19:00:00	19:50:00	A2-402	Martes	822
2332	10:00:00	10:50:00	A4-202	Viernes	823
2332	13:00:00	14:50:00	A4-204	Lunes	824
2297	07:00:00	07:50:00	A4-204	Miércoles	825
2297	15:00:00	16:50:00	A4-202	Viernes	826
2309	07:00:00	07:50:00	A4-203	Viernes	827
2309	16:00:00	17:50:00	A4-204	Miércoles	828
1288	13:00:00	13:50:00	A2-407	Martes	829
1288	16:00:00	17:50:00	A2-503	Miércoles	830
1887	17:00:00	18:50:00	A2-308	Viernes	831
1887	19:00:00	19:50:00	A1-304	Lunes	832
1331	18:00:00	19:50:00	A2-306	Viernes	833
1331	19:00:00	19:50:00	A1-306	Martes	834
1337	18:00:00	19:50:00	A2-207	Miércoles	835
1337	19:00:00	19:50:00	A2-207	Lunes	836
2071	07:00:00	07:50:00	A4-102	Lunes	837
2071	15:00:00	16:50:00	A2-504	Jueves	838
2342	07:00:00	07:50:00	A2-407	Martes	839
2342	08:00:00	09:50:00	A2-408	Miércoles	840
1490	18:00:00	19:50:00	A2-501	Lunes	841
1490	19:00:00	19:50:00	A1-307	Miércoles	842
2083	18:00:00	19:50:00	A3-104	Martes	843
2083	19:00:00	19:50:00	A1-304	Jueves	844
1891	13:00:00	13:50:00	A4-203	Lunes	845
1893	13:00:00	14:50:00	A1-403	Martes	846
2323	18:00:00	19:50:00	A2-506	Lunes	847
2323	19:00:00	19:50:00	A2-402	Martes	848
2333	10:00:00	10:50:00	A4-202	Viernes	849
2333	13:00:00	14:50:00	A4-204	Lunes	850
2164	07:00:00	08:50:00	MB-205	Miércoles	851
1507	14:00:00	15:50:00	A2-302	Viernes	852
1508	08:00:00	09:50:00	A4-102	Jueves	853
2162	11:00:00	12:50:00	A1-307	Martes	854
2163	13:00:00	14:50:00	MB-202	Miércoles	855
2583	13:00:00	14:50:00	A4-101	Viernes	856
2584	15:00:00	16:50:00	A2-505	Viernes	857
2521	08:00:00	09:50:00	A2-408	Martes	858
2359	13:00:00	14:50:00	A2-207	Miércoles	859
1518	13:00:00	14:50:00	A2-407	Miércoles	860
1515	11:00:00	12:50:00	A2-302	Jueves	861
1929	15:00:00	16:50:00	A2-406	Lunes	862
1930	10:00:00	11:50:00	A2-403	Miércoles	863
2383	15:00:00	16:50:00	A2-303	Lunes	864
2381	10:00:00	11:50:00	A4-203	Jueves	865
2182	14:00:00	15:50:00	\N	Miércoles	866
2182	14:00:00	15:50:00	\N	Viernes	867
1354	14:00:00	14:50:00	A2-307	Lunes	868
1354	15:00:00	16:50:00	A3-203	Jueves	869
1395	09:00:00	10:50:00	A2-505	Martes	870
1395	09:00:00	09:50:00	A2-403	Jueves	871
1396	08:00:00	08:50:00	A2-308	Martes	872
1396	08:00:00	09:50:00	A2-502	Miércoles	873
1398	07:00:00	07:50:00	A2-406	Miércoles	874
1398	07:00:00	08:50:00	A4-201	Viernes	875
1401	15:00:00	16:50:00	A2-405	Miércoles	876
1401	15:00:00	15:50:00	A2-207	Jueves	877
1409	10:00:00	10:50:00	A1-307	Lunes	878
1409	10:00:00	11:50:00	A2-203	Jueves	879
1415	07:00:00	07:50:00	A2-507	Lunes	880
1415	07:00:00	08:50:00	A2-306	Martes	881
1420	09:00:00	10:50:00	A4-201	Martes	882
1420	09:00:00	09:50:00	A1-307	Viernes	883
1423	09:00:00	09:50:00	A2-308	Lunes	884
1423	09:00:00	10:50:00	A2-301	Miércoles	885
1424	07:00:00	07:50:00	A2-408	Martes	886
1424	07:00:00	08:50:00	A2-505	Viernes	887
1434	09:00:00	09:50:00	A4-202	Lunes	888
1434	09:00:00	10:50:00	A4-202	Miércoles	889
1785	09:00:00	10:50:00	A2-507	Martes	890
1785	09:00:00	09:50:00	A2-507	Jueves	891
1788	14:00:00	14:50:00	A2-206	Lunes	892
1788	14:00:00	15:50:00	A2-206	Jueves	893
1790	07:00:00	07:50:00	A2-308	Martes	894
1790	07:00:00	08:50:00	A2-304	Miércoles	895
1794	14:00:00	14:50:00	A3-202	Jueves	896
1794	14:00:00	15:50:00	A3-202	Viernes	897
1357	13:00:00	13:50:00	A2-403	Martes	898
1357	13:00:00	14:50:00	A2-405	Viernes	899
1798	09:00:00	10:50:00	A2-302	Martes	900
1798	09:00:00	09:50:00	A4-101	Jueves	901
1799	09:00:00	10:50:00	A2-306	Miércoles	902
1799	09:00:00	09:50:00	A2-301	Viernes	903
1837	07:00:00	07:50:00	A2-401	Miércoles	904
1837	07:00:00	08:50:00	A4-201	Jueves	905
1360	14:00:00	14:50:00	A2-303	Lunes	906
1360	14:00:00	15:50:00	A4-202	Jueves	907
1364	08:00:00	08:50:00	A1-308	Martes	908
1364	11:00:00	12:50:00	A2-308	Miércoles	909
1367	07:00:00	08:50:00	A2-207	Miércoles	910
1367	09:00:00	09:50:00	A2-306	Martes	911
1369	09:00:00	09:50:00	A2-506	Jueves	912
1369	13:00:00	14:50:00	A2-405	Miércoles	913
1370	07:00:00	07:50:00	A2-503	Miércoles	914
1370	10:00:00	11:50:00	A2-502	Lunes	915
1372	14:00:00	15:50:00	A2-305	Martes	916
1372	14:00:00	14:50:00	A5-203	Jueves	917
1392	13:00:00	14:50:00	A2-305	Miércoles	918
1392	13:00:00	13:50:00	A2-308	Viernes	919
1017	07:00:00	08:50:00	A2-301	Martes	920
1017	08:00:00	08:50:00	A2-305	Jueves	921
1309	12:00:00	13:50:00	A4-203	Miércoles	922
1309	13:00:00	13:50:00	A4-102	Viernes	923
1456	17:00:00	18:50:00	A2-301	Martes	924
1456	18:00:00	18:50:00	A2-408	Jueves	925
1469	09:00:00	10:50:00	A2-305	Miércoles	926
1469	09:00:00	09:50:00	A2-306	Jueves	927
1478	07:00:00	07:50:00	A2-305	Jueves	928
1478	09:00:00	10:50:00	A2-204	Lunes	929
1804	17:00:00	18:50:00	A2-506	Martes	930
1804	17:00:00	17:50:00	A2-401	Miércoles	931
1807	10:00:00	11:50:00	A1-305	Jueves	932
1807	11:00:00	11:50:00	A4-201	Miércoles	933
1938	16:00:00	17:50:00	A2-403	Jueves	934
1938	18:00:00	18:50:00	A2-401	Miércoles	935
1050	07:00:00	08:50:00	A1-307	Jueves	936
1050	12:00:00	12:50:00	A2-505	Martes	937
1077	07:00:00	08:50:00	A2-304	Lunes	938
1077	13:00:00	13:50:00	A2-302	Miércoles	939
1113	17:00:00	18:50:00	A2-205	Lunes	940
1113	17:00:00	17:50:00	A1-307	Viernes	941
1160	11:00:00	12:50:00	A3-204	Viernes	942
1160	12:00:00	12:50:00	A2-403	Martes	943
1186	13:00:00	14:50:00	A2-406	Miércoles	944
1186	16:00:00	16:50:00	A2-306	Viernes	945
1196	11:00:00	11:50:00	A1-306	Lunes	946
1196	11:00:00	12:50:00	A2-205	Miércoles	947
1245	07:00:00	08:50:00	A2-205	Miércoles	948
1245	09:00:00	09:50:00	A2-301	Martes	949
1290	10:00:00	11:50:00	A3-203	Jueves	950
1290	12:00:00	12:50:00	A2-504	Lunes	951
1285	07:00:00	08:50:00	A1-306	Miércoles	952
2343	07:00:00	08:50:00	A1-304	Lunes	953
2357	07:00:00	08:50:00	A2-306	Viernes	954
1388	08:00:00	09:50:00	A1-307	Lunes	955
1412	09:00:00	10:50:00	A4-102	Viernes	956
1701	13:00:00	14:50:00	A2-507	Miércoles	957
1787	08:00:00	09:50:00	A2-308	Jueves	958
2066	07:00:00	08:50:00	A2-501	Martes	959
2079	10:00:00	11:50:00	A2-307	Viernes	960
2101	14:00:00	15:50:00	A2-502	Miércoles	961
1066	14:00:00	15:50:00	A2-402	Miércoles	962
2093	15:00:00	16:50:00	A2-407	Jueves	963
2094	17:00:00	18:50:00	A2-302	Martes	964
2095	17:00:00	18:50:00	A1-307	Miércoles	965
2099	17:00:00	18:50:00	A2-407	Jueves	966
1072	14:00:00	15:50:00	A2-406	Martes	967
1078	07:00:00	08:50:00	A2-302	Martes	968
1084	16:00:00	17:50:00	A4-201	Jueves	969
1925	14:00:00	15:50:00	A4-201	Jueves	970
2088	16:00:00	17:50:00	A2-402	Miércoles	971
2090	17:00:00	18:50:00	A2-402	Lunes	972
2091	16:00:00	17:50:00	A2-407	Martes	973
1747	09:00:00	10:50:00	A4-204	Miércoles	974
1909	11:00:00	12:50:00	A4-204	Viernes	975
1911	09:00:00	10:50:00	A2-402	Miércoles	976
2222	13:00:00	14:50:00	A2-507	Lunes	977
2230	09:00:00	10:50:00	A4-204	Jueves	978
1363	15:00:00	16:50:00	A2-407	Viernes	979
1365	17:00:00	18:50:00	A2-407	Viernes	980
1371	13:00:00	14:50:00	A2-407	Viernes	981
1374	07:00:00	08:50:00	A4-101	Miércoles	982
1375	15:00:00	16:50:00	A2-307	Viernes	983
1447	08:00:00	09:50:00	A2-401	Miércoles	984
1482	09:00:00	10:50:00	A2-302	Sábado	985
1485	11:00:00	12:50:00	A2-302	Sábado	986
1509	16:00:00	17:50:00	A2-308	Miércoles	987
2571	18:00:00	19:50:00	A2-308	Jueves	988
2522	18:00:00	19:50:00	A2-307	Viernes	989
2052	14:00:00	15:50:00	A2-402	Viernes	990
2069	11:00:00	12:50:00	A2-506	Lunes	991
1700	11:00:00	12:50:00	A2-507	Miércoles	992
1931	09:00:00	10:50:00	A2-303	Miércoles	993
1315	09:00:00	10:50:00	A4-203	Lunes	994
1241	09:00:00	10:50:00	\N	Miércoles	995
1243	17:00:00	18:50:00	A2-307	Martes	996
1244	07:00:00	08:50:00	\N	Miércoles	997
2676	07:00:00	08:50:00	A3-204	Martes	998
2676	07:00:00	08:50:00	A2-206	Jueves	999
1155	16:00:00	16:50:00	A2-204	Lunes	1000
1155	16:00:00	16:50:00	A2-204	Martes	1001
1155	16:00:00	16:50:00	A2-204	Jueves	1002
1155	16:00:00	16:50:00	A2-204	Viernes	1003
1561	16:00:00	16:50:00	A2-404	Lunes	1004
1561	16:00:00	16:50:00	A1-307	Miércoles	1005
1561	16:00:00	16:50:00	A2-404	Jueves	1006
1561	16:00:00	16:50:00	A2-404	Viernes	1007
2585	18:00:00	19:50:00	A3-204	Martes	1008
2585	18:00:00	19:50:00	A2-405	Jueves	1009
2578	07:00:00	08:50:00	\N	Martes	1010
2578	07:00:00	08:50:00	A3-204	Viernes	1011
1851	07:00:00	07:50:00	A2-204	Lunes	1012
1851	07:00:00	07:50:00	A2-204	Martes	1013
1851	07:00:00	07:50:00	A2-204	Miércoles	1014
1851	07:00:00	07:50:00	A2-204	Viernes	1015
1865	08:00:00	08:50:00	A2-204	Lunes	1016
1865	08:00:00	08:50:00	A2-204	Martes	1017
1865	08:00:00	08:50:00	A2-404	Jueves	1018
1865	08:00:00	08:50:00	A2-204	Viernes	1019
1868	14:00:00	14:50:00	A3-202	Lunes	1020
1868	14:00:00	14:50:00	A2-204	Martes	1021
1868	14:00:00	14:50:00	A2-204	Miércoles	1022
1868	14:00:00	14:50:00	A2-404	Viernes	1023
2240	15:00:00	15:50:00	A2-404	Lunes	1024
2240	15:00:00	15:50:00	A2-204	Martes	1025
2240	15:00:00	15:50:00	A2-204	Miércoles	1026
2240	15:00:00	15:50:00	A2-404	Viernes	1027
1338	11:00:00	11:50:00	A2-306	Lunes	1028
1338	11:00:00	11:50:00	A3-203	Martes	1029
1338	11:00:00	11:50:00	A1-308	Miércoles	1030
1338	11:00:00	11:50:00	A2-406	Jueves	1031
1937	07:00:00	07:50:00	A3-104	Lunes	1032
1937	07:00:00	07:50:00	A3-104	Martes	1033
1937	07:00:00	07:50:00	A3-104	Jueves	1034
1937	07:00:00	07:50:00	A3-103	Viernes	1035
2131	14:00:00	14:50:00	A1-307	Lunes	1036
2131	14:00:00	14:50:00	A3-103	Martes	1037
2131	14:00:00	14:50:00	A1-305	Jueves	1038
2131	14:00:00	14:50:00	A2-301	Viernes	1039
2138	09:00:00	09:50:00	A3-203	Lunes	1040
2138	09:00:00	09:50:00	A3-203	Miércoles	1041
2138	09:00:00	09:50:00	A2-401	Jueves	1042
2138	09:00:00	09:50:00	A3-203	Viernes	1043
2195	13:00:00	13:50:00	A3-103	Lunes	1044
2195	13:00:00	13:50:00	A3-103	Miércoles	1045
2195	13:00:00	13:50:00	A3-103	Jueves	1046
2195	13:00:00	13:50:00	A3-204	Viernes	1047
1712	08:00:00	08:50:00	A3-104	Lunes	1048
1712	08:00:00	08:50:00	A3-104	Martes	1049
1712	08:00:00	08:50:00	A3-104	Jueves	1050
1712	08:00:00	08:50:00	A3-103	Viernes	1051
2586	08:00:00	09:50:00	\N	Martes	1052
2586	08:00:00	09:50:00	A3-202	Jueves	1053
2580	09:00:00	10:50:00	\N	Martes	1054
2580	09:00:00	10:50:00	A2-405	Viernes	1055
1795	13:00:00	13:50:00	A3-204	Lunes	1056
1795	13:00:00	13:50:00	A3-104	Martes	1057
1795	13:00:00	13:50:00	A3-104	Miércoles	1058
1795	13:00:00	13:50:00	A3-104	Viernes	1059
2552	10:00:00	10:50:00	A2-205	Lunes	1060
2552	10:00:00	10:50:00	A2-204	Martes	1061
2552	10:00:00	10:50:00	A2-204	Miércoles	1062
2552	10:00:00	10:50:00	A2-404	Jueves	1063
1166	14:00:00	15:50:00	A3-203	Martes	1064
1166	14:00:00	15:50:00	\N	Viernes	1065
1210	17:00:00	18:50:00	A3-202	Martes	1066
1210	17:00:00	18:50:00	\N	Jueves	1067
1211	16:00:00	17:50:00	A3-203	Martes	1068
1211	16:00:00	17:50:00	\N	Jueves	1069
1213	09:00:00	10:50:00	A3-104	Lunes	1070
1213	09:00:00	10:50:00	A3-104	Miércoles	1071
1217	08:00:00	09:50:00	A3-103	Martes	1072
1217	08:00:00	09:50:00	\N	Jueves	1073
1224	09:00:00	10:50:00	A3-104	Martes	1074
1224	09:00:00	10:50:00	A2-205	Jueves	1075
1225	11:00:00	12:50:00	A3-104	Lunes	1076
1225	11:00:00	12:50:00	\N	Miércoles	1077
1228	13:00:00	14:50:00	A3-203	Lunes	1078
1228	13:00:00	14:50:00	\N	Jueves	1079
1231	09:00:00	10:50:00	A3-204	Lunes	1080
1231	09:00:00	10:50:00	\N	Miércoles	1081
1232	09:00:00	10:50:00	A2-407	Lunes	1082
1232	09:00:00	10:50:00	\N	Martes	1083
2187	15:00:00	16:50:00	A1-307	Lunes	1084
2187	15:00:00	16:50:00	\N	Martes	1085
2188	08:00:00	09:50:00	\N	Martes	1086
2188	08:00:00	09:50:00	A3-203	Jueves	1087
2190	09:00:00	10:50:00	A2-506	Lunes	1088
2190	09:00:00	10:50:00	A1-307	Miércoles	1089
1167	17:00:00	18:50:00	A2-307	Miércoles	1090
1167	17:00:00	18:50:00	\N	Viernes	1091
1169	11:00:00	12:50:00	A1-307	Lunes	1092
1169	11:00:00	12:50:00	A2-408	Miércoles	1093
1172	17:00:00	18:50:00	A2-307	Lunes	1094
1172	17:00:00	18:50:00	\N	Viernes	1095
1173	11:00:00	12:50:00	\N	Martes	1096
1173	11:00:00	12:50:00	A3-104	Jueves	1097
1183	07:00:00	08:50:00	A3-203	Lunes	1098
1183	07:00:00	08:50:00	A3-203	Miércoles	1099
1184	07:00:00	08:50:00	A3-104	Miércoles	1100
1184	07:00:00	08:50:00	\N	Viernes	1101
1189	17:00:00	18:50:00	A3-103	Lunes	1102
1189	17:00:00	18:50:00	A3-103	Miércoles	1103
1195	07:00:00	08:50:00	A2-407	Lunes	1104
1195	07:00:00	08:50:00	\N	Jueves	1105
2579	15:00:00	16:50:00	A3-103	Lunes	1106
2579	15:00:00	16:50:00	A3-103	Miércoles	1107
1087	16:00:00	17:50:00	A4-203	Lunes	1108
1087	16:00:00	17:50:00	A1-307	Martes	1109
1128	16:00:00	17:50:00	A2-408	Jueves	1110
1128	16:00:00	17:50:00	A2-402	Viernes	1111
1129	08:00:00	09:50:00	A2-205	Lunes	1112
1129	08:00:00	09:50:00	A3-103	Miércoles	1113
1135	11:00:00	12:50:00	A3-204	Miércoles	1114
1135	11:00:00	12:50:00	A3-103	Viernes	1115
1139	07:00:00	08:50:00	\N	Miércoles	1116
1139	07:00:00	08:50:00	A3-202	Viernes	1117
1143	10:00:00	11:50:00	A1-304	Martes	1118
1143	10:00:00	11:50:00	A2-404	Viernes	1119
1146	09:00:00	10:50:00	\N	Lunes	1120
1146	09:00:00	10:50:00	A3-104	Viernes	1121
1626	09:00:00	10:50:00	A2-207	Miércoles	1122
1626	09:00:00	10:50:00	\N	Jueves	1123
1649	13:00:00	14:50:00	\N	Lunes	1124
1649	13:00:00	14:50:00	A3-203	Miércoles	1125
1671	07:00:00	08:50:00	A2-406	Martes	1126
1671	07:00:00	08:50:00	\N	Jueves	1127
1689	17:00:00	18:50:00	A2-407	Lunes	1128
1689	17:00:00	18:50:00	\N	Miércoles	1129
2151	11:00:00	12:50:00	A2-402	Lunes	1130
2151	11:00:00	12:50:00	A2-402	Viernes	1131
2152	11:00:00	12:50:00	A2-307	Martes	1132
2152	11:00:00	12:50:00	\N	Jueves	1133
2154	12:00:00	13:50:00	\N	Miércoles	1134
2154	12:00:00	13:50:00	A2-506	Viernes	1135
1091	10:00:00	11:50:00	\N	Martes	1136
1091	10:00:00	11:50:00	A3-103	Jueves	1137
1092	15:00:00	16:50:00	A3-202	Miércoles	1138
1092	15:00:00	16:50:00	\N	Viernes	1139
1107	12:00:00	13:50:00	\N	Lunes	1140
1107	12:00:00	13:50:00	A3-202	Jueves	1141
1110	16:00:00	17:50:00	\N	Lunes	1142
1110	16:00:00	17:50:00	A3-104	Miércoles	1143
1115	10:00:00	11:50:00	A3-202	Lunes	1144
1115	10:00:00	11:50:00	A3-202	Miércoles	1145
1117	11:00:00	12:50:00	A2-204	Lunes	1146
1117	11:00:00	12:50:00	\N	Jueves	1147
1120	07:00:00	08:50:00	\N	Lunes	1148
1120	07:00:00	08:50:00	A2-203	Miércoles	1149
2553	08:00:00	09:50:00	A3-202	Martes	1150
2553	08:00:00	09:50:00	A2-507	Viernes	1151
1362	10:00:00	11:50:00	A3-103	Lunes	1152
1362	10:00:00	11:50:00	A3-202	Jueves	1153
1796	16:00:00	17:50:00	A3-204	Lunes	1154
1796	16:00:00	17:50:00	A3-204	Jueves	1155
2057	14:00:00	15:50:00	A2-204	Jueves	1156
2057	14:00:00	15:50:00	A3-102	Viernes	1157
2087	15:00:00	16:50:00	A3-103	Martes	1158
2087	15:00:00	16:50:00	\N	Jueves	1159
2144	07:00:00	08:50:00	A2-301	Lunes	1160
2144	07:00:00	08:50:00	A2-205	Jueves	1161
2515	07:00:00	08:50:00	A3-204	Lunes	1162
2515	07:00:00	08:50:00	\N	Miércoles	1163
2516	16:00:00	17:50:00	A2-204	Miércoles	1164
2516	16:00:00	17:50:00	A2-302	Viernes	1165
2587	13:00:00	14:50:00	A3-202	Martes	1166
2587	13:00:00	14:50:00	\N	Viernes	1167
1696	12:00:00	13:50:00	A3-102	Martes	1168
1696	12:00:00	13:50:00	\N	Jueves	1169
1703	17:00:00	18:50:00	A3-202	Lunes	1170
1703	17:00:00	18:50:00	A3-202	Miércoles	1171
1710	09:00:00	10:50:00	\N	Lunes	1172
1710	09:00:00	10:50:00	A3-204	Miércoles	1173
1727	16:00:00	17:50:00	A2-502	Martes	1174
1727	16:00:00	17:50:00	A3-203	Miércoles	1175
1731	09:00:00	10:50:00	A3-204	Martes	1176
1731	09:00:00	10:50:00	\N	Jueves	1177
1740	14:00:00	15:50:00	A2-204	Lunes	1178
1740	14:00:00	15:50:00	\N	Viernes	1179
1748	13:00:00	14:50:00	A3-204	Miércoles	1180
1748	13:00:00	14:50:00	\N	Viernes	1181
2554	07:00:00	08:50:00	A2-307	Miércoles	1182
2554	07:00:00	08:50:00	A3-203	Viernes	1183
2551	15:00:00	16:50:00	A2-307	Lunes	1184
2551	15:00:00	16:50:00	A3-104	Jueves	1185
1480	10:00:00	11:50:00	A4-102	Martes	1186
2700	15:00:00	16:50:00	LBIAMB	Miércoles	1187
2150	17:00:00	18:50:00	A4-102	Miércoles	1188
2150	18:00:00	18:50:00	A2-408	Viernes	1189
1932	07:00:00	08:50:00	A2-303	Martes	1190
1932	09:00:00	10:50:00	A1-308	Miércoles	1191
1928	07:00:00	08:50:00	A2-304	Jueves	1192
1928	13:00:00	14:50:00	LBIC13	Martes	1193
1418	13:00:00	14:50:00	A4-102	Miércoles	1194
1418	16:00:00	17:50:00	A1-306	Jueves	1195
1721	14:00:00	15:50:00	A2-503	Miércoles	1196
1721	14:00:00	15:50:00	A2-405	Jueves	1197
2136	07:00:00	08:50:00	A4-201	Lunes	1198
2136	15:00:00	16:50:00	A2-304	Viernes	1199
1681	10:00:00	11:50:00	A2-405	Lunes	1200
1681	13:00:00	14:50:00	A2-503	Viernes	1201
1783	09:00:00	09:50:00	A2-506	Sábado	1202
1783	18:00:00	19:50:00	A1-305	Viernes	1203
1238	07:00:00	08:50:00	A2-505	Sábado	1204
1238	17:00:00	17:50:00	A2-406	Viernes	1205
1779	15:00:00	16:50:00	A1-407	Jueves	1206
1779	18:00:00	18:50:00	A1-407	Martes	1207
1124	11:00:00	12:50:00	A2-405	Miércoles	1208
1125	09:00:00	10:50:00	A5-104	Martes	1209
1376	15:00:00	16:50:00	A4-102	Miércoles	1210
1377	15:00:00	16:50:00	A5-104	Viernes	1211
1926	11:00:00	12:50:00	A2-205	Viernes	1212
1927	14:00:00	15:50:00	A5-104	Lunes	1213
1817	12:00:00	14:50:00	A2-405	Lunes	1214
1816	12:00:00	14:50:00	A2-405	Lunes	1215
2362	08:00:00	12:50:00	\N	Lunes	1216
2362	08:00:00	12:50:00	\N	Martes	1217
2362	08:00:00	12:50:00	\N	Miércoles	1218
2362	08:00:00	12:50:00	\N	Jueves	1219
2362	08:00:00	12:50:00	\N	Viernes	1220
2362	14:00:00	16:50:00	\N	Lunes	1221
2362	14:00:00	16:50:00	\N	Martes	1222
2362	14:00:00	16:50:00	\N	Miércoles	1223
2362	14:00:00	16:50:00	\N	Jueves	1224
2362	14:00:00	16:50:00	\N	Viernes	1225
2135	07:00:00	08:50:00	A4-201	Lunes	1226
2135	15:00:00	16:50:00	A2-304	Viernes	1227
2156	16:00:00	16:50:00	A4-102	Lunes	1228
2156	17:00:00	18:50:00	A2-305	Miércoles	1229
2361	18:00:00	19:50:00	A2-205	Martes	1230
2361	18:00:00	18:50:00	\N	Jueves	1231
1497	09:00:00	10:50:00	A4-103	Viernes	1232
1497	15:00:00	15:50:00	A4-103	Jueves	1233
1081	07:00:00	08:50:00	A2-206	Martes	1234
1081	13:00:00	14:50:00	A2-206	Viernes	1235
1876	08:00:00	08:50:00	A2-507	Sábado	1236
1876	17:00:00	18:50:00	A2-502	Viernes	1237
1852	13:00:00	14:50:00	A4-101	Lunes	1238
1852	15:00:00	15:50:00	A4-102	Viernes	1239
1959	07:00:00	08:50:00	A1-308	Sábado	1240
1960	13:00:00	14:50:00	LBIC13	Viernes	1241
1263	16:00:00	16:50:00	A1-403	Jueves	1242
1263	18:00:00	19:50:00	A2-308	Martes	1243
2574	08:00:00	08:50:00	A4-201	Martes	1244
2574	11:00:00	12:50:00	A4-204	Miércoles	1245
1871	15:00:00	16:50:00	A2-408	Lunes	1246
1871	15:00:00	16:50:00	A2-406	Viernes	1247
2513	07:00:00	08:50:00	A1-308	Viernes	1248
2513	13:00:00	14:50:00	A1-307	Miércoles	1249
1093	07:00:00	08:50:00	A2-205	Martes	1250
1093	10:00:00	11:50:00	A2-305	Jueves	1251
1862	10:00:00	11:50:00	A2-401	Martes	1252
1862	15:00:00	16:50:00	A2-205	Jueves	1253
1866	07:00:00	08:50:00	A2-405	Lunes	1254
1866	13:00:00	14:50:00	A2-205	Jueves	1255
1248	18:00:00	19:50:00	A2-206	Miércoles	1256
1248	19:00:00	19:50:00	A2-206	Lunes	1257
1742	11:00:00	12:50:00	A4-103	Viernes	1258
1742	15:00:00	15:50:00	A4-103	Lunes	1259
1860	09:00:00	10:50:00	A1-306	Viernes	1260
1860	13:00:00	13:50:00	A1-304	Lunes	1261
1648	17:00:00	18:50:00	A2-206	Lunes	1262
1648	19:00:00	19:50:00	A2-206	Jueves	1263
2535	11:00:00	12:50:00	A2-502	Martes	1264
2535	13:00:00	13:50:00	A2-302	Viernes	1265
1789	08:00:00	09:50:00	A2-406	Miércoles	1266
1789	09:00:00	09:50:00	A2-405	Lunes	1267
2178	08:00:00	09:50:00	A1-404	Martes	1268
2178	11:00:00	11:50:00	A1-404	Miércoles	1269
2125	09:00:00	10:50:00	A2-205	Miércoles	1270
2125	10:00:00	10:50:00	A2-408	Jueves	1271
2049	13:00:00	13:50:00	A1-304	Miércoles	1272
2049	13:00:00	14:50:00	A2-307	Jueves	1273
1832	17:00:00	18:50:00	A4-102	Lunes	1274
1832	17:00:00	17:50:00	A4-102	Martes	1275
1944	09:00:00	09:50:00	A2-303	Martes	1276
1944	11:00:00	12:50:00	A2-207	Lunes	1277
1667	07:00:00	08:50:00	A4-203	Lunes	1278
1667	07:00:00	07:50:00	A3-103	Jueves	1279
1668	08:00:00	08:50:00	LBIM8	Martes	1280
1669	09:00:00	09:50:00	LBIM8	Viernes	1281
1824	08:00:00	08:50:00	A4-204	Viernes	1282
1824	10:00:00	11:50:00	A2-404	Lunes	1283
1825	14:00:00	14:50:00	LBIM8	Martes	1284
1820	07:00:00	08:50:00	A4-102	Viernes	1285
1821	16:00:00	16:50:00	LBIC13	Martes	1286
1822	14:00:00	14:50:00	LBIC13	Jueves	1287
2609	12:00:00	13:50:00	A2-403	Lunes	1288
2610	15:00:00	15:50:00	LBIC13	Miércoles	1289
2611	09:00:00	09:50:00	LBIC13	Viernes	1290
1836	11:00:00	12:50:00	A1-304	Viernes	1291
2050	12:00:00	12:50:00	A4-103	Martes	1292
2050	16:00:00	17:50:00	A4-103	Jueves	1293
2733	08:00:00	12:50:00	\N	Lunes	1294
2733	08:00:00	12:50:00	\N	Martes	1295
2733	08:00:00	12:50:00	\N	Jueves	1297
2733	08:00:00	12:50:00	\N	Viernes	1298
2733	14:00:00	16:50:00	\N	Lunes	1299
2733	14:00:00	16:50:00	\N	Martes	1300
2733	14:00:00	16:50:00	\N	Miércoles	1301
2733	14:00:00	16:50:00	\N	Jueves	1302
2733	14:00:00	16:50:00	\N	Viernes	1303
1397	08:00:00	12:50:00	\N	Lunes	1304
1397	08:00:00	12:50:00	\N	Martes	1305
1397	08:00:00	12:50:00	\N	Miércoles	1306
1397	08:00:00	12:50:00	\N	Jueves	1307
1397	08:00:00	12:50:00	\N	Viernes	1308
1397	14:00:00	16:50:00	\N	Lunes	1309
1397	14:00:00	16:50:00	\N	Martes	1310
1397	14:00:00	16:50:00	\N	Miércoles	1311
1397	14:00:00	16:50:00	\N	Jueves	1312
1397	14:00:00	16:50:00	\N	Viernes	1313
2748	08:00:00	12:50:00	\N	Lunes	1314
2748	08:00:00	12:50:00	\N	Martes	1315
2748	08:00:00	12:50:00	\N	Miércoles	1316
2748	08:00:00	12:50:00	\N	Jueves	1317
2748	08:00:00	12:50:00	\N	Viernes	1318
2748	14:00:00	16:50:00	\N	Lunes	1319
2748	14:00:00	16:50:00	\N	Martes	1320
2748	14:00:00	16:50:00	\N	Miércoles	1321
2748	14:00:00	16:50:00	\N	Jueves	1322
2748	14:00:00	16:50:00	\N	Viernes	1323
1877	08:00:00	08:50:00	A2-507	Sábado	1324
1877	17:00:00	18:50:00	A2-502	Viernes	1325
1264	16:00:00	16:50:00	A1-403	Jueves	1326
1264	18:00:00	19:50:00	A2-308	Martes	1327
1872	15:00:00	16:50:00	A2-408	Lunes	1328
1872	15:00:00	16:50:00	A2-406	Viernes	1329
2514	07:00:00	08:50:00	A1-308	Viernes	1330
2514	13:00:00	14:50:00	A1-307	Miércoles	1331
1094	07:00:00	08:50:00	A2-205	Martes	1332
1094	10:00:00	11:50:00	A2-305	Jueves	1333
1863	10:00:00	11:50:00	A2-401	Martes	1334
1863	15:00:00	16:50:00	A2-205	Jueves	1335
2051	12:00:00	12:50:00	A4-103	Martes	1336
2051	16:00:00	17:50:00	A4-103	Jueves	1337
1999	13:00:00	14:50:00	A1-308	Miércoles	1338
1999	15:00:00	16:50:00	A2-206	Martes	1339
2364	07:00:00	08:50:00	LBIN5	Martes	1340
2364	07:00:00	07:50:00	LBIN5	Viernes	1341
2366	07:00:00	07:50:00	LBIN5	Lunes	1342
2368	08:00:00	08:50:00	LBIN5	Lunes	1343
1991	10:00:00	11:50:00	LBIN5	Miércoles	1344
1991	11:00:00	11:50:00	LBIN5	Viernes	1345
1992	11:00:00	11:50:00	LBIN5	Lunes	1346
1990	09:00:00	10:50:00	A2-405	Miércoles	1347
1990	09:00:00	10:50:00	A2-106	Viernes	1348
1995	09:00:00	09:50:00	A2-502	Viernes	1349
1995	10:00:00	11:50:00	A2-106	Martes	1350
2695	08:00:00	08:50:00	A2-106	Miércoles	1351
1983	10:00:00	11:50:00	A2-506	Viernes	1352
1985	11:00:00	12:50:00	A1-404	Viernes	1353
1314	07:00:00	08:50:00	A2-406	Lunes	1354
1314	10:00:00	11:50:00	A2-406	Miércoles	1355
1699	07:00:00	08:50:00	A3-204	Miércoles	1356
1699	07:00:00	08:50:00	A2-403	Viernes	1357
1901	09:00:00	10:50:00	A2-403	Lunes	1358
1901	09:00:00	10:50:00	A2-505	Jueves	1359
1986	13:00:00	14:50:00	A2-107	Martes	1360
1986	13:00:00	14:50:00	A2-308	Jueves	1361
2006	07:00:00	08:50:00	LBIN5	Miércoles	1362
2006	09:00:00	10:50:00	A2-304	Viernes	1363
2112	17:00:00	18:50:00	A2-304	Lunes	1364
2112	17:00:00	18:50:00	A4-203	Miércoles	1365
1996	07:00:00	07:50:00	A2-305	Miércoles	1366
1996	16:00:00	17:50:00	A2-207	Lunes	1367
2000	13:00:00	14:50:00	A2-103	Lunes	1368
2000	13:00:00	13:50:00	A2-103	Viernes	1369
1994	16:00:00	17:50:00	A4-203	Martes	1370
1994	16:00:00	17:50:00	A2-304	Jueves	1371
1997	08:00:00	09:50:00	A1-304	Martes	1372
1997	13:00:00	14:50:00	A2-505	Viernes	1373
1998	13:00:00	14:50:00	A2-207	Lunes	1374
1998	16:00:00	17:50:00	A1-305	Viernes	1375
2001	13:00:00	14:50:00	A2-103	Miércoles	1376
2001	15:00:00	16:50:00	A2-103	Lunes	1377
2365	07:00:00	08:50:00	LBIN5	Martes	1378
2365	07:00:00	07:50:00	LBIN5	Viernes	1379
2369	08:00:00	08:50:00	LBIN5	Lunes	1380
1118	08:00:00	12:50:00	\N	Lunes	1381
1118	08:00:00	12:50:00	\N	Martes	1382
1118	08:00:00	12:50:00	\N	Miércoles	1383
1118	08:00:00	12:50:00	\N	Jueves	1384
1118	08:00:00	12:50:00	\N	Viernes	1385
1118	14:00:00	16:50:00	\N	Lunes	1386
1118	14:00:00	16:50:00	\N	Martes	1387
1118	14:00:00	16:50:00	\N	Miércoles	1388
1118	14:00:00	16:50:00	\N	Jueves	1389
1118	14:00:00	16:50:00	\N	Viernes	1390
2414	13:00:00	14:50:00	A2-308	Lunes	1391
2414	15:00:00	16:50:00	A5-203	Miércoles	1392
2415	08:00:00	09:50:00	A2-307	Lunes	1393
2415	09:00:00	10:50:00	A3-104	Jueves	1394
2374	08:00:00	09:50:00	A4-102	Miércoles	1395
2374	08:00:00	09:50:00	A2-506	Viernes	1396
1989	07:00:00	08:50:00	A2-103	Jueves	1397
1989	09:00:00	10:50:00	A2-103	Lunes	1398
2431	13:00:00	14:50:00	A2-503	Martes	1399
2431	15:00:00	16:50:00	A2-503	Viernes	1400
1257	17:00:00	17:50:00	A2-308	Jueves	1401
1257	18:00:00	19:50:00	A1-307	Martes	1402
1258	10:00:00	10:50:00	A2-107	Lunes	1403
2614	11:00:00	11:50:00	A2-107	Lunes	1404
2370	07:00:00	08:50:00	A2-204	Jueves	1405
2370	11:00:00	12:50:00	A2-205	Martes	1406
2371	17:00:00	18:50:00	A2-203	Martes	1407
2371	17:00:00	18:50:00	A2-203	Jueves	1408
1273	15:00:00	16:50:00	A2-104	Miércoles	1409
1273	16:00:00	17:50:00	A2-104	Lunes	1410
1571	15:00:00	16:50:00	A2-104	Martes	1411
1571	15:00:00	16:50:00	A2-104	Jueves	1412
1889	15:00:00	16:50:00	A2-104	Viernes	1413
1889	17:00:00	18:50:00	A2-104	Jueves	1414
1984	10:00:00	11:50:00	A2-506	Viernes	1415
1308	08:00:00	09:50:00	A2-505	Lunes	1416
1308	16:00:00	17:50:00	A2-403	Martes	1417
1600	13:00:00	14:50:00	A2-407	Lunes	1418
1600	13:00:00	14:50:00	A2-407	Jueves	1419
2253	17:00:00	18:50:00	A2-306	Martes	1420
2253	17:00:00	18:50:00	A2-505	Miércoles	1421
2402	16:00:00	17:50:00	A2-301	Lunes	1422
2402	16:00:00	17:50:00	A4-203	Jueves	1423
2404	10:00:00	11:50:00	A1-403	Miércoles	1424
2406	13:00:00	14:50:00	A2-401	Martes	1425
2406	13:00:00	14:50:00	A1-307	Jueves	1426
2408	11:00:00	12:50:00	A1-402	Lunes	1427
2686	13:00:00	14:50:00	A2-104	Lunes	1428
2410	13:00:00	14:50:00	A2-403	Miércoles	1429
2410	15:00:00	16:50:00	A2-401	Martes	1430
2008	13:00:00	14:50:00	A2-301	Lunes	1431
2008	15:00:00	16:50:00	A2-403	Miércoles	1432
2363	09:00:00	10:50:00	A4-201	Jueves	1433
2363	10:00:00	11:50:00	A2-301	Martes	1434
2007	13:00:00	14:50:00	A2-304	Viernes	1435
2007	14:00:00	15:50:00	A2-106	Miércoles	1436
2373	15:00:00	16:50:00	A2-203	Martes	1437
2373	17:00:00	18:50:00	A2-304	Miércoles	1438
2376	17:00:00	18:50:00	A4-101	Lunes	1439
2376	17:00:00	18:50:00	A2-204	Viernes	1440
2375	13:00:00	13:50:00	A2-304	Martes	1441
2375	13:00:00	14:50:00	A1-306	Viernes	1442
2377	07:00:00	08:50:00	A2-103	Lunes	1443
2377	11:00:00	11:50:00	A2-103	Jueves	1444
1121	08:00:00	12:50:00	\N	Lunes	1445
1121	08:00:00	12:50:00	\N	Martes	1446
1121	08:00:00	12:50:00	\N	Miércoles	1447
1121	08:00:00	12:50:00	\N	Jueves	1448
1121	08:00:00	12:50:00	\N	Viernes	1449
1121	14:00:00	16:50:00	\N	Lunes	1450
1121	14:00:00	16:50:00	\N	Martes	1451
1121	14:00:00	16:50:00	\N	Miércoles	1452
1121	14:00:00	16:50:00	\N	Jueves	1453
1121	14:00:00	16:50:00	\N	Viernes	1454
1604	10:00:00	11:50:00	A2-408	Viernes	1455
2218	07:00:00	08:50:00	A1-306	Viernes	1456
2218	14:00:00	14:50:00	A2-303	Miércoles	1457
2219	13:00:00	13:50:00	A2-303	Miércoles	1458
2219	13:00:00	14:50:00	A2-507	Jueves	1459
2231	07:00:00	08:50:00	A2-502	Martes	1460
2231	15:00:00	16:50:00	LBIN1	Miércoles	1461
2493	15:00:00	16:50:00	A1-306	Lunes	1462
2493	15:00:00	16:50:00	LBIN1	Martes	1463
1029	09:00:00	09:50:00	LBIN1	Lunes	1464
1029	09:00:00	10:50:00	LBIN1	Viernes	1465
1133	08:00:00	09:50:00	LBIN1	Jueves	1466
1133	14:00:00	14:50:00	LBIN1	Viernes	1467
1502	07:00:00	08:50:00	LBIN1	Lunes	1468
1502	07:00:00	07:50:00	LBIN1	Jueves	1469
1856	07:00:00	07:50:00	A2-308	Miércoles	1470
1856	09:00:00	10:50:00	A2-406	Martes	1471
1046	17:00:00	17:50:00	LBIN1	Jueves	1472
1046	18:00:00	19:50:00	LBIN1	Lunes	1473
1048	13:00:00	14:50:00	LBIN1	Martes	1474
1048	18:00:00	18:50:00	LBIN1	Jueves	1475
2536	15:00:00	16:50:00	LBIN1	Viernes	1476
2536	17:00:00	17:50:00	A2-405	Martes	1477
1159	17:00:00	18:50:00	A2-204	Martes	1478
1159	18:00:00	18:50:00	A4-204	Jueves	1479
1550	07:00:00	08:50:00	A1-307	Viernes	1480
1550	13:00:00	13:50:00	A2-203	Miércoles	1481
2721	09:00:00	09:50:00	LBIN2	Lunes	1482
2721	13:00:00	14:50:00	LBIN2	Jueves	1483
2765	08:00:00	12:50:00	\N	Lunes	1484
2765	08:00:00	12:50:00	\N	Martes	1485
2765	08:00:00	12:50:00	\N	Miércoles	1486
2765	08:00:00	12:50:00	\N	Jueves	1487
2765	08:00:00	12:50:00	\N	Viernes	1488
2765	14:00:00	16:50:00	\N	Lunes	1489
2765	14:00:00	16:50:00	\N	Martes	1490
2765	14:00:00	16:50:00	\N	Miércoles	1491
2765	14:00:00	16:50:00	\N	Jueves	1492
2765	14:00:00	16:50:00	\N	Viernes	1493
2217	13:00:00	14:50:00	A2-501	Lunes	1494
2217	13:00:00	14:50:00	A2-501	Viernes	1495
1848	10:00:00	11:50:00	LBIN1	Jueves	1496
1848	13:00:00	13:50:00	LBIN1	Lunes	1497
2225	13:00:00	14:50:00	LBIN1	Miércoles	1498
2225	13:00:00	13:50:00	LBIN1	Viernes	1499
2226	10:00:00	11:50:00	LBIN1	Lunes	1500
2226	13:00:00	13:50:00	LBIN1	Jueves	1501
2227	07:00:00	08:50:00	A4-101	Viernes	1502
2227	08:00:00	09:50:00	A2-407	Miércoles	1503
1014	07:00:00	08:50:00	A2-307	Jueves	1504
1014	14:00:00	14:50:00	A2-401	Lunes	1505
1004	07:00:00	08:50:00	LBIN2	Martes	1506
1004	09:00:00	10:50:00	LBIN2	Viernes	1507
1009	10:00:00	11:50:00	LBIN2	Martes	1508
1009	10:00:00	11:50:00	LBIN2	Jueves	1509
1016	08:00:00	09:50:00	A2-504	Jueves	1510
1016	10:00:00	11:50:00	A2-504	Lunes	1511
1023	10:00:00	11:50:00	A2-304	Miércoles	1512
1023	11:00:00	12:50:00	A2-304	Viernes	1513
1108	09:00:00	10:50:00	A2-205	Martes	1514
1108	11:00:00	12:50:00	A2-205	Jueves	1515
1039	15:00:00	16:50:00	A2-205	Martes	1516
1039	15:00:00	16:50:00	A2-205	Viernes	1517
1049	17:00:00	18:50:00	A2-503	Viernes	1518
1049	18:00:00	19:50:00	A2-408	Martes	1519
1054	14:00:00	15:50:00	LBIN3	Lunes	1520
1054	14:00:00	14:50:00	LBIN3	Miércoles	1521
1065	09:00:00	09:50:00	LBIN3	Martes	1522
1065	14:00:00	15:50:00	LBIN3	Viernes	1523
1000	08:00:00	08:50:00	LBIN3	Viernes	1524
1000	13:00:00	14:50:00	LBIN3	Martes	1525
1003	07:00:00	08:50:00	LBIN3	Lunes	1526
1003	13:00:00	13:50:00	LBIN3	Viernes	1527
2089	10:00:00	11:50:00	LBIN3	Lunes	1528
2089	13:00:00	13:50:00	LBIN3	Jueves	1529
2537	09:00:00	10:50:00	A2-307	Martes	1530
2537	10:00:00	10:50:00	A2-204	Jueves	1531
2172	08:00:00	08:50:00	LBIN1	Martes	1532
2172	15:00:00	16:50:00	LBIN2	Viernes	1533
2105	10:00:00	11:50:00	A2-406	Viernes	1534
2107	10:00:00	11:50:00	A2-501	Viernes	1535
1341	07:00:00	07:50:00	A2-502	Miércoles	1536
1341	10:00:00	11:50:00	A1-402	Jueves	1537
1433	07:00:00	07:50:00	A2-504	Miércoles	1538
1433	08:00:00	09:50:00	A1-402	Martes	1539
1436	10:00:00	11:50:00	A1-405	Martes	1540
1436	11:00:00	11:50:00	A4-203	Miércoles	1541
1440	11:00:00	11:50:00	A2-505	Martes	1542
1440	15:00:00	16:50:00	A1-404	Lunes	1543
1902	07:00:00	08:50:00	A1-403	Martes	1544
1902	16:00:00	16:50:00	A2-408	Miércoles	1545
1906	07:00:00	08:50:00	A1-405	Miércoles	1546
1906	09:00:00	09:50:00	A2-403	Viernes	1547
2108	18:00:00	19:50:00	A2-204	Lunes	1548
2108	19:00:00	19:50:00	A2-204	Jueves	1549
2111	17:00:00	17:50:00	A2-404	Martes	1550
2111	17:00:00	18:50:00	A2-404	Miércoles	1551
1809	08:00:00	09:50:00	A2-403	Miércoles	1552
1809	09:00:00	10:50:00	A2-206	Jueves	1553
1810	08:00:00	09:50:00	A1-306	Sábado	1554
1810	11:00:00	12:50:00	A1-306	Viernes	1555
1813	10:00:00	11:50:00	A1-306	Sábado	1556
1813	17:00:00	18:50:00	A1-306	Viernes	1557
1814	07:00:00	08:50:00	A4-204	Jueves	1558
1814	13:00:00	14:50:00	A4-101	Martes	1559
2438	07:00:00	08:50:00	A2-307	Martes	1560
2438	07:00:00	08:50:00	A2-307	Viernes	1561
2439	17:00:00	18:50:00	A2-302	Jueves	1562
2439	17:00:00	18:50:00	A1-308	Viernes	1563
2440	09:00:00	10:50:00	A2-406	Lunes	1564
2440	13:00:00	14:50:00	A2-403	Viernes	1565
2115	15:00:00	16:50:00	A2-206	Lunes	1566
2115	15:00:00	16:50:00	A2-206	Miércoles	1567
2472	17:00:00	18:50:00	A2-504	Viernes	1568
2472	18:00:00	19:50:00	A2-401	Martes	1569
2473	08:00:00	09:50:00	A2-502	Sábado	1570
2473	14:00:00	15:50:00	A2-406	Jueves	1571
1883	07:00:00	08:50:00	A3-204	Jueves	1572
1883	08:00:00	09:50:00	A3-202	Lunes	1573
1274	13:00:00	14:50:00	A3-103	Viernes	1574
1274	15:00:00	16:50:00	A3-203	Lunes	1575
2566	07:00:00	08:50:00	A3-104	Viernes	1576
2566	13:00:00	14:50:00	A2-206	Miércoles	1577
1267	17:00:00	18:50:00	A1-307	Lunes	1578
1267	18:00:00	18:50:00	A1-307	Jueves	1579
1268	18:00:00	18:50:00	LBIM8	Miércoles	1580
2598	17:00:00	17:50:00	LBIM8	Martes	1581
2720	19:00:00	19:50:00	LBIM8	Jueves	1582
1801	07:00:00	07:50:00	A4-202	Jueves	1583
1801	09:00:00	10:50:00	A1-306	Miércoles	1584
1503	17:00:00	18:50:00	A2-506	Viernes	1585
1503	18:00:00	18:50:00	A2-407	Martes	1586
1840	10:00:00	11:50:00	A4-103	Jueves	1587
1840	12:00:00	12:50:00	A4-103	Lunes	1588
1843	09:00:00	09:50:00	LBIM6	Martes	1589
1844	15:00:00	15:50:00	LBIM6	Viernes	1590
1845	14:00:00	14:50:00	LBIM6	Viernes	1591
2702	10:00:00	10:50:00	LBIM6	Miércoles	1592
2723	08:00:00	08:50:00	LBIM6	Martes	1593
2724	07:00:00	07:50:00	LBIM6	Viernes	1594
2474	11:00:00	11:50:00	A1-308	Lunes	1595
2474	13:00:00	14:50:00	A4-201	Viernes	1596
1256	07:00:00	07:50:00	A2-506	Martes	1597
1256	12:00:00	13:50:00	A2-501	Jueves	1598
1882	08:00:00	09:50:00	A2-506	Martes	1599
1882	16:00:00	16:50:00	A2-301	Jueves	1600
1251	08:00:00	09:50:00	A2-204	Miércoles	1601
1251	08:00:00	09:50:00	A2-401	Viernes	1602
2103	13:00:00	13:50:00	A4-103	Lunes	1603
2103	13:00:00	14:50:00	A4-103	Miércoles	1604
1088	07:00:00	08:50:00	A2-405	Jueves	1605
1088	07:00:00	08:50:00	A2-405	Viernes	1606
1198	07:00:00	08:50:00	A4-103	Miércoles	1607
1198	09:00:00	09:50:00	A4-103	Jueves	1608
1201	16:00:00	16:50:00	LBIM8	Lunes	1609
1202	12:00:00	12:50:00	LBIM8	Lunes	1610
1378	07:00:00	08:50:00	A4-103	Viernes	1611
1378	09:00:00	09:50:00	A4-103	Miércoles	1612
1379	12:00:00	12:50:00	LBIM8	Martes	1613
1380	09:00:00	09:50:00	LBIM8	Jueves	1614
1381	13:00:00	13:50:00	LBIM8	Martes	1615
2673	17:00:00	17:50:00	A2-502	Lunes	1616
2673	17:00:00	18:50:00	A2-502	Jueves	1617
2590	11:00:00	11:50:00	LBIM8	Martes	1618
2593	16:00:00	16:50:00	LBIM8	Martes	1619
2592	15:00:00	15:50:00	LBIM8	Lunes	1620
2116	11:00:00	12:50:00	A2-206	Miércoles	1621
2116	12:00:00	12:50:00	A2-206	Lunes	1622
1351	13:00:00	14:50:00	A4-201	Martes	1623
1351	16:00:00	16:50:00	A2-504	Viernes	1624
2416	07:00:00	07:50:00	A3-203	Jueves	1625
2416	15:00:00	16:50:00	A4-201	Martes	1626
2417	15:00:00	15:50:00	LBIM12	Viernes	1627
2418	15:00:00	15:50:00	LBIM12	Miércoles	1628
2184	18:00:00	19:50:00	A2-308	Lunes	1629
2670	07:00:00	07:50:00	LBIM8	Miércoles	1630
2671	08:00:00	08:50:00	LBIM8	Miércoles	1631
1523	07:00:00	08:50:00	A1-304	Sábado	1632
1276	07:00:00	07:50:00	A2-305	Lunes	1633
1276	15:00:00	16:50:00	A2-305	Miércoles	1634
1277	09:00:00	09:50:00	A2-405	Jueves	1635
1277	15:00:00	16:50:00	A2-405	Martes	1636
1281	08:00:00	12:50:00	\N	Lunes	1637
1281	08:00:00	12:50:00	\N	Martes	1638
1281	08:00:00	12:50:00	\N	Miércoles	1639
1281	08:00:00	12:50:00	\N	Jueves	1640
1281	08:00:00	12:50:00	\N	Viernes	1641
1281	14:00:00	16:50:00	\N	Lunes	1642
1281	14:00:00	16:50:00	\N	Martes	1643
1281	14:00:00	16:50:00	\N	Miércoles	1644
1281	14:00:00	16:50:00	\N	Jueves	1645
1281	14:00:00	16:50:00	\N	Viernes	1646
2751	08:00:00	12:50:00	\N	Lunes	1647
2751	08:00:00	12:50:00	\N	Martes	1648
2751	08:00:00	12:50:00	\N	Miércoles	1649
2751	08:00:00	12:50:00	\N	Jueves	1650
2751	08:00:00	12:50:00	\N	Viernes	1651
2751	14:00:00	16:50:00	\N	Lunes	1652
2751	14:00:00	16:50:00	\N	Martes	1653
2751	14:00:00	16:50:00	\N	Miércoles	1654
2751	14:00:00	16:50:00	\N	Jueves	1655
2751	14:00:00	16:50:00	\N	Viernes	1656
1275	13:00:00	14:50:00	A3-103	Viernes	1657
1275	15:00:00	16:50:00	A3-203	Lunes	1658
1282	08:00:00	12:50:00	\N	Lunes	1659
1282	08:00:00	12:50:00	\N	Martes	1660
1282	08:00:00	12:50:00	\N	Miércoles	1661
1282	08:00:00	12:50:00	\N	Jueves	1662
1282	08:00:00	12:50:00	\N	Viernes	1663
1282	14:00:00	16:50:00	\N	Lunes	1664
1282	14:00:00	16:50:00	\N	Martes	1665
1282	14:00:00	16:50:00	\N	Miércoles	1666
1282	14:00:00	16:50:00	\N	Jueves	1667
1282	14:00:00	16:50:00	\N	Viernes	1668
2757	08:00:00	12:50:00	\N	Lunes	1669
2757	08:00:00	12:50:00	\N	Martes	1670
2757	08:00:00	12:50:00	\N	Miércoles	1671
2757	08:00:00	12:50:00	\N	Jueves	1672
2757	08:00:00	12:50:00	\N	Viernes	1673
2757	14:00:00	16:50:00	\N	Lunes	1674
2757	14:00:00	16:50:00	\N	Martes	1675
2757	14:00:00	16:50:00	\N	Miércoles	1676
2757	14:00:00	16:50:00	\N	Jueves	1677
2757	14:00:00	16:50:00	\N	Viernes	1678
1884	07:00:00	08:50:00	A3-204	Jueves	1679
1884	08:00:00	09:50:00	A3-202	Lunes	1680
2419	12:00:00	12:50:00	A2-501	Viernes	1681
2419	17:00:00	18:50:00	A2-501	Martes	1682
2421	10:00:00	11:50:00	A2-102	Miércoles	1683
2719	07:00:00	08:50:00	A2-102	Viernes	1684
2425	08:00:00	09:50:00	A2-302	Miércoles	1685
2425	13:00:00	14:50:00	A2-504	Lunes	1686
2429	15:00:00	16:50:00	A1-304	Lunes	1687
2429	15:00:00	16:50:00	A1-307	Jueves	1688
2434	11:00:00	12:50:00	A2-503	Miércoles	1689
2434	11:00:00	12:50:00	A2-505	Jueves	1690
2139	09:00:00	09:50:00	A2-502	Martes	1691
2139	15:00:00	16:50:00	A2-205	Lunes	1692
2171	13:00:00	13:50:00	A2-502	Martes	1693
2171	15:00:00	16:50:00	A1-304	Viernes	1694
1287	10:00:00	11:50:00	A2-306	Viernes	1695
1289	10:00:00	11:50:00	A2-504	Viernes	1696
1505	17:00:00	17:50:00	A1-308	Lunes	1697
1505	17:00:00	18:50:00	A1-308	Jueves	1698
2432	08:00:00	09:50:00	A2-503	Miércoles	1699
2432	08:00:00	09:50:00	A2-503	Jueves	1700
1301	17:00:00	17:50:00	A2-408	Miércoles	1701
1302	16:00:00	16:50:00	A2-102	Jueves	1702
2228	17:00:00	17:50:00	A2-206	Martes	1703
2229	15:00:00	15:50:00	A2-102	Jueves	1704
2430	07:00:00	07:50:00	A2-503	Jueves	1705
2430	15:00:00	16:50:00	A2-503	Martes	1706
1499	08:00:00	09:50:00	A2-305	Viernes	1707
1499	11:00:00	11:50:00	A2-407	Lunes	1708
2569	07:00:00	07:50:00	A4-204	Viernes	1709
2569	14:00:00	15:50:00	A2-408	Miércoles	1710
2435	08:00:00	12:50:00	\N	Lunes	1711
2435	08:00:00	12:50:00	\N	Martes	1712
2435	08:00:00	12:50:00	\N	Miércoles	1713
2435	08:00:00	12:50:00	\N	Jueves	1714
2435	08:00:00	12:50:00	\N	Viernes	1715
2435	14:00:00	16:50:00	\N	Lunes	1716
2435	14:00:00	16:50:00	\N	Martes	1717
2435	14:00:00	16:50:00	\N	Miércoles	1718
2435	14:00:00	16:50:00	\N	Jueves	1719
2435	14:00:00	16:50:00	\N	Viernes	1720
2426	08:00:00	09:50:00	A2-302	Miércoles	1721
2426	13:00:00	14:50:00	A2-504	Lunes	1722
2499	07:00:00	07:50:00	A1-306	Martes	1723
2499	08:00:00	09:50:00	A2-406	Jueves	1724
2500	10:00:00	11:50:00	LBIC13	Lunes	1725
2502	07:00:00	08:50:00	A2-404	Miércoles	1726
2503	13:00:00	14:50:00	A2-107	Jueves	1727
1967	07:00:00	08:50:00	A4-102	Martes	1728
2504	17:00:00	18:50:00	A2-303	Jueves	1729
2505	10:00:00	11:50:00	LBIAMB	Martes	1730
1965	11:00:00	12:50:00	A2-404	Miércoles	1731
1965	12:00:00	12:50:00	A2-308	Lunes	1732
1966	10:00:00	11:50:00	LBIAMB	Jueves	1733
1971	08:00:00	09:50:00	A1-305	Miércoles	1734
1972	11:00:00	12:50:00	A1-405	Jueves	1735
2003	07:00:00	08:50:00	A2-206	Viernes	1736
2602	08:00:00	09:50:00	A1-403	Lunes	1737
1969	15:00:00	16:50:00	A3-202	Martes	1738
1970	12:00:00	13:50:00	A1-405	Viernes	1739
1975	14:00:00	15:50:00	A3-102	Martes	1740
1977	14:00:00	15:50:00	A1-407	Viernes	1741
1621	11:00:00	12:50:00	A2-404	Jueves	1742
1621	18:00:00	18:50:00	A1-308	Lunes	1743
2485	10:00:00	11:50:00	A2-301	Viernes	1744
2490	12:00:00	12:50:00	A1-305	Lunes	1745
2490	17:00:00	18:50:00	A5-203	Miércoles	1746
2501	08:00:00	09:50:00	A1-306	Martes	1747
2501	12:00:00	12:50:00	A1-306	Lunes	1748
2497	12:00:00	13:50:00	A3-203	Martes	1749
2498	13:00:00	14:50:00	LBIAMB	Miércoles	1750
2718	13:00:00	14:50:00	LBIAMB	Miércoles	1751
1973	09:00:00	11:50:00	A2-206	Martes	1752
1974	07:00:00	09:50:00	A5-203	Jueves	1753
2534	08:00:00	12:50:00	\N	Lunes	1754
2534	08:00:00	12:50:00	\N	Martes	1755
2534	08:00:00	12:50:00	\N	Miércoles	1756
2534	08:00:00	12:50:00	\N	Jueves	1757
2534	08:00:00	12:50:00	\N	Viernes	1758
2534	14:00:00	16:50:00	\N	Lunes	1759
2534	14:00:00	16:50:00	\N	Martes	1760
2534	14:00:00	16:50:00	\N	Miércoles	1761
2534	14:00:00	16:50:00	\N	Jueves	1762
2534	14:00:00	16:50:00	\N	Viernes	1763
2004	08:00:00	12:50:00	\N	Lunes	1764
2004	08:00:00	12:50:00	\N	Martes	1765
2004	08:00:00	12:50:00	\N	Miércoles	1766
2004	08:00:00	12:50:00	\N	Jueves	1767
2004	08:00:00	12:50:00	\N	Viernes	1768
2004	14:00:00	16:50:00	\N	Lunes	1769
2004	14:00:00	16:50:00	\N	Martes	1770
2004	14:00:00	16:50:00	\N	Miércoles	1771
2004	14:00:00	16:50:00	\N	Jueves	1772
2004	14:00:00	16:50:00	\N	Viernes	1773
1261	15:00:00	16:50:00	A2-201	Lunes	1774
1261	15:00:00	15:50:00	A2-201	Jueves	1775
1262	15:00:00	16:50:00	A2-305	Viernes	1776
2067	10:00:00	11:50:00	A2-403	Viernes	1777
1881	12:00:00	13:50:00	A1-407	Martes	1778
1095	16:00:00	17:50:00	A2-505	Jueves	1779
1095	17:00:00	18:50:00	A2-404	Lunes	1780
2703	15:00:00	16:50:00	A5-104	Miércoles	1781
1885	12:00:00	12:50:00	A1-308	Viernes	1782
1885	17:00:00	18:50:00	A1-308	Martes	1783
1253	11:00:00	12:50:00	A3-204	Lunes	1784
1253	11:00:00	11:50:00	A2-201	Miércoles	1785
1254	11:00:00	12:50:00	A5-204	Jueves	1786
1774	08:00:00	09:50:00	A2-104	Lunes	1787
1774	15:00:00	16:50:00	A2-304	Miércoles	1788
1775	08:00:00	09:50:00	A2-105	Martes	1789
1283	07:00:00	08:50:00	A2-304	Viernes	1790
1283	17:00:00	18:50:00	A3-104	Lunes	1791
1284	11:00:00	12:50:00	A1-403	Jueves	1792
1895	17:00:00	19:50:00	A2-201	Viernes	1793
1303	17:00:00	19:50:00	A4-201	Martes	1794
1547	08:00:00	12:50:00	\N	Lunes	1795
1547	08:00:00	12:50:00	\N	Martes	1796
1547	08:00:00	12:50:00	\N	Miércoles	1797
1547	08:00:00	12:50:00	\N	Jueves	1798
1547	08:00:00	12:50:00	\N	Viernes	1799
1547	14:00:00	16:50:00	\N	Lunes	1800
1547	14:00:00	16:50:00	\N	Martes	1801
1547	14:00:00	16:50:00	\N	Miércoles	1802
1547	14:00:00	16:50:00	\N	Jueves	1803
1547	14:00:00	16:50:00	\N	Viernes	1804
2577	08:00:00	09:50:00	A2-301	Jueves	1805
2577	15:00:00	15:50:00	A5-203	Lunes	1806
2305	17:00:00	17:50:00	A1-402	Miércoles	1807
2305	18:00:00	19:50:00	A1-405	Martes	1808
2714	08:00:00	09:50:00	A1-407	Sábado	1809
2714	17:00:00	17:50:00	A1-407	Miércoles	1810
2281	13:00:00	13:50:00	A2-306	Lunes	1811
2282	15:00:00	16:50:00	A1-405	Jueves	1812
2715	17:00:00	18:50:00	A1-407	Lunes	1813
2717	16:00:00	16:50:00	A1-407	Viernes	1814
2294	10:00:00	10:50:00	A1-401	Martes	1815
1033	13:00:00	13:50:00	A1-401	Lunes	1816
1034	07:00:00	08:50:00	A1-401	Jueves	1817
1187	15:00:00	15:50:00	A1-401	Viernes	1818
1188	13:00:00	14:50:00	A1-401	Martes	1819
2348	11:00:00	11:50:00	A1-401	Jueves	1820
2349	13:00:00	14:50:00	A1-401	Viernes	1821
1501	10:00:00	11:50:00	A1-401	Lunes	1822
1501	15:00:00	15:50:00	A1-401	Miércoles	1823
1896	07:00:00	07:50:00	A1-304	Martes	1824
1897	09:00:00	10:50:00	A1-403	Viernes	1825
1126	10:00:00	11:50:00	A1-305	Viernes	1826
1426	10:00:00	11:50:00	A1-308	Viernes	1827
1428	10:00:00	11:50:00	A1-307	Viernes	1828
1917	10:00:00	11:50:00	A2-203	Viernes	1829
2014	08:00:00	09:50:00	A1-404	Lunes	1830
2014	13:00:00	13:50:00	A1-307	Martes	1831
2016	07:00:00	07:50:00	A1-307	Miércoles	1832
2016	13:00:00	14:50:00	A1-403	Viernes	1833
2085	07:00:00	08:50:00	A1-405	Jueves	1834
2085	07:00:00	07:50:00	A2-506	Viernes	1835
2106	09:00:00	09:50:00	A1-307	Jueves	1836
2106	15:00:00	16:50:00	A1-403	Miércoles	1837
2110	07:00:00	07:50:00	A2-504	Martes	1838
2110	13:00:00	14:50:00	A1-403	Lunes	1839
2137	07:00:00	08:50:00	A1-403	Viernes	1840
2137	11:00:00	11:50:00	A2-204	Miércoles	1841
2146	13:00:00	14:50:00	A1-403	Miércoles	1842
2146	16:00:00	16:50:00	A2-203	Jueves	1843
2148	07:00:00	08:50:00	A1-404	Viernes	1844
2148	11:00:00	11:50:00	A1-307	Miércoles	1845
1250	08:00:00	09:50:00	A3-201	Viernes	1846
1250	15:00:00	15:50:00	A3-104	Martes	1847
1486	11:00:00	11:50:00	A2-203	Miércoles	1848
1486	14:00:00	15:50:00	A1-405	Viernes	1849
1964	08:00:00	09:50:00	A1-402	Jueves	1850
1964	09:00:00	09:50:00	A2-408	Viernes	1851
1993	07:00:00	08:50:00	A1-403	Jueves	1852
1993	09:00:00	09:50:00	A2-301	Lunes	1853
2009	11:00:00	11:50:00	A2-503	Lunes	1854
2009	14:00:00	15:50:00	A1-403	Jueves	1855
2010	08:00:00	09:50:00	A1-405	Martes	1856
2010	14:00:00	14:50:00	A1-305	Miércoles	1857
2011	07:00:00	08:50:00	A1-405	Lunes	1858
2011	07:00:00	07:50:00	A4-101	Martes	1859
2012	09:00:00	10:50:00	A1-405	Miércoles	1860
2012	13:00:00	13:50:00	A2-301	Viernes	1861
2013	09:00:00	09:50:00	A2-504	Miércoles	1862
2013	10:00:00	11:50:00	A1-403	Lunes	1863
1140	07:00:00	08:50:00	A1-402	Lunes	1864
1140	12:00:00	12:50:00	A2-207	Miércoles	1865
1147	13:00:00	13:50:00	A1-307	Lunes	1866
1147	16:00:00	17:50:00	A1-405	Miércoles	1867
1661	11:00:00	12:50:00	A1-403	Viernes	1868
1661	12:00:00	12:50:00	A2-301	Martes	1869
1684	14:00:00	15:50:00	A1-407	Lunes	1870
1684	17:00:00	17:50:00	A1-307	Jueves	1871
2725	10:00:00	11:50:00	A1-404	Sábado	1872
2725	12:00:00	12:50:00	A1-305	Miércoles	1873
2221	13:00:00	14:50:00	A1-401	Miércoles	1874
2221	16:00:00	16:50:00	A1-401	Jueves	1875
2236	07:00:00	07:50:00	A1-401	Lunes	1876
2236	08:00:00	09:50:00	A1-401	Viernes	1877
1590	17:00:00	18:50:00	A1-401	Miércoles	1878
1590	19:00:00	19:50:00	A1-401	Jueves	1879
1591	17:00:00	18:50:00	A1-401	Jueves	1880
1591	19:00:00	19:50:00	A1-401	Miércoles	1881
1021	13:00:00	13:50:00	A1-401	Jueves	1882
1021	15:00:00	16:50:00	A1-401	Martes	1883
1335	10:00:00	11:50:00	A4-102	Miércoles	1884
1335	12:00:00	12:50:00	A2-401	Martes	1885
1339	08:00:00	09:50:00	A2-303	Jueves	1886
1339	12:00:00	12:50:00	A1-308	Miércoles	1887
1904	07:00:00	08:50:00	A1-405	Viernes	1888
1904	08:00:00	08:50:00	A2-206	Lunes	1889
1404	08:00:00	08:50:00	A1-404	Miércoles	1890
1404	10:00:00	11:50:00	A1-407	Jueves	1891
1477	09:00:00	09:50:00	A1-407	Lunes	1892
1477	13:00:00	14:50:00	A1-407	Jueves	1893
1670	10:00:00	11:50:00	A2-503	Jueves	1894
1670	11:00:00	11:50:00	A1-306	Miércoles	1895
1592	07:00:00	07:50:00	A1-404	Miércoles	1896
1592	07:00:00	08:50:00	A1-407	Viernes	1897
2372	09:00:00	09:50:00	A1-407	Jueves	1898
2372	10:00:00	11:50:00	A1-407	Lunes	1899
1111	18:00:00	19:50:00	A1-402	Jueves	1900
1111	19:00:00	19:50:00	A1-402	Miércoles	1901
1116	08:00:00	12:50:00	\N	Lunes	1902
1116	08:00:00	12:50:00	\N	Martes	1903
1116	08:00:00	12:50:00	\N	Miércoles	1904
1116	08:00:00	12:50:00	\N	Jueves	1905
1116	08:00:00	12:50:00	\N	Viernes	1906
1116	14:00:00	16:50:00	\N	Lunes	1907
1116	14:00:00	16:50:00	\N	Martes	1908
1116	14:00:00	16:50:00	\N	Miércoles	1909
1116	14:00:00	16:50:00	\N	Jueves	1910
1116	14:00:00	16:50:00	\N	Viernes	1911
2480	13:00:00	13:50:00	A2-405	Jueves	1912
2480	15:00:00	16:50:00	A2-405	Lunes	1913
2436	10:00:00	11:50:00	A2-503	Viernes	1914
2437	08:00:00	09:50:00	A2-308	Miércoles	1915
2437	10:00:00	11:50:00	A2-308	Jueves	1916
2483	18:00:00	19:50:00	A3-203	Martes	1917
2483	18:00:00	19:50:00	A2-403	Jueves	1918
2471	15:00:00	16:50:00	LBIM10	Jueves	1919
2471	16:00:00	17:50:00	A2-304	Martes	1920
2476	13:00:00	14:50:00	LBIM10	Miércoles	1921
2476	14:00:00	15:50:00	LBIM10	Lunes	1922
2475	17:00:00	18:50:00	A2-501	Jueves	1923
2475	18:00:00	19:50:00	A2-502	Martes	1924
2479	08:00:00	08:50:00	LBIM10	Miércoles	1925
2479	18:00:00	19:50:00	A2-303	Lunes	1926
2477	09:00:00	09:50:00	A2-305	Jueves	1927
2477	13:00:00	14:50:00	A2-205	Lunes	1928
2481	18:00:00	19:50:00	A2-301	Lunes	1929
2481	18:00:00	19:50:00	A1-305	Miércoles	1930
2538	14:00:00	14:50:00	LBIM10	Martes	1931
2538	15:00:00	16:50:00	LBIM10	Miércoles	1932
2260	13:00:00	14:50:00	LBIM10	Jueves	1933
2260	15:00:00	15:50:00	LBIM10	Martes	1934
2482	17:00:00	19:50:00	A2-406	Lunes	1935
2484	17:00:00	19:50:00	A2-405	Miércoles	1936
1702	08:00:00	12:50:00	\N	Lunes	1937
1702	08:00:00	12:50:00	\N	Martes	1938
1702	08:00:00	12:50:00	\N	Miércoles	1939
1702	08:00:00	12:50:00	\N	Jueves	1940
1702	08:00:00	12:50:00	\N	Viernes	1941
1702	14:00:00	16:50:00	\N	Lunes	1942
1702	14:00:00	16:50:00	\N	Martes	1943
1702	14:00:00	16:50:00	\N	Miércoles	1944
1702	14:00:00	16:50:00	\N	Jueves	1945
1702	14:00:00	16:50:00	\N	Viernes	1946
2749	07:00:00	15:50:00	\N	Sábado	1947
2749	07:00:00	15:50:00	\N	Sábado	1948
2749	07:00:00	15:50:00	\N	Sábado	1949
2749	07:00:00	15:50:00	\N	Sábado	1950
2749	07:00:00	15:50:00	\N	Sábado	1951
2749	07:00:00	15:50:00	\N	Sábado	1952
2749	07:00:00	15:50:00	\N	Sábado	1953
2749	07:00:00	15:50:00	\N	Sábado	1954
2749	07:00:00	15:50:00	\N	Sábado	1955
2749	07:00:00	15:50:00	\N	Sábado	1956
2749	20:00:00	21:50:00	\N	Viernes	1957
2749	20:00:00	21:50:00	\N	Viernes	1958
2749	20:00:00	21:50:00	\N	Viernes	1959
2749	20:00:00	21:50:00	\N	Viernes	1960
2749	20:00:00	21:50:00	\N	Viernes	1961
2749	20:00:00	21:50:00	\N	Viernes	1962
2749	20:00:00	21:50:00	\N	Viernes	1963
2749	20:00:00	21:50:00	\N	Viernes	1964
2749	20:00:00	21:50:00	\N	Viernes	1965
2749	20:00:00	21:50:00	\N	Viernes	1966
2740	19:00:00	22:00:00	\N	Lunes	1967
2740	19:00:00	22:00:00	\N	Miércoles	1968
2740	19:00:00	22:00:00	\N	Jueves	1969
2740	19:00:00	22:00:00	\N	Viernes	1970
2740	19:00:00	22:00:00	\N	Lunes	1971
2740	19:00:00	22:00:00	\N	Miércoles	1972
2740	19:00:00	22:00:00	\N	Jueves	1973
2740	19:00:00	22:00:00	\N	Viernes	1974
2740	19:00:00	22:00:00	\N	Lunes	1975
2740	19:00:00	22:00:00	\N	Miércoles	1976
2740	19:00:00	22:00:00	\N	Jueves	1977
2740	19:00:00	22:00:00	\N	Viernes	1978
2740	19:00:00	22:00:00	\N	Lunes	1979
2740	19:00:00	22:00:00	\N	Miércoles	1980
2740	19:00:00	22:00:00	\N	Jueves	1981
2740	19:00:00	22:00:00	\N	Viernes	1982
2740	19:00:00	22:00:00	\N	Lunes	1983
2740	19:00:00	22:00:00	\N	Miércoles	1984
2740	19:00:00	22:00:00	\N	Jueves	1985
2740	19:00:00	22:00:00	\N	Viernes	1986
2740	19:00:00	22:00:00	\N	Lunes	1987
2740	19:00:00	22:00:00	\N	Miércoles	1988
2740	19:00:00	22:00:00	\N	Jueves	1989
2740	19:00:00	22:00:00	\N	Viernes	1990
2740	19:00:00	22:00:00	\N	Lunes	1991
2740	19:00:00	22:00:00	\N	Miércoles	1992
2740	19:00:00	22:00:00	\N	Jueves	1993
2740	19:00:00	22:00:00	\N	Viernes	1994
2740	19:00:00	22:00:00	\N	Lunes	1995
2740	19:00:00	22:00:00	\N	Miércoles	1996
2750	07:00:00	12:50:00	\N	Sábado	1997
2750	07:00:00	12:50:00	\N	Sábado	1998
2750	07:00:00	12:50:00	\N	Sábado	1999
2750	07:00:00	12:50:00	\N	Sábado	2000
2750	07:00:00	12:50:00	\N	Sábado	2001
2750	07:00:00	12:50:00	\N	Sábado	2002
2750	07:00:00	12:50:00	\N	Sábado	2003
2750	07:00:00	12:50:00	\N	Sábado	2004
2750	07:00:00	12:50:00	\N	Sábado	2005
2750	19:00:00	21:50:00	\N	Viernes	2006
2750	19:00:00	21:50:00	\N	Viernes	2007
2750	19:00:00	21:50:00	\N	Viernes	2008
2750	19:00:00	21:50:00	\N	Viernes	2009
2750	19:00:00	21:50:00	\N	Viernes	2010
2750	19:00:00	21:50:00	\N	Viernes	2011
2750	19:00:00	21:50:00	\N	Viernes	2012
2750	19:00:00	21:50:00	\N	Viernes	2013
2750	19:00:00	21:50:00	\N	Viernes	2014
2742	18:00:00	21:00:00	\N	Miércoles	2015
2742	18:00:00	21:00:00	\N	Jueves	2016
2742	18:00:00	21:00:00	\N	Viernes	2017
2742	18:00:00	21:00:00	\N	Miércoles	2018
2742	18:00:00	21:00:00	\N	Jueves	2019
2742	18:00:00	21:00:00	\N	Viernes	2020
2742	18:00:00	21:00:00	\N	Miércoles	2021
2742	18:00:00	21:00:00	\N	Jueves	2022
2742	18:00:00	21:00:00	\N	Viernes	2023
2742	18:00:00	21:00:00	\N	Miércoles	2024
2742	18:00:00	21:00:00	\N	Jueves	2025
2742	18:00:00	21:00:00	\N	Viernes	2026
2742	18:00:00	21:00:00	\N	Miércoles	2027
2742	18:00:00	21:00:00	\N	Jueves	2028
2742	18:00:00	21:00:00	\N	Viernes	2029
2742	18:00:00	21:00:00	\N	Miércoles	2030
2742	18:00:00	21:00:00	\N	Jueves	2031
2742	18:00:00	21:00:00	\N	Viernes	2032
2742	18:00:00	21:00:00	\N	Miércoles	2033
2742	18:00:00	21:00:00	\N	Viernes	2034
2742	18:00:00	21:00:00	\N	Miércoles	2035
2742	18:00:00	21:00:00	\N	Miércoles	2036
2742	18:00:00	21:00:00	\N	Miércoles	2037
2742	18:00:00	21:00:00	\N	Miércoles	2038
2742	18:00:00	21:00:00	\N	Jueves	2039
2742	18:00:00	21:00:00	\N	Viernes	2040
2742	18:00:00	21:00:00	\N	Jueves	2041
2742	18:00:00	21:00:00	\N	Viernes	2042
2742	18:00:00	21:00:00	\N	Jueves	2043
2742	18:00:00	21:00:00	\N	Viernes	2044
1913	07:00:00	08:50:00	A2-203	Sábado	2045
1913	16:00:00	16:50:00	A2-504	Lunes	2046
1450	08:00:00	08:50:00	A1-307	Martes	2047
1450	10:00:00	11:50:00	A2-401	Sábado	2048
2168	17:00:00	18:50:00	A1-304	Viernes	2049
2168	18:00:00	18:50:00	A2-507	Miércoles	2050
1858	09:00:00	10:50:00	A2-204	Sábado	2051
1858	17:00:00	17:50:00	A1-304	Lunes	2052
2098	14:00:00	14:50:00	A2-303	Viernes	2053
2098	16:00:00	17:50:00	A2-504	Miércoles	2054
2191	07:00:00	07:50:00	A2-504	Viernes	2055
2191	10:00:00	11:50:00	A4-101	Jueves	2056
2387	07:00:00	08:50:00	A4-202	Martes	2057
2387	07:00:00	07:50:00	A4-202	Viernes	2058
2384	07:00:00	08:50:00	A2-303	Miércoles	2059
2384	13:00:00	13:50:00	A4-201	Lunes	2060
2393	15:00:00	16:50:00	A2-408	Martes	2061
2393	15:00:00	15:50:00	A4-204	Jueves	2062
1587	14:00:00	15:50:00	A3-204	Lunes	2063
1587	16:00:00	16:50:00	A4-201	Viernes	2064
1980	11:00:00	12:50:00	A1-207	Lunes	2065
1980	13:00:00	13:50:00	A1-207	Jueves	2066
1538	10:00:00	11:50:00	A1-304	Jueves	2067
1539	10:00:00	10:50:00	A1-205	Martes	2068
1540	10:00:00	10:50:00	A1-205	Lunes	2069
1723	13:00:00	14:50:00	A4-102	Martes	2070
1725	08:00:00	08:50:00	A1-205	Lunes	2071
2661	17:00:00	18:50:00	A1-304	Viernes	2072
2661	18:00:00	18:50:00	A2-507	Miércoles	2073
1293	13:00:00	14:50:00	A2-207	Jueves	2074
1294	11:00:00	11:50:00	A1-204	Martes	2075
1295	09:00:00	09:50:00	A1-204	Martes	2076
2542	08:00:00	08:50:00	A1-204	Martes	2077
1609	07:00:00	08:50:00	A5-203	Miércoles	2078
1609	11:00:00	11:50:00	A2-308	Sábado	2079
1608	08:00:00	09:50:00	A1-305	Martes	2080
1608	09:00:00	09:50:00	A2-503	Viernes	2081
2035	07:00:00	07:50:00	A1-305	Viernes	2082
2035	15:00:00	16:50:00	A2-404	Miércoles	2083
2341	07:00:00	07:50:00	A4-102	Jueves	2084
2341	14:00:00	15:50:00	A4-204	Martes	2085
1982	08:00:00	12:50:00	\N	Lunes	2086
1982	08:00:00	12:50:00	\N	Martes	2087
1982	08:00:00	12:50:00	\N	Miércoles	2088
1982	08:00:00	12:50:00	\N	Jueves	2089
1982	08:00:00	12:50:00	\N	Viernes	2090
1982	14:00:00	16:50:00	\N	Lunes	2091
1982	14:00:00	16:50:00	\N	Martes	2092
1982	14:00:00	16:50:00	\N	Miércoles	2093
1982	14:00:00	16:50:00	\N	Jueves	2094
1982	14:00:00	16:50:00	\N	Viernes	2095
2165	07:00:00	08:50:00	A2-505	Martes	2096
2165	08:00:00	09:50:00	A2-501	Jueves	2097
2173	09:00:00	10:50:00	A2-207	Lunes	2098
2173	15:00:00	16:50:00	A4-102	Martes	2099
2732	14:00:00	15:50:00	A1-207	Miércoles	2100
1933	09:00:00	10:50:00	A2-308	Sábado	2101
1112	17:00:00	18:50:00	A4-103	Lunes	2102
1112	17:00:00	17:50:00	A2-301	Miércoles	2103
1662	09:00:00	10:50:00	A1-207	Martes	2104
1662	12:00:00	12:50:00	A1-207	Jueves	2105
2054	10:00:00	11:50:00	A1-307	Jueves	2106
2054	11:00:00	11:50:00	A4-201	Martes	2107
1601	08:00:00	09:50:00	A2-401	Sábado	2108
2667	08:00:00	08:50:00	A1-205	Viernes	2109
2668	10:00:00	10:50:00	A1-205	Viernes	2110
2378	13:00:00	13:50:00	A1-308	Jueves	2111
2378	14:00:00	15:50:00	A4-202	Miércoles	2112
2379	13:00:00	13:50:00	A2-204	Miércoles	2113
2379	14:00:00	15:50:00	A4-102	Lunes	2114
1607	15:00:00	16:50:00	A4-102	Jueves	2115
1607	17:00:00	17:50:00	A2-507	Miércoles	2116
2179	08:00:00	09:50:00	A2-504	Sábado	2117
2179	09:00:00	09:50:00	A4-103	Martes	2118
1654	15:00:00	16:50:00	A1-207	Martes	2119
1654	17:00:00	17:50:00	A4-204	Jueves	2120
1638	11:00:00	12:50:00	A4-204	Jueves	2121
1639	14:00:00	14:50:00	A1-204	Martes	2122
1640	13:00:00	13:50:00	A1-204	Martes	2123
1641	16:00:00	16:50:00	A1-204	Miércoles	2124
2665	15:00:00	16:50:00	A2-503	Lunes	2125
1646	15:00:00	15:50:00	A1-204	Miércoles	2126
1660	12:00:00	12:50:00	A1-304	Lunes	2127
1660	17:00:00	18:50:00	A1-305	Martes	2128
2350	14:00:00	15:50:00	A1-207	Viernes	2129
2350	16:00:00	16:50:00	A1-207	Lunes	2130
2244	11:00:00	12:50:00	A2-206	Viernes	2131
2244	12:00:00	12:50:00	A2-207	Martes	2132
\.


--
-- Data for Name: curso; Type: TABLE DATA; Schema: public; Owner: pg_database_owner
--

COPY public.curso (nrc, tipo, codigomateria, profesorid, nrcteorico, groupid, campus) FROM stdin;
1038	Teórico	AEMPG01A	T00084153	\N	1	\N
1053	Teórico	AEMPG01A	T00084153	\N	1	\N
1570	Teórico	AEMPG01A	T00013702	\N	1	\N
1527	Teórico	AEMPG02A	T00051297	\N	1	\N
1528	Teórico	AEMPG03A	T00000077	\N	1	\N
2854	Teórico	AEMPG04A	\N	\N	1	\N
2117	Teórico	AEMPG04A	T00019393	\N	1	\N
2121	Teórico	AEMPG04A	T00019393	\N	1	\N
2130	Teórico	AEMPG04A	T00014731	\N	1	\N
2712	Teórico	AEMPG04A	T00053473	\N	1	\N
1529	Teórico	AEMPG05A	T00084153	\N	1	\N
2860	Teórico	AEMPG06A	\N	\N	1	\N
1542	Teórico	AEMPG08A	T00051297	\N	1	\N
2858	Teórico	AEMPG08A	\N	\N	1	\N
1543	Teórico	AEMPG09A	T00014731	\N	1	\N
1545	Teórico	AEMPG10A	T00036222	\N	1	\N
2872	Teórico	AEMPG10A	\N	\N	1	\N
2335	Teórico	AEMPG11A	T00013998	\N	1	\N
2336	Teórico	AEMPG11A	T00013998	\N	1	\N
2871	Teórico	AEMPG11A	\N	\N	1	\N
1553	Teórico	AEMPG12A	T00051297	\N	1	\N
1707	Teórico	AEMPG13A	T00051297	\N	1	\N
1709	Teórico	AEMPG14A	T00051297	\N	1	\N
2873	Teórico	AEMPG14A	\N	\N	1	\N
2861	Teórico	AEMPM01A	\N	\N	1	\N
1537	Teórico	AEMPM02A	T00036222	\N	1	\N
2859	Teórico	AEMPM02A	\N	\N	1	\N
2866	Teórico	AEMPO04A	\N	\N	1	\N
1131	Teórico	AEMPO06A	T00019393	\N	1	\N
1510	Teórico	AEMPO07A	T00053473	\N	1	\N
1511	Teórico	AEMPO07A	T00053473	\N	1	\N
2869	Teórico	AEMPO13A	\N	\N	1	\N
1517	Teórico	AEMPO27A	T00013998	\N	1	\N
2865	Teórico	AEMPO27A	\N	\N	1	\N
1535	Teórico	AEMPR01A	T00026453	\N	1	\N
2856	Teórico	AEMPR01A	\N	\N	1	\N
1548	Teórico	AEMPR02A	T00026453	\N	1	\N
2862	Teórico	AEMPR02A	\N	\N	1	\N
1941	Teórico	ARQTH01A	T00053408	\N	1	\N
1827	Teórico	ARQTH01A	T00084175	\N	1	\N
1838	Teórico	ARQTH02A	T00030018	\N	1	\N
1957	Teórico	ARQTH03A	T00069601	\N	1	\N
1955	Teórico	ARQTH03A	T00069601	\N	1	\N
2449	Teórico	ARQTH04A	T00085411	\N	1	\N
2456	Teórico	ARQTH05A	T00030018	\N	1	\N
2455	Teórico	ARQTH05A	T00030018	\N	1	\N
2467	Teórico	ARQTH06A	T00030018	\N	1	\N
1942	Teórico	ARQTT01A	T00031996	\N	1	\N
1828	Teórico	ARQTT01A	T00031996	\N	1	\N
1945	Teórico	ARQTT02A	T00084152	\N	1	\N
2441	Teórico	ARQTT03A	T00031996	\N	1	\N
2446	Teórico	ARQTT04A	T00021323	\N	1	\N
2453	Teórico	ARQTT05A	T00018371	\N	1	\N
2464	Teórico	ARQTT06A	T00053874	\N	1	\N
1915	Teórico	ARQTT07A	T00081749	\N	1	\N
1429	Teórico	ARQTT08A	T00081749	\N	1	\N
1835	Teórico	ARQTU01A	T00069601	\N	1	\N
2442	Teórico	ARQTU02A	T00003433	\N	1	\N
2447	Teórico	ARQTU03A	T00012849	\N	1	\N
2452	Teórico	ARQTU04A	T00079430	\N	1	\N
2450	Teórico	ARQTU04A	T00079430	\N	1	\N
1776	Teórico	ARQTU05A	T00037300	\N	1	\N
2468	Teórico	ARQTU06A	T00037300	\N	1	\N
1427	Teórico	ARQTU07A	T00069599	\N	1	\N
2576	Teórico	ARQTU13A	T00069894	\N	1	\N
2708	Teórico	CDATD02A	T00069449	\N	1	\N
2547	Teórico	CPOLE12A	T00069328	\N	1	\N
1713	Teórico	CPOLN03A	T00028062	\N	1	\N
1722	Teórico	CPOLN05A	T00028062	\N	1	\N
1729	Teórico	CPOLN07A	T00028062	\N	1	\N
1734	Teórico	CPOLN10A	T00028062	\N	1	\N
1738	Teórico	CPOLN12A	T00054682	\N	1	\N
1746	Teórico	CPOLN13A	T00018350	\N	1	\N
1493	Teórico	CPOLN14A	T00018350	\N	1	\N
1743	Teórico	CPOLN15A	T00045007	\N	1	\N
1711	Teórico	CPOLR01A	T00069328	\N	1	\N
1720	Teórico	CPOLR02A	T00069328	\N	1	\N
1726	Teórico	CPOLR05A	T00069328	\N	1	\N
1741	Teórico	CPOLR08A	T00054682	\N	1	\N
1716	Teórico	CPOLZ02A	T00054682	\N	1	\N
2562	Teórico	CPOLZ03A	T00018350	\N	1	\N
1730	Teórico	CPOLZ08A	T00022220	\N	1	\N
2891	Teórico	CPOLZ09A	\N	\N	1	\N
1767	Teórico	CPOLZ09A	T00026139	\N	1	\N
2886	Teórico	CPOLZ18A	\N	\N	1	\N
1717	Teórico	CPOLZ23A	T00028062	\N	1	\N
1739	Teórico	CPOLZ25A	T00044092	\N	1	\N
2396	Teórico	CBASB01A	T00079653	\N	1	\N
1278	Teórico	CBASB04A	T00049553	\N	1	\N
1030	Teórico	CBASE01A	T00051137	\N	1	\N
1316	Teórico	CBASE01A	T00046787	\N	1	\N
1342	Teórico	CBASE01A	T00059640	\N	1	\N
1402	Teórico	CBASE01A	T00046787	\N	1	\N
1588	Teórico	CBASE01A	T00000055	\N	1	\N
1854	Teórico	CBASE01A	T00070881	\N	1	\N
2043	Teórico	CBASE01A	T00057400	\N	1	\N
2199	Teórico	CBASE01A	T00070881	\N	1	\N
2288	Teórico	CBASE01A	T00019346	\N	1	\N
1061	Teórico	CBASE01A	T00019346	\N	1	\N
1068	Teórico	CBASE01A	T00042477	\N	1	\N
1079	Teórico	CBASE01A	T00042477	\N	1	\N
1136	Teórico	CBASE01A	T00051137	\N	1	\N
1208	Teórico	CBASE01A	T00059640	\N	1	\N
1616	Teórico	CBASE02A	T00070881	\N	1	\N
1611	Teórico	CBASE02A	T00000055	\N	1	\N
1613	Teórico	CBASE02A	T00006580	\N	1	\N
1359	Teórico	CBASE02A	T00027016	\N	1	\N
1618	Teórico	CBASE02A	T00057400	\N	1	\N
1631	Teórico	CBASE02A	T00042477	\N	1	\N
1634	Teórico	CBASE02A	T00057400	\N	1	\N
1636	Teórico	CBASE02A	T00057400	\N	1	\N
2044	Teórico	CBASE03A	T00057400	\N	1	\N
2273	Teórico	CBASE03A	T00027016	\N	1	\N
2289	Teórico	CBASE03A	T00019346	\N	1	\N
1044	Teórico	CBASE03A	T00046787	\N	1	\N
1062	Teórico	CBASE03A	T00019346	\N	1	\N
1069	Teórico	CBASE03A	T00042477	\N	1	\N
1086	Teórico	CBASE03A	T00027016	\N	1	\N
1137	Teórico	CBASE03A	T00051137	\N	1	\N
1209	Teórico	CBASE03A	T00059640	\N	1	\N
1615	Teórico	CBASE04A	T00070881	\N	1	\N
1610	Teórico	CBASE04A	T00000055	\N	1	\N
1612	Teórico	CBASE04A	T00006580	\N	1	\N
1358	Teórico	CBASE04A	T00027016	\N	1	\N
1617	Teórico	CBASE04A	T00057400	\N	1	\N
1622	Teórico	CBASE04A	T00006580	\N	1	\N
1630	Teórico	CBASE04A	T00042477	\N	1	\N
1633	Teórico	CBASE04A	T00057400	\N	1	\N
1635	Teórico	CBASE04A	T00057400	\N	1	\N
1063	Teórico	CBASF01A	T00000080	\N	1	\N
1098	Teórico	CBASF01A	T00000060	\N	2	\N
1141	Teórico	CBASF01A	T00004390	\N	3	\N
1399	Teórico	CBASF01A	T00000060	\N	4	\N
1441	Teórico	CBASF01A	T00004376	\N	5	\N
1453	Teórico	CBASF01A	T00004376	\N	6	\N
1919	Teórico	CBASF01A	T00000060	\N	7	\N
1075	Teórico	CBASF02A	T00021700	\N	1	\N
1233	Teórico	CBASF02A	T00021700	\N	2	\N
1265	Teórico	CBASF02A	T00091818	\N	3	\N
1319	Teórico	CBASF02A	T00060648	\N	4	\N
1437	Teórico	CBASF02A	T00060648	\N	5	\N
1752	Teórico	CBASF02A	T00004376	\N	6	\N
2344	Teórico	CBASF02A	T00060648	\N	8	\N
1001	Teórico	CBASF03A	T00000058	\N	1	\N
1007	Teórico	CBASF03A	T00019348	\N	2	\N
1018	Teórico	CBASF03A	T00019348	\N	3	\N
1924	Teórico	CBASG01A	T00045056	\N	1	\N
2017	Teórico	CBASM01A	T00047939	\N	1	\N
2031	Teórico	CBASM01A	T00000402	\N	1	\N
2036	Teórico	CBASM01A	T00081920	\N	1	\N
2038	Teórico	CBASM01A	T00024984	\N	1	\N
2039	Teórico	CBASM01A	T00000402	\N	1	\N
2040	Teórico	CBASM01A	T00000402	\N	1	\N
2041	Teórico	CBASM01A	T00084202	\N	1	\N
2042	Teórico	CBASM01A	T00079682	\N	1	\N
2018	Teórico	CBASM01A	T00001541	\N	1	\N
2022	Teórico	CBASM01A	T00001541	\N	1	\N
2023	Teórico	CBASM01A	T00055843	\N	1	\N
2026	Teórico	CBASM01A	T00031820	\N	1	\N
2028	Teórico	CBASM01A	T00059426	\N	1	\N
2084	Teórico	CBASM02A	T00053397	\N	1	\N
1466	Teórico	CBASM02A	T00084203	\N	1	\N
1772	Teórico	CBASM02A	T00084203	\N	1	\N
1778	Teórico	CBASM02A	T00081920	\N	1	\N
1786	Teórico	CBASM02A	T00047939	\N	1	\N
1805	Teórico	CBASM02A	T00081920	\N	1	\N
1830	Teórico	CBASM02A	T00031820	\N	1	\N
1151	Teórico	CBASM03A	T00000064	\N	1	\N
1174	Teórico	CBASM03A	T00053397	\N	2	\N
1321	Teórico	CBASM03A	T00001541	\N	3	\N
1171	Teórico	CBASM04A	T00010972	\N	1	\N
1237	Teórico	CBASM04A	T00010972	\N	1	\N
1255	Teórico	CBASM04A	T00057306	\N	1	\N
1292	Teórico	CBASM04A	T00059423	\N	1	\N
1305	Teórico	CBASM04A	T00079682	\N	1	\N
1366	Teórico	CBASM04A	T00008170	\N	1	\N
1878	Teórico	CBASM04A	T00010972	\N	1	\N
2064	Teórico	CBASM04A	T00079682	\N	1	\N
2072	Teórico	CBASM04A	T00008170	\N	1	\N
1554	Teórico	CBASM05A	T00055760	\N	1	\N
1562	Teórico	CBASM05A	T00076408	\N	2	\N
1580	Teórico	CBASM06A	T00000072	\N	1	\N
1674	Teórico	CBASM06A	T00000072	\N	2	\N
2392	Teórico	CBASM08A	T00055843	\N	1	\N
2389	Teórico	CBASM08A	T00055843	\N	1	\N
2388	Teórico	CBASM08A	T00055843	\N	1	\N
2390	Teórico	CBASM08A	T00055843	\N	1	\N
1619	Teórico	CBASQ01A	T00026679	\N	1	\N
1697	Teórico	CBASQ01A	T00020729	\N	2	\N
1718	Teórico	CBASQ01A	T00084201	\N	3	\N
1768	Teórico	CBASQ01A	T00091817	\N	4	\N
2491	Teórico	CBASQ04A	T00000083	\N	1	\N
1873	Teórico	CSOCB02A	T00011731	\N	1	\N
1190	Teórico	CSOCB04A	T00091823	\N	1	\N
2065	Teórico	CSOCB06A	T00000050	\N	1	\N
1514	Teórico	CSOCE12A	T00055756	\N	1	\N
2560	Teórico	CSOCE15A	T00000050	\N	1	\N
1504	Teórico	CSOCE17A	T00011731	\N	1	\N
2161	Teórico	CSOCE18A	T00091862	\N	1	\N
1751	Teórico	CSOCF01A	T00040585	\N	1	\N
1419	Teórico	CSOCG01A	T00000050	\N	1	\N
2298	Teórico	CSOCG02A	T00000050	\N	1	\N
2302	Teórico	CSOCG04A	T00011731	\N	1	\N
2306	Teórico	CSOCG07A	T00021680	\N	1	\N
1695	Teórico	CSOCM07A	T00040585	\N	1	\N
2327	Teórico	CPULA02A	T00051377	\N	1	\N
2338	Teórico	CPULA03A	T00051377	\N	1	\N
1157	Teórico	CPULC01A	T00013958	\N	1	\N
2055	Teórico	CPULC01A	T00051377	\N	1	\N
2056	Teórico	CPULC01A	T00054899	\N	1	\N
2559	Teórico	CPULC01A	T00013958	\N	1	\N
2318	Teórico	CPULC02A	T00053472	\N	1	\N
2319	Teórico	CPULC03A	T00053472	\N	1	\N
2320	Teórico	CPULC04A	T00053472	\N	1	\N
2279	Teórico	CPULC06A	T00000396	\N	1	\N
2283	Teórico	CPULC06A	T00019859	\N	1	\N
2290	Teórico	CPULC06A	T00019859	\N	1	\N
2292	Teórico	CPULC06A	T00000396	\N	1	\N
2863	Teórico	CPULC06A	\N	\N	1	\N
2293	Teórico	CPULG01A	T00000396	\N	1	\N
2325	Teórico	CPULG02A	T00000396	\N	1	\N
2328	Teórico	CPULG03A	T00019859	\N	1	\N
2339	Teórico	CPULG05A	T00054899	\N	1	\N
1226	Teórico	CPULO02A	T00048543	\N	1	\N
2870	Teórico	CPULO02A	\N	\N	1	\N
2330	Teórico	CPULT01A	T00013958	\N	1	\N
2337	Teórico	CPULT02A	T00051377	\N	1	\N
2315	Teórico	CPULT03A	T00035909	\N	1	\N
2316	Teórico	CPULT03A	T00035909	\N	1	\N
2874	Teórico	CPULZ09A	\N	\N	1	\N
1455	Teórico	DCHOH01A	T00047950	\N	1	\N
1089	Teórico	DCHOH02A	T00019336	\N	1	\N
1467	Teórico	DCHOH03A	T00060590	\N	1	\N
1460	Teórico	DCHOJ02A	T00076401	\N	1	\N
1468	Teórico	DCHOJ03A	T00029769	\N	1	\N
1168	Teórico	DCHOJ04A	T00055292	\N	1	\N
1145	Teórico	DCHOJ05A	T00045108	\N	1	\N
1252	Teórico	DCHOJ06A	T00000466	\N	1	\N
1216	Teórico	DCHOJ07A	T00055292	\N	1	\N
1223	Teórico	DCHOJ08A	T00048018	\N	1	\N
1235	Teórico	DCHOJ09A	T00063451	\N	1	\N
1658	Teórico	DCHOJ10A	T00048018	\N	1	\N
1346	Teórico	DCHOJ11A	T00029769	\N	1	\N
2193	Teórico	DCHOJ12A	T00048018	\N	1	\N
1474	Teórico	DCHOJ13A	T00063451	\N	1	\N
1475	Teórico	DCHOJ14A	T00060590	\N	1	\N
1260	Teórico	DCHOJ15A	T00076401	\N	1	\N
2196	Teórico	DCHOJ16A	T00069734	\N	1	\N
1489	Teórico	DCHOJ17A	T00029769	\N	1	\N
2194	Teórico	DCHOJ18A	T00052248	\N	1	\N
2197	Teórico	DCHOJ19A	T00059702	\N	1	\N
1219	Teórico	DCHOJ20A	T00060590	\N	1	\N
1355	Teórico	DCHOJ21A	T00028735	\N	1	\N
2206	Teórico	DCHOJ22A	T00069734	\N	1	\N
2208	Teórico	DCHOJ23A	T00091822	\N	1	\N
2207	Teórico	DCHOJ24A	T00063451	\N	1	\N
2210	Teórico	DCHOJ25A	T00052248	\N	1	\N
2203	Teórico	DCHOJ26A	T00028735	\N	1	\N
2202	Teórico	DCHOJ27A	T00076377	\N	1	\N
2212	Teórico	DCHOJ28A	T00059702	\N	1	\N
2211	Teórico	DCHOJ29A	T00000466	\N	1	\N
1732	Teórico	DCHOJ30A	T00055292	\N	1	\N
2214	Teórico	DCHOJ31A	T00053262	\N	1	\N
2215	Teórico	DCHOJ32A	T00076377	\N	1	\N
1912	Teórico	DCHOJ34A	T00047950	\N	1	\N
1886	Teórico	DCHOJ54A	T00091823	\N	1	\N
2032	Teórico	DCHOJ65A	T00020837	\N	1	\N
1150	Teórico	DCHOJ66A	T00020837	\N	1	\N
2692	Teórico	DCHOJ67A	T00076377	\N	1	\N
2201	Teórico	DCHOP01A	T00063148	\N	1	\N
2213	Teórico	DCHOP02A	T00045108	\N	1	\N
2220	Teórico	DCHOP03A	T00052248	\N	1	\N
1391	Teórico	DCHOP04A	T00048018	\N	1	\N
1914	Teórico	DCHOP05A	T00047950	\N	1	\N
1070	Teórico	DCHOT01A	T00000466	\N	1	\N
1464	Teórico	DCHOT02A	T00091822	\N	1	\N
1165	Teórico	DCHOT03A	T00047950	\N	1	\N
1446	Teórico	DISED01A	T00090593	\N	1	\N
1299	Teórico	ECONC01A	T00029754	\N	1	\N
1421	Teórico	ECONC01A	T00020784	\N	2	\N
1487	Teórico	ECONC01A	T00017776	\N	3	\N
2255	Teórico	ECONC02A	T00020784	\N	1	\N
2678	Teórico	ECONE01A	T00057359	\N	1	\N
2239	Teórico	ECONH01A	T00000054	\N	1	\N
1850	Teórico	ECONH02A	T00000054	\N	1	\N
2223	Teórico	ECONI01A	T00019865	\N	1	\N
2209	Teórico	ECONI01A	T00000030	\N	1	\N
1857	Teórico	ECONI01A	T00000073	\N	1	\N
2224	Teórico	ECONI01A	T00019865	\N	1	\N
2232	Teórico	ECONI01A	T00000030	\N	1	\N
2262	Teórico	ECONI01A	T00000030	\N	1	\N
2285	Teórico	ECONI01A	T00000073	\N	1	\N
1067	Teórico	ECONI02A	T00019865	\N	1	\N
1083	Teórico	ECONI02A	T00019354	\N	1	\N
1102	Teórico	ECONI02A	T00050996	\N	1	\N
1869	Teórico	ECONI02A	T00046298	\N	1	\N
2237	Teórico	ECONI03A	T00079679	\N	1	\N
2691	Teórico	ECONI04A	T00057359	\N	1	\N
1047	Teórico	ECONM01A	T00046298	\N	1	\N
1393	Teórico	ECONM01A	T00050996	\N	1	\N
1413	Teórico	ECONM01A	T00050996	\N	1	\N
2247	Teórico	ECONM03A	T00057359	\N	1	\N
2693	Teórico	ECONM06A	T00017776	\N	1	\N
2248	Teórico	ECONM08A	T00000044	\N	1	\N
2679	Teórico	ECONM09A	T00057359	\N	1	\N
2680	Teórico	ECONM11A	T00000073	\N	1	\N
1903	Teórico	ECONM12A	T00059557	\N	1	\N
2810	Teórico	ECONM12A	\N	\N	1	\N
2061	Teórico	ECONM12A	T00059557	\N	1	\N
2303	Teórico	ECONM12A	T00029754	\N	1	\N
2706	Teórico	ECONM12A	T00059557	\N	1	\N
1170	Teórico	ECONP01A	T00019339	\N	1	\N
2510	Teórico	ECONP01A	T00079679	\N	1	\N
2511	Teórico	ECONP01A	T00019339	\N	1	\N
2877	Teórico	ECONP01A	\N	\N	1	\N
2257	Teórico	ECONP02A	T00000028	\N	1	\N
1900	Teórico	ECONZ01A	T00000073	\N	1	\N
1336	Teórico	FNEGF02A	T00079776	\N	1	\N
1476	Teórico	FNEGF02A	T00079776	\N	1	\N
1650	Teórico	FNEGF02A	T00079776	\N	1	\N
1943	Teórico	FNEGF02A	T00050705	\N	1	\N
2005	Teórico	FNEGF02A	T00079776	\N	1	\N
2713	Teórico	FNEGF02A	T00091921	\N	1	\N
1249	Teórico	FNEGF03A	T00050705	\N	1	\N
1500	Teórico	FNEGF03A	T00042331	\N	1	\N
1642	Teórico	FNEGF03A	T00042331	\N	1	\N
2704	Teórico	FNEGF03A	T00091921	\N	1	\N
1834	Teórico	FNEGF04A	T00053378	\N	1	\N
1269	Teórico	FNEGF05A	T00020031	\N	1	\N
1691	Teórico	FNEGF05A	T00020031	\N	2	\N
1890	Teórico	FNEGF05A	T00020031	\N	3	\N
1899	Teórico	FNEGF06A	T00000069	\N	1	\N
2705	Teórico	FNEGF06A	T00091921	\N	1	\N
1318	Teórico	FNEGF07A	T00079776	\N	1	\N
2113	Teórico	FNEGF08A	T00000069	\N	1	\N
2346	Teórico	FNEGF08A	T00000069	\N	1	\N
2809	Teórico	FNEGF08A	\N	\N	1	\N
1122	Teórico	FNEGN01A	T00000044	\N	1	\N
1451	Teórico	FNEGN01A	T00048543	\N	1	\N
2509	Teórico	FNEGN02A	T00053378	\N	1	\N
2882	Teórico	FNEGN02A	\N	\N	1	\N
2322	Teórico	FNEGN03A	T00053214	\N	1	\N
2332	Teórico	FNEGN03A	T00000231	\N	1	\N
2297	Teórico	FNEGN04A	T00000231	\N	1	\N
2309	Teórico	FNEGN04A	T00000231	\N	1	\N
1288	Teórico	FNEGN05A	T00053214	\N	1	\N
1887	Teórico	FNEGN06A	T00059427	\N	1	\N
1331	Teórico	FNEGN07A	T00031744	\N	1	\N
1337	Teórico	FNEGN07A	T00031744	\N	1	\N
2071	Teórico	FNEGN08A	T00031744	\N	1	\N
2342	Teórico	FNEGN08A	T00031744	\N	1	\N
1490	Teórico	FNEGN09A	T00049647	\N	1	\N
2083	Teórico	FNEGO01A	T00059427	\N	1	\N
1891	Teórico	FNEGZ04A	T00020031	\N	1	\N
2864	Teórico	FNEGZ11A	\N	\N	1	\N
2323	Teórico	FNEGZ11A	T00053214	\N	1	\N
2333	Teórico	FNEGZ11A	T00000231	\N	1	\N
2164	Teórico	CHUMA01A	T00000076	\N	1	\N
1507	Teórico	CHUMA02A	T00057328	\N	1	\N
1508	Teórico	CHUMA02A	T00057328	\N	1	\N
2162	Teórico	CHUMA07A	T00000076	\N	1	\N
2163	Teórico	CHUMA07A	T00000076	\N	1	\N
2583	Teórico	CHUMA10A	T00057327	\N	1	\N
2584	Teórico	CHUMA10A	T00057327	\N	1	\N
2521	Teórico	CHUMA11A	T00084147	\N	1	\N
2359	Teórico	CHUMC03A	T00045007	\N	1	\N
1518	Teórico	CHUMC04A	T00018431	\N	1	\N
1515	Teórico	CHUMC07A	T00057328	\N	1	\N
1929	Teórico	CHUMC08A	T00018431	\N	1	\N
1930	Teórico	CHUMC08A	T00018431	\N	1	\N
2383	Teórico	CHUMC12A	T00055242	\N	1	\N
2381	Teórico	CHUMC12A	T00055242	\N	1	\N
2182	Teórico	CHUMC17A	T00037236	\N	1	\N
1354	Teórico	CHUMH01A	T00055748	\N	1	\N
1395	Teórico	CHUMH01A	T00041842	\N	1	\N
1396	Teórico	CHUMH01A	T00000029	\N	1	\N
1398	Teórico	CHUMH01A	T00057189	\N	1	\N
1401	Teórico	CHUMH01A	T00041283	\N	1	\N
1409	Teórico	CHUMH01A	T00046610	\N	1	\N
1415	Teórico	CHUMH01A	T00046610	\N	1	\N
1420	Teórico	CHUMH01A	T00044983	\N	1	\N
1423	Teórico	CHUMH01A	T00046610	\N	1	\N
1424	Teórico	CHUMH01A	T00021724	\N	1	\N
1434	Teórico	CHUMH01A	T00041283	\N	1	\N
1785	Teórico	CHUMH01A	T00057189	\N	1	\N
1788	Teórico	CHUMH01A	T00022220	\N	1	\N
1790	Teórico	CHUMH01A	T00041842	\N	1	\N
1794	Teórico	CHUMH01A	T00039565	\N	1	\N
1357	Teórico	CHUMH01A	T00065546	\N	1	\N
1798	Teórico	CHUMH01A	T00065546	\N	1	\N
1799	Teórico	CHUMH01A	T00041842	\N	1	\N
1837	Teórico	CHUMH01A	T00046610	\N	1	\N
1360	Teórico	CHUMH01A	T00065546	\N	1	\N
1364	Teórico	CHUMH01A	T00021724	\N	1	\N
1367	Teórico	CHUMH01A	T00041283	\N	1	\N
1369	Teórico	CHUMH01A	T00022220	\N	1	\N
1370	Teórico	CHUMH01A	T00044983	\N	1	\N
1372	Teórico	CHUMH01A	T00084206	\N	1	\N
1392	Teórico	CHUMH01A	T00055748	\N	1	\N
1017	Teórico	CHUMH02A	T00051174	\N	1	\N
1309	Teórico	CHUMH02A	T00055669	\N	1	\N
1456	Teórico	CHUMH02A	T00039565	\N	1	\N
1469	Teórico	CHUMH02A	T00051174	\N	1	\N
1478	Teórico	CHUMH02A	T00051174	\N	1	\N
1804	Teórico	CHUMH02A	T00084206	\N	1	\N
1807	Teórico	CHUMH02A	T00057189	\N	1	\N
1938	Teórico	CHUMH02A	T00084206	\N	1	\N
1050	Teórico	CHUMH02A	T00051173	\N	1	\N
1077	Teórico	CHUMH02A	T00051173	\N	1	\N
1113	Teórico	CHUMH02A	T00039565	\N	1	\N
1160	Teórico	CHUMH02A	T00055669	\N	1	\N
1186	Teórico	CHUMH02A	T00039565	\N	1	\N
1196	Teórico	CHUMH02A	T00051173	\N	1	\N
1245	Teórico	CHUMH02A	T00051174	\N	1	\N
1290	Teórico	CHUMH02A	T00051173	\N	1	\N
1285	Teórico	CHUMH03A	T00046694	\N	1	\N
2343	Teórico	CHUMH03A	T00046694	\N	1	\N
2357	Teórico	CHUMH03A	T00079657	\N	1	\N
1388	Teórico	CHUMH03A	T00040544	\N	1	\N
1412	Teórico	CHUMH03A	T00046694	\N	1	\N
1701	Teórico	CHUMH03A	T00057707	\N	1	\N
1787	Teórico	CHUMH03A	T00039407	\N	1	\N
2066	Teórico	CHUMH03A	T00057707	\N	1	\N
2079	Teórico	CHUMH03A	T00039407	\N	1	\N
2101	Teórico	CHUMH03A	T00079657	\N	1	\N
1066	Teórico	CHUMH04A	T00055694	\N	1	\N
2093	Teórico	CHUMH04A	T00036808	\N	1	\N
2094	Teórico	CHUMH04A	T00036808	\N	1	\N
2095	Teórico	CHUMH04A	T00079461	\N	1	\N
2099	Teórico	CHUMH04A	T00036808	\N	1	\N
1072	Teórico	CHUMH04A	T00055694	\N	1	\N
1078	Teórico	CHUMH04A	T00046694	\N	1	\N
1084	Teórico	CHUMH04A	T00055694	\N	1	\N
1925	Teórico	CHUMH04A	T00037236	\N	1	\N
2088	Teórico	CHUMH04A	T00055694	\N	1	\N
2090	Teórico	CHUMH04A	T00036808	\N	1	\N
2091	Teórico	CHUMH04A	T00055694	\N	1	\N
1747	Teórico	CHUMH05A	T00079583	\N	1	\N
1909	Teórico	CHUMH05A	T00037236	\N	1	\N
1911	Teórico	CHUMH05A	T00040544	\N	1	\N
2222	Teórico	CHUMH05A	T00037236	\N	1	\N
2230	Teórico	CHUMH05A	T00037236	\N	1	\N
1363	Teórico	CHUMH05A	T00079583	\N	1	\N
1365	Teórico	CHUMH05A	T00039407	\N	1	\N
1371	Teórico	CHUMH05A	T00079583	\N	1	\N
1374	Teórico	CHUMH05A	T00079583	\N	1	\N
1375	Teórico	CHUMH05A	T00039407	\N	1	\N
1447	Teórico	CHUMH05A	T00037236	\N	1	\N
1482	Teórico	CHUMH05A	T00079583	\N	1	\N
1485	Teórico	CHUMH05A	T00039407	\N	1	\N
1509	Teórico	CHUMH05A	T00079657	\N	1	\N
2571	Teórico	CHUML06A	T00059523	\N	1	\N
2522	Teórico	CHUML06A	T00059523	\N	1	\N
2052	Teórico	CHUML07A	T00059523	\N	1	\N
2069	Teórico	CHUMS02A	T00076395	\N	1	\N
1700	Teórico	CHUMS03A	T00076395	\N	1	\N
1931	Teórico	CHUMS03A	T00076395	\N	1	\N
1315	Teórico	CHUMS04A	T00076395	\N	1	\N
1241	Teórico	CHUMV04A	T00037678	\N	1	\N
1243	Teórico	CHUMV04A	T00037678	\N	1	\N
1244	Teórico	CHUMV04A	T00037678	\N	1	\N
2676	Teórico	CHULF01A	T00085422	\N	1	\N
1155	Teórico	CHULI01A	T00019696	\N	1	\N
1561	Teórico	CHULI01A	T00060662	\N	1	\N
2585	Teórico	CHULI01A	T00081846	\N	1	\N
2578	Teórico	CHULI01A	T00084198	\N	1	\N
1851	Teórico	CHULI01A	T00026962	\N	1	\N
1865	Teórico	CHULI01A	T00026962	\N	1	\N
1868	Teórico	CHULI01A	T00066695	\N	1	\N
2240	Teórico	CHULI01A	T00066695	\N	1	\N
1338	Teórico	CHULI02A	T00057681	\N	1	\N
1937	Teórico	CHULI02A	T00076572	\N	1	\N
2131	Teórico	CHULI02A	T00019696	\N	1	\N
2138	Teórico	CHULI02A	T00026962	\N	1	\N
2195	Teórico	CHULI02A	T00076572	\N	1	\N
1712	Teórico	CHULI02A	T00076572	\N	1	\N
2586	Teórico	CHULI02A	T00048005	\N	1	\N
2580	Teórico	CHULI02A	T00020734	\N	1	\N
1795	Teórico	CHULI02A	T00026962	\N	1	\N
2552	Teórico	CHULI02A	T00076572	\N	1	\N
1166	Teórico	CHULI03A	T00057333	\N	1	\N
1210	Teórico	CHULI03A	T00066804	\N	1	\N
1211	Teórico	CHULI03A	T00057333	\N	1	\N
1213	Teórico	CHULI03A	T00057681	\N	1	\N
1217	Teórico	CHULI03A	T00014095	\N	1	\N
1224	Teórico	CHULI03A	T00057681	\N	1	\N
1225	Teórico	CHULI03A	T00014775	\N	1	\N
1228	Teórico	CHULI03A	T00020741	\N	1	\N
1231	Teórico	CHULI03A	T00014775	\N	1	\N
1232	Teórico	CHULI03A	T00091816	\N	1	\N
2187	Teórico	CHULI03A	T00020741	\N	1	\N
2188	Teórico	CHULI03A	T00084196	\N	1	\N
2190	Teórico	CHULI03A	T00066745	\N	1	\N
1167	Teórico	CHULI03A	T00063166	\N	1	\N
1169	Teórico	CHULI03A	T00048005	\N	1	\N
1172	Teórico	CHULI03A	T00081846	\N	1	\N
1173	Teórico	CHULI03A	T00014775	\N	1	\N
1183	Teórico	CHULI03A	T00014095	\N	1	\N
1184	Teórico	CHULI03A	T00066745	\N	1	\N
1189	Teórico	CHULI03A	T00066804	\N	1	\N
1195	Teórico	CHULI03A	T00000537	\N	1	\N
2579	Teórico	CHULI03A	T00076572	\N	1	\N
1087	Teórico	CHULI04A	T00084177	\N	1	\N
1128	Teórico	CHULI04A	T00084177	\N	1	\N
1129	Teórico	CHULI04A	T00084198	\N	1	\N
1135	Teórico	CHULI04A	T00091816	\N	1	\N
1139	Teórico	CHULI04A	T00048005	\N	1	\N
1143	Teórico	CHULI04A	T00076574	\N	1	\N
1146	Teórico	CHULI04A	T00000086	\N	1	\N
1626	Teórico	CHULI04A	T00000537	\N	1	\N
1649	Teórico	CHULI04A	T00076574	\N	1	\N
1671	Teórico	CHULI04A	T00020734	\N	1	\N
1689	Teórico	CHULI04A	T00047317	\N	1	\N
2151	Teórico	CHULI04A	T00000468	\N	1	\N
2152	Teórico	CHULI04A	T00000468	\N	1	\N
2154	Teórico	CHULI04A	T00000086	\N	1	\N
1091	Teórico	CHULI04A	T00084196	\N	1	\N
1092	Teórico	CHULI04A	T00063166	\N	1	\N
1107	Teórico	CHULI04A	T00000444	\N	1	\N
1110	Teórico	CHULI04A	T00057333	\N	1	\N
1115	Teórico	CHULI04A	T00079475	\N	1	\N
1117	Teórico	CHULI04A	T00091816	\N	1	\N
1120	Teórico	CHULI04A	T00020734	\N	1	\N
2553	Teórico	CHULI04A	T00076574	\N	1	\N
1362	Teórico	CHULI05A	T00057694	\N	1	\N
1796	Teórico	CHULI05A	T00081923	\N	1	\N
2057	Teórico	CHULI05A	T00060662	\N	1	\N
2087	Teórico	CHULI05A	T00000415	\N	1	\N
2144	Teórico	CHULI05A	T00057694	\N	1	\N
2515	Teórico	CHULI05A	T00084196	\N	1	\N
2516	Teórico	CHULI05A	T00081923	\N	1	\N
2587	Teórico	CHULI05A	T00063166	\N	1	\N
1696	Teórico	CHULI05A	T00085422	\N	1	\N
1703	Teórico	CHULI05A	T00070756	\N	1	\N
1710	Teórico	CHULI05A	T00000468	\N	1	\N
1727	Teórico	CHULI05A	T00066695	\N	1	\N
1731	Teórico	CHULI05A	T00066745	\N	1	\N
1740	Teórico	CHULI05A	T00081846	\N	1	\N
1748	Teórico	CHULI05A	T00000444	\N	1	\N
2554	Teórico	CHULI05A	T00057694	\N	1	\N
2551	Teórico	CHULI05A	T00047317	\N	1	\N
1480	Teórico	IAMBA03A	T00057415	\N	1	\N
2150	Teórico	IAMBA04A	T00037686	\N	1	\N
1932	Teórico	IAMBA05A	T00066761	\N	1	\N
1928	Teórico	IAMBA06A	T00057322	\N	1	\N
1418	Teórico	IAMBA07A	T00054390	\N	1	\N
1721	Teórico	IAMBA08A	T00066761	\N	1	\N
2136	Teórico	IAMBA09A	T00057322	\N	1	\N
1681	Teórico	IAMBA10A	T00059175	\N	1	\N
1783	Teórico	IAMBA12A	T00069894	\N	1	\N
1238	Teórico	IAMBA17A	T00069894	\N	1	\N
1779	Teórico	IAMBA18A	T00040553	\N	1	\N
1124	Teórico	IAMBB01A	T00066761	\N	1	\N
1376	Teórico	IAMBB02A	T00020729	\N	1	\N
1926	Teórico	IAMBB03A	T00020729	\N	1	\N
1817	Teórico	IAMBP01A	T00057322	\N	1	\N
1816	Teórico	IAMBP02A	T00057322	\N	1	\N
2135	Teórico	IAMBZ04A	T00057322	\N	1	\N
2156	Teórico	IAMBZ06A	T00040553	\N	1	\N
2361	Teórico	IAMBZ14A	T00081891	\N	1	\N
1497	Teórico	ICIVA02A	T00059176	\N	1	\N
1081	Teórico	ICIVA03A	T00044492	\N	1	\N
1876	Teórico	ICIVA04A	T00081892	\N	1	\N
1852	Teórico	ICIVA05A	T00051182	\N	1	\N
1959	Teórico	ICIVA06A	T00084189	\N	1	\N
1263	Teórico	ICIVA07A	T00031751	\N	1	\N
2574	Teórico	ICIVA07A	T00053874	\N	1	\N
1871	Teórico	ICIVA08A	T00035572	\N	1	\N
2513	Teórico	ICIVA08A	T00035572	\N	1	\N
1093	Teórico	ICIVA09A	T00022797	\N	1	\N
1862	Teórico	ICIVA09A	T00022797	\N	1	\N
1866	Teórico	ICIVA09A	T00022797	\N	1	\N
1248	Teórico	ICIVA11A	T00037450	\N	1	\N
1742	Teórico	ICIVA12A	T00059176	\N	1	\N
1860	Teórico	ICIVA13A	T00076598	\N	1	\N
1648	Teórico	ICIVA14A	T00037450	\N	1	\N
2535	Teórico	ICIVA16A	T00051182	\N	1	\N
1789	Teórico	ICIVA17A	T00022797	\N	1	\N
2178	Teórico	ICIVA19A	T00018371	\N	1	\N
2125	Teórico	ICIVA21A	T00018371	\N	1	\N
2049	Teórico	ICIVA22A	T00044492	\N	1	\N
1832	Teórico	ICIVB01A	T00031751	\N	1	\N
1944	Teórico	ICIVB01A	T00053874	\N	1	\N
1667	Teórico	ICIVB02A	T00051182	\N	1	\N
1824	Teórico	ICIVB02A	T00051182	\N	2	\N
1820	Teórico	ICIVB03A	T00040553	\N	1	\N
2609	Teórico	ICIVB03A	T00040553	\N	2	\N
1836	Teórico	ICIVB04A	T00084189	\N	1	\N
2050	Teórico	ICIVB05A	T00044492	\N	1	\N
1877	Teórico	ICIVZ03A	T00081892	\N	1	\N
1264	Teórico	ICIVZ04A	T00031751	\N	1	\N
1872	Teórico	ICIVZ08A	T00035572	\N	1	\N
2514	Teórico	ICIVZ08A	T00035572	\N	1	\N
1094	Teórico	ICIVZ09A	T00022797	\N	1	\N
1863	Teórico	ICIVZ09A	T00022797	\N	1	\N
2051	Teórico	ICIVZ10A	T00044492	\N	1	\N
1999	Teórico	IELEC01A	T00000020	\N	1	\N
2364	Teórico	IELEE01A	T00000018	\N	1	\N
1991	Teórico	IELEE02A	T00000018	\N	1	\N
1990	Teórico	IELEE03A	T00000063	\N	1	\N
1995	Teórico	IELEE04A	T00043698	\N	1	\N
1983	Teórico	IELEF01A	T00000049	\N	1	\N
1985	Teórico	IELEF02A	T00001359	\N	1	\N
1314	Teórico	IELEF03A	T00040875	\N	1	\N
1699	Teórico	IELEF03A	T00000049	\N	1	\N
1901	Teórico	IELEF03A	T00010734	\N	1	\N
1986	Teórico	IELEF04A	T00000020	\N	1	\N
2006	Teórico	IELEF05A	T00000018	\N	1	\N
2112	Teórico	IELEF07A	T00011527	\N	1	\N
1996	Teórico	IELEP01A	T00043698	\N	1	\N
2000	Teórico	IELEP02A	T00043698	\N	1	\N
1994	Teórico	IELEW01A	T00024282	\N	1	\N
1997	Teórico	IELEW02A	T00000063	\N	1	\N
1998	Teórico	IELEW03A	T00024282	\N	1	\N
2001	Teórico	IELEW04A	T00024282	\N	1	\N
2365	Teórico	IELEZ02A	T00000018	\N	1	\N
2414	Teórico	IETRC01A	T00000020	\N	1	\N
2415	Teórico	IETRC01A	T00000068	\N	1	\N
2374	Teórico	IETRC02A	T00000068	\N	1	\N
1989	Teórico	IETRC03A	T00040950	\N	1	\N
2431	Teórico	IETRC04A	T00009099	\N	1	\N
1257	Teórico	IETRC05A	T00054349	\N	1	\N
2370	Teórico	IETRD01A	T00009099	\N	1	\N
2371	Teórico	IETRD02A	T00011527	\N	1	\N
1273	Teórico	IETRD03A	T00007608	\N	1	\N
1571	Teórico	IETRD03A	T00007608	\N	1	\N
1889	Teórico	IETRD03A	T00007608	\N	1	\N
1984	Teórico	IETRF01A	T00000049	\N	1	\N
1308	Teórico	IETRF02A	T00045214	\N	1	\N
1600	Teórico	IETRF02A	T00009099	\N	1	\N
2253	Teórico	IETRF02A	T00035744	\N	1	\N
2402	Teórico	IETRF03A	T00040950	\N	1	\N
2406	Teórico	IETRF03A	T00040950	\N	2	\N
2410	Teórico	IETRF03A	T00040950	\N	3	\N
2008	Teórico	IETRF04A	T00040950	\N	1	\N
2363	Teórico	IETRF04A	T00000049	\N	1	\N
2007	Teórico	IETRM01A	T00001074	\N	1	\N
2373	Teórico	IETRM02A	T00001074	\N	1	\N
2376	Teórico	IETRM03A	T00001074	\N	1	\N
2375	Teórico	IETRP01A	T00000049	\N	1	\N
2377	Teórico	IETRP02A	T00000049	\N	1	\N
1604	Teórico	IINDA01A	T00012602	\N	1	\N
2218	Teórico	IINDA03A	T00007445	\N	1	\N
2219	Teórico	IINDA03A	T00007445	\N	1	\N
2231	Teórico	IINDA04A	T00001023	\N	1	\N
2493	Teórico	IINDA04A	T00001023	\N	1	\N
1029	Teórico	IINDA05A	T00057454	\N	1	\N
1133	Teórico	IINDA05A	T00057454	\N	1	\N
1502	Teórico	IINDA05A	T00001023	\N	1	\N
1856	Teórico	IINDA06A	T00001023	\N	1	\N
1046	Teórico	IINDA07A	T00000387	\N	1	\N
1048	Teórico	IINDA07A	T00000387	\N	1	\N
2536	Teórico	IINDA08A	T00037779	\N	1	\N
1159	Teórico	IINDA09A	T00019227	\N	1	\N
1550	Teórico	IINDP01A	T00037937	\N	1	\N
2721	Teórico	IINDP02A	T00037937	\N	1	\N
2217	Teórico	IINDR01A	T00012602	\N	1	\N
1848	Teórico	IINDR02A	T00014261	\N	1	\N
2225	Teórico	IINDR02A	T00015209	\N	1	\N
2226	Teórico	IINDR02A	T00000067	\N	1	\N
2227	Teórico	IINDR03A	T00060586	\N	1	\N
1014	Teórico	IINDR04A	T00049413	\N	1	\N
1016	Teórico	IINDR07A	T00000629	\N	1	\N
1023	Teórico	IINDR08A	T00000106	\N	1	\N
1108	Teórico	IINDR08A	T00000106	\N	1	\N
1039	Teórico	IINDR09A	T00000629	\N	1	\N
1049	Teórico	IINDR10A	T00037779	\N	1	\N
1054	Teórico	IINDR11A	T00000629	\N	1	\N
1065	Teórico	IINDR12A	T00049413	\N	1	\N
1000	Teórico	IINDR13A	T00000055	\N	1	\N
1003	Teórico	IINDR13A	T00000055	\N	1	\N
2089	Teórico	IINDR14A	T00014261	\N	1	\N
2537	Teórico	IINDR20A	T00012602	\N	1	\N
2172	Teórico	IINDR21A	T00037937	\N	1	\N
2105	Teórico	IMECB01A	T00010220	\N	1	\N
2107	Teórico	IMECB01A	T00000059	\N	1	\N
1341	Teórico	IMECD01A	T00033028	\N	1	\N
1433	Teórico	IMECD01A	T00001359	\N	1	\N
1436	Teórico	IMECD01A	T00033028	\N	1	\N
1440	Teórico	IMECD01A	T00041054	\N	1	\N
1902	Teórico	IMECD01A	T00045056	\N	1	\N
1906	Teórico	IMECD01A	T00041054	\N	1	\N
1809	Teórico	IMECD03A	T00000059	\N	1	\N
1810	Teórico	IMECD03A	T00045723	\N	1	\N
1813	Teórico	IMECD03A	T00045723	\N	1	\N
1814	Teórico	IMECD03A	T00000059	\N	1	\N
2438	Teórico	IMECD04A	T00000059	\N	1	\N
2439	Teórico	IMECD04A	T00020488	\N	1	\N
2440	Teórico	IMECD04A	T00000059	\N	1	\N
2115	Teórico	IMECD05A	T00020488	\N	1	\N
2472	Teórico	IMECD06A	T00012792	\N	1	\N
2473	Teórico	IMECD06A	T00012792	\N	1	\N
2850	Teórico	IMECD06A	\N	\N	1	\N
1883	Teórico	IMECD07A	T00021662	\N	1	\N
1274	Teórico	IMECD08A	T00021662	\N	1	\N
2566	Teórico	IMECD08A	T00021662	\N	1	\N
1267	Teórico	IMECD09A	T00010797	\N	1	\N
1801	Teórico	IMECD10A	T00001359	\N	1	\N
1503	Teórico	IMECD11A	T00010797	\N	1	\N
1840	Teórico	IMECF01A	T00002456	\N	1	\N
2474	Teórico	IMECF02A	T00020472	\N	1	\N
1256	Teórico	IMECF03A	T00026655	\N	1	\N
1882	Teórico	IMECF04A	T00007524	\N	1	\N
1251	Teórico	IMECF05A	T00020472	\N	1	\N
2103	Teórico	IMECF06A	T00026655	\N	1	\N
1088	Teórico	IMECF07A	T00007524	\N	1	\N
1198	Teórico	IMECM01A	T00035836	\N	1	\N
1378	Teórico	IMECM01A	T00080329	\N	2	\N
2673	Teórico	IMECM01A	T00045899	\N	3	\N
2116	Teórico	IMECM02A	T00080329	\N	1	\N
1351	Teórico	IMECM03A	T00010220	\N	1	\N
2416	Teórico	IMECM03A	T00047306	\N	2	\N
2184	Teórico	IMECM04A	T00080329	\N	1	\N
1523	Teórico	IMECM05A	T00045901	\N	1	\N
1276	Teórico	IMECP01A	T00021662	\N	1	\N
1277	Teórico	IMECP02A	T00021662	\N	1	\N
1275	Teórico	IMECZ03A	T00021662	\N	1	\N
1884	Teórico	IMECZ06A	T00021662	\N	1	\N
2419	Teórico	IMTRA01A	T00045056	\N	1	\N
2425	Teórico	IMTRA02A	T00024427	\N	1	\N
2849	Teórico	IMTRA02A	\N	\N	1	\N
2429	Teórico	IMTRA03A	T00064566	\N	1	\N
2434	Teórico	IMTRA04A	T00041054	\N	1	\N
2852	Teórico	IMTRA04A	\N	\N	1	\N
2139	Teórico	IMTRA07A	T00016294	\N	1	\N
2171	Teórico	IMTRA08A	T00045151	\N	1	\N
1287	Teórico	IMTRB01A	T00016294	\N	1	\N
1289	Teórico	IMTRB01A	T00035836	\N	1	\N
1505	Teórico	IMTRC02A	T00022048	\N	1	\N
2432	Teórico	IMTRD01A	T00064566	\N	1	\N
1301	Teórico	IMTRM01A	T00035836	\N	1	\N
2228	Teórico	IMTRM01A	T00035836	\N	2	\N
2430	Teórico	IMTRP01A	T00064566	\N	1	\N
1499	Teórico	IMTRP02A	T00064566	\N	1	\N
2569	Teórico	IMTRP02A	T00064566	\N	1	\N
2426	Teórico	IMTRZ04A	T00024427	\N	1	\N
2499	Teórico	IQUIA01A	T00085821	\N	1	\N
2502	Teórico	IQUIA02A	T00057415	\N	1	\N
1967	Teórico	IQUIA03A	T00057415	\N	1	\N
2504	Teórico	IQUIA04A	T00050423	\N	1	\N
1965	Teórico	IQUIA05A	T00050423	\N	1	\N
1971	Teórico	IQUIA06A	T00085821	\N	1	\N
2003	Teórico	IQUIA07A	T00085821	\N	1	\N
1969	Teórico	IQUIA08A	T00085821	\N	1	\N
1975	Teórico	IQUIA09A	T00057415	\N	1	\N
1621	Teórico	IQUIA14A	T00050423	\N	1	\N
2485	Teórico	IQUIB01A	T00028098	\N	1	\N
2490	Teórico	IQUIB02A	T00054880	\N	1	\N
2501	Teórico	IQUIB04A	T00085821	\N	1	\N
2497	Teórico	IQUIB05A	T00054880	\N	1	\N
1973	Teórico	IQUIP01A	T00028098	\N	1	\N
1974	Teórico	IQUIP02A	T00028098	\N	1	\N
1261	Teórico	IBIOB01A	T00042533	\N	1	\N
2067	Teórico	IBIOF01A	T00034460	\N	1	\N
1095	Teórico	IBIOF03A	T00042533	\N	1	\N
1885	Teórico	IBIOF04A	T00091823	\N	1	\N
1253	Teórico	IBIOF05A	T00035744	\N	1	\N
1774	Teórico	IBIOI01A	T00000243	\N	1	\N
1283	Teórico	IBIOM01A	T00024427	\N	1	\N
1895	Teórico	IBIOP01A	T00045214	\N	1	\N
1303	Teórico	IBIOP02A	T00034460	\N	1	\N
2577	Teórico	IBIOP04A	T00045214	\N	1	\N
2305	Teórico	ISCOA01A	T00009855	\N	1	\N
2714	Teórico	ISCOA01A	T00084295	\N	1	\N
2281	Teórico	ISCOA02A	T00008436	\N	1	\N
2715	Teórico	ISCOA02A	T00010916	\N	2	\N
2294	Teórico	ISCOA03A	T00000065	\N	1	\N
1033	Teórico	ISCOA04A	T00010915	\N	1	\N
1187	Teórico	ISCOA04A	T00010915	\N	2	\N
2348	Teórico	ISCOA04A	T00010915	\N	3	\N
1501	Teórico	ISCOA06A	T00008436	\N	1	\N
1896	Teórico	ISCOA19A	T00000254	\N	1	\N
1126	Teórico	ISCOC01A	T00021905	\N	1	\N
1426	Teórico	ISCOC01A	T00000021	\N	1	\N
1428	Teórico	ISCOC01A	T00000119	\N	1	\N
1917	Teórico	ISCOC01A	T00000065	\N	1	\N
2014	Teórico	ISCOC02A	T00080354	\N	1	\N
2016	Teórico	ISCOC02A	T00021905	\N	1	\N
2085	Teórico	ISCOC02A	T00012187	\N	1	\N
2106	Teórico	ISCOC02A	T00021905	\N	1	\N
2110	Teórico	ISCOC02A	T00066102	\N	1	\N
2137	Teórico	ISCOC02A	T00000502	\N	1	\N
2146	Teórico	ISCOC02A	T00000502	\N	1	\N
2148	Teórico	ISCOC02A	T00021905	\N	1	\N
1250	Teórico	ISCOC02A	T00010571	\N	1	\N
1486	Teórico	ISCOC02A	T00021751	\N	1	\N
1964	Teórico	ISCOC02A	T00021751	\N	1	\N
1993	Teórico	ISCOC02A	T00066102	\N	1	\N
2009	Teórico	ISCOC02A	T00080354	\N	1	\N
2010	Teórico	ISCOC02A	T00021905	\N	1	\N
2011	Teórico	ISCOC02A	T00084295	\N	1	\N
2012	Teórico	ISCOC02A	T00000502	\N	1	\N
2013	Teórico	ISCOC02A	T00021751	\N	1	\N
1140	Teórico	ISCOC03A	T00021751	\N	1	\N
1147	Teórico	ISCOC03A	T00008528	\N	1	\N
1661	Teórico	ISCOC03A	T00008528	\N	1	\N
1684	Teórico	ISCOC03A	T00008528	\N	1	\N
2725	Teórico	ISCOC03A	T00060037	\N	1	\N
2221	Teórico	ISCOC04A	T00008528	\N	1	\N
2236	Teórico	ISCOC04A	T00012187	\N	1	\N
1590	Teórico	ISCOC05A	T00013758	\N	1	\N
1591	Teórico	ISCOC05A	T00013758	\N	1	\N
1021	Teórico	ISCOC06A	T00080352	\N	1	\N
1335	Teórico	ISCOC07A	T00019188	\N	1	\N
1339	Teórico	ISCOC07A	T00019188	\N	1	\N
1904	Teórico	ISCOC07A	T00000064	\N	1	\N
1404	Teórico	ISCOC08A	T00000021	\N	1	\N
1477	Teórico	ISCOC08A	T00000021	\N	1	\N
1670	Teórico	ISCOC09A	T00000254	\N	1	\N
1592	Teórico	ISCOC10A	T00000021	\N	1	\N
2372	Teórico	ISCOC10A	T00000021	\N	1	\N
1111	Teórico	ISCOC12A	T00076596	\N	1	\N
2480	Teórico	INAVA01A	T00018922	\N	1	\N
2436	Teórico	INAVB01A	T00018922	\N	1	\N
2437	Teórico	INAVB02A	T00018922	\N	1	\N
2483	Teórico	INAVC01A	T00021661	\N	1	\N
2471	Teórico	INAVD01A	T00060663	\N	1	\N
2476	Teórico	INAVD02A	T00021661	\N	1	\N
2475	Teórico	INAVD03A	T00060663	\N	1	\N
2479	Teórico	INAVD04A	T00060678	\N	1	\N
2477	Teórico	INAVD05A	T00018922	\N	1	\N
2481	Teórico	INAVD06A	T00081976	\N	1	\N
2767	Teórico	INAVD06A	\N	\N	1	\N
2538	Teórico	INAVE01A	T00021661	\N	1	\N
2260	Teórico	INAVE02A	T00060663	\N	1	\N
2482	Teórico	INAVP01A	T00018922	\N	1	\N
2484	Teórico	INAVP02A	T00018922	\N	1	\N
2749	Teórico	OPGRSP011	T00000044	\N	1	\N
2740	Teórico	OPGRSP06	T00018269	\N	1	\N
2750	Teórico	OPGRSP08	T00007962	\N	1	\N
2742	Teórico	OPGRSP24	T00007989	\N	1	\N
1913	Teórico	PSICA05A	T00044983	\N	1	\N
1450	Teórico	PSICA07A	T00013153	\N	1	\N
2168	Teórico	PSICA12A	T00008759	\N	1	\N
1858	Teórico	PSICA16A	T00044983	\N	1	\N
2098	Teórico	PSICA20A	T00000431	\N	1	\N
2191	Teórico	PSICA22A	T00020361	\N	1	\N
2387	Teórico	PSICB01A	T00084208	\N	1	\N
2384	Teórico	PSICB01A	T00007989	\N	1	\N
2393	Teórico	PSICB04A	T00040584	\N	1	\N
1587	Teórico	PSICC01A	T00022062	\N	1	\N
1980	Teórico	PSICE07A	T00019649	\N	1	\N
1538	Teórico	PSICG01A	T00019649	\N	1	\N
1723	Teórico	PSICG01A	T00019649	\N	2	\N
2661	Teórico	PSICI02A	T00008759	\N	1	\N
1293	Teórico	PSICM03A	T00012429	\N	1	\N
1609	Teórico	PSICM04A	T00054928	\N	1	\N
1608	Teórico	PSICM04A	T00052721	\N	1	\N
2035	Teórico	PSICM05A	T00052721	\N	1	\N
2341	Teórico	PSICM05A	T00052721	\N	1	\N
2165	Teórico	PSICR01A	T00020361	\N	1	\N
2173	Teórico	PSICR01A	T00091859	\N	1	\N
2732	Teórico	PSICR02A	T00011744	\N	1	\N
1933	Teórico	PSICR03A	T00054928	\N	1	\N
1112	Teórico	PSICS07A	T00008759	\N	1	\N
1662	Teórico	PSICS13A	T00091859	\N	1	\N
2054	Teórico	PSICS13A	T00091859	\N	1	\N
1601	Teórico	PSICS14A	T00084208	\N	1	\N
2378	Teórico	PSICS15A	T00000485	\N	1	\N
2379	Teórico	PSICS15A	T00000485	\N	1	\N
1607	Teórico	PSICS16A	T00000485	\N	1	\N
2179	Teórico	PSICS17A	T00013153	\N	1	\N
1654	Teórico	PSICS18A	T00079469	\N	1	\N
1638	Teórico	PSICS19A	T00055793	\N	1	\N
2665	Teórico	PSICS19A	T00055793	\N	2	\N
1660	Teórico	PSICS20A	T00012447	\N	1	\N
2350	Teórico	PSICS21A	T00022062	\N	1	\N
2244	Teórico	PSICS22A	T00084208	\N	1	\N
1541	Laboratorio	AEMPG07A	T00014030	\N	1	\N
2855	Laboratorio	AEMPG07A	\N	\N	1	\N
2868	Laboratorio	AEMPO01A	\N	\N	1	\N
2867	Laboratorio	AEMPO05A	\N	\N	1	\N
1704	Laboratorio	AEMPP01A	T00000028	\N	1	\N
2881	Laboratorio	AEMPP01A	\N	\N	1	\N
1708	Laboratorio	AEMPP02A	T00049647	\N	1	\N
2722	Laboratorio	AEMPP03A	T00036222	\N	1	\N
1812	Laboratorio	ARQTD01A	T00090593	\N	1	\N
1839	Laboratorio	ARQTD02A	T00066757	\N	1	\N
2160	Laboratorio	ARQTD03A	T00012849	\N	1	\N
2445	Laboratorio	ARQTD04A	T00081909	\N	1	\N
2444	Laboratorio	ARQTD04A	T00079454	\N	1	\N
2460	Laboratorio	ARQTD05A	T00079453	\N	1	\N
2470	Laboratorio	ARQTD07A	T00069599	\N	1	\N
2469	Laboratorio	ARQTD07A	T00037300	\N	1	\N
1431	Laboratorio	ARQTD08A	T00085411	\N	1	\N
1683	Laboratorio	ARQTE01A	T00084175	\N	1	\N
1803	Laboratorio	ARQTE01A	T00084175	\N	1	\N
1833	Laboratorio	ARQTE02A	T00069980	\N	1	\N
1849	Laboratorio	ARQTE03A	T00001359	\N	1	\N
1847	Laboratorio	ARQTE03A	T00001359	\N	1	\N
1954	Laboratorio	ARQTE03A	T00001359	\N	1	\N
2448	Laboratorio	ARQTE04A	T00021323	\N	1	\N
2458	Laboratorio	ARQTE05A	T00024471	\N	1	\N
2457	Laboratorio	ARQTE05A	T00024471	\N	1	\N
2459	Laboratorio	ARQTE05A	T00021323	\N	1	\N
2526	Laboratorio	ARQTE07A	T00069599	\N	1	\N
1439	Laboratorio	ARQTH07A	T00085411	\N	1	\N
2528	Laboratorio	ARQTT12A	T00084152	\N	1	\N
1448	Laboratorio	CDATD01A	T00069449	\N	1	\N
1688	Laboratorio	CPOLN16A	T00026139	\N	1	\N
1737	Laboratorio	CPOLP02A	T00044092	\N	1	\N
1733	Laboratorio	CPOLP03A	T00018350	\N	1	\N
1506	Laboratorio	CPOLP06A	T00018350	\N	1	\N
1279	Laboratorio	CBASB04A	T00049553	1278	1	\N
1064	Laboratorio	CBASF01A	T00045061	1063	1	\N
2631	Laboratorio	CBASF01A	T00045061	1063	1	\N
1099	Laboratorio	CBASF01A	T00045030	1098	2	\N
2632	Laboratorio	CBASF01A	T00045030	1098	2	\N
1142	Laboratorio	CBASF01A	T00004390	1141	3	\N
2634	Laboratorio	CBASF01A	T00004390	1141	3	\N
1400	Laboratorio	CBASF01A	T00045061	1399	4	\N
2633	Laboratorio	CBASF01A	T00045061	1399	4	\N
1442	Laboratorio	CBASF01A	T00045061	1441	5	\N
2637	Laboratorio	CBASF01A	T00045061	1441	5	\N
1454	Laboratorio	CBASF01A	T00045061	1453	6	\N
1920	Laboratorio	CBASF01A	T00045030	1919	7	\N
2638	Laboratorio	CBASF01A	T00045030	1919	7	\N
1076	Laboratorio	CBASF02A	T00040875	1075	1	\N
2639	Laboratorio	CBASF02A	T00040875	1075	1	\N
1234	Laboratorio	CBASF02A	T00040875	1233	2	\N
2641	Laboratorio	CBASF02A	T00040875	1233	2	\N
1266	Laboratorio	CBASF02A	T00091818	1265	3	\N
2646	Laboratorio	CBASF02A	T00091818	1265	3	\N
1320	Laboratorio	CBASF02A	T00040957	1319	4	\N
2642	Laboratorio	CBASF02A	T00040957	1319	4	\N
1438	Laboratorio	CBASF02A	T00091818	1437	5	\N
2643	Laboratorio	CBASF02A	T00091818	1437	5	\N
1753	Laboratorio	CBASF02A	T00040957	1752	6	\N
2345	Laboratorio	CBASF02A	T00021700	2344	8	\N
2640	Laboratorio	CBASF02A	T00040875	2344	8	\N
1002	Laboratorio	CBASF03A	T00040875	1001	1	\N
1008	Laboratorio	CBASF03A	T00050423	1007	2	\N
2653	Laboratorio	CBASF03A	T00050423	1007	2	\N
2656	Laboratorio	CBASF03A	T00045030	1018	3	\N
1152	Laboratorio	CBASM03A	T00000064	1151	1	\N
1153	Laboratorio	CBASM03A	T00000064	1151	1	\N
1154	Laboratorio	CBASM03A	T00000064	1151	1	\N
1175	Laboratorio	CBASM03A	T00057306	1174	2	\N
1176	Laboratorio	CBASM03A	T00084204	1174	2	\N
1177	Laboratorio	CBASM03A	T00053397	1174	2	\N
1178	Laboratorio	CBASM03A	T00084202	1174	2	\N
1179	Laboratorio	CBASM03A	T00053397	1174	2	\N
1180	Laboratorio	CBASM03A	T00008170	1174	2	\N
1322	Laboratorio	CBASM03A	T00008170	1321	3	\N
1324	Laboratorio	CBASM03A	T00057306	1321	3	\N
1325	Laboratorio	CBASM03A	T00008170	1321	3	\N
1326	Laboratorio	CBASM03A	T00001541	1321	3	\N
1327	Laboratorio	CBASM03A	T00057306	1321	3	\N
1555	Laboratorio	CBASM05A	T00084202	1554	1	\N
1556	Laboratorio	CBASM05A	T00084202	1554	1	\N
1559	Laboratorio	CBASM05A	T00059423	1554	1	\N
1560	Laboratorio	CBASM05A	T00055760	1554	1	\N
1563	Laboratorio	CBASM05A	T00059423	1562	2	\N
1564	Laboratorio	CBASM05A	T00076408	1562	2	\N
1565	Laboratorio	CBASM05A	T00076408	1562	2	\N
1566	Laboratorio	CBASM05A	T00084202	1562	2	\N
1567	Laboratorio	CBASM05A	T00076408	1562	2	\N
1568	Laboratorio	CBASM05A	T00076408	1562	2	\N
1581	Laboratorio	CBASM06A	T00059426	1580	1	\N
1582	Laboratorio	CBASM06A	T00000072	1580	1	\N
1583	Laboratorio	CBASM06A	T00000072	1580	1	\N
1584	Laboratorio	CBASM06A	T00059426	1580	1	\N
1585	Laboratorio	CBASM06A	T00059426	1580	1	\N
2683	Laboratorio	CBASM06A	T00024984	1580	1	\N
2684	Laboratorio	CBASM06A	T00059423	1580	1	\N
1675	Laboratorio	CBASM06A	T00059426	1674	2	\N
1676	Laboratorio	CBASM06A	T00000072	1674	2	\N
1677	Laboratorio	CBASM06A	T00024984	1674	2	\N
2629	Laboratorio	CBASQ01A	T00091817	1619	1	\N
2619	Laboratorio	CBASQ01A	T00054390	1697	2	\N
2622	Laboratorio	CBASQ01A	T00054390	1718	3	\N
1769	Laboratorio	CBASQ01A	T00091817	1768	4	\N
2492	Laboratorio	CBASQ04A	T00000083	2491	1	\N
1573	Laboratorio	CSOCB03A	T00021680	\N	1	\N
1218	Laboratorio	CSOCB05A	T00022976	\N	1	\N
2666	Laboratorio	CSOCG03A	T00051306	\N	1	\N
2845	Laboratorio	CSOCG03A	\N	\N	1	\N
2310	Laboratorio	CSOCG08A	T00055756	\N	1	\N
2549	Laboratorio	CSOCG08A	T00055756	\N	1	\N
1874	Laboratorio	CSOCL01A	T00014135	\N	1	\N
1749	Laboratorio	CSOCM01A	T00091862	\N	1	\N
1037	Laboratorio	CSOCM02A	T00081960	\N	1	\N
1875	Laboratorio	CSOCM03A	T00000050	\N	1	\N
2561	Laboratorio	CSOCM03A	T00000050	\N	1	\N
2070	Laboratorio	CSOCM04A	T00084210	\N	1	\N
2068	Laboratorio	CSOCM05A	T00051306	\N	1	\N
1286	Laboratorio	CSOCM06A	T00081960	\N	1	\N
1230	Laboratorio	CSOCP01A	T00022976	\N	1	\N
2296	Laboratorio	CSOCP03A	T00021680	\N	1	\N
2311	Laboratorio	CSOCP04A	T00081960	\N	1	\N
2053	Laboratorio	CSOCT01A	T00040585	\N	1	\N
1191	Laboratorio	CSOCT03A	T00084210	\N	1	\N
1672	Laboratorio	CSOCT05A	T00084210	\N	1	\N
1457	Laboratorio	CSOCT05A	T00084210	\N	1	\N
1445	Laboratorio	CSOCT06A	T00034995	\N	1	\N
1430	Laboratorio	CSOCT06A	T00034995	\N	1	\N
2299	Laboratorio	CSOCT08A	T00051306	\N	1	\N
2324	Laboratorio	CPULA01A	T00039722	\N	1	\N
2233	Laboratorio	CPULC05A	T00039722	\N	1	\N
2331	Laboratorio	CPULG04A	T00039722	\N	1	\N
2340	Laboratorio	CPULP01A	T00000028	\N	1	\N
2334	Laboratorio	CPULP02A	T00049647	\N	1	\N
1643	Laboratorio	CPULP03A	T00036222	\N	1	\N
1300	Laboratorio	ECONC01A	T00029754	1299	1	\N
1422	Laboratorio	ECONC01A	T00020784	1421	2	\N
1488	Laboratorio	ECONC01A	T00017776	1487	3	\N
2256	Laboratorio	ECONC02A	T00020784	2255	1	\N
2242	Laboratorio	ECONI05A	T00019354	\N	1	\N
2258	Laboratorio	ECONP03A	T00049647	\N	1	\N
2263	Laboratorio	ECONP04A	T00057359	\N	1	\N
1952	Laboratorio	ECOUU01A	T00019234	\N	1	\N
2275	Laboratorio	FNEGF01A	T00003848	\N	1	\N
2268	Laboratorio	FNEGF01A	T00003848	\N	1	\N
2274	Laboratorio	FNEGF01A	T00048543	\N	1	\N
1271	Laboratorio	FNEGF05A	T00020031	1269	1	\N
1693	Laboratorio	FNEGF05A	T00020031	1691	2	\N
1892	Laboratorio	FNEGF05A	T00020031	1890	3	\N
2118	Laboratorio	FNEGP01A	T00000028	\N	1	\N
2825	Laboratorio	FNEGP01A	\N	\N	1	\N
2092	Laboratorio	FNEGP02A	T00049647	\N	1	\N
1893	Laboratorio	FNEGZ04A	T00020031	1891	1	\N
2700	Laboratorio	IAMBA03A	T00054880	1480	1	\N
1125	Laboratorio	IAMBB01A	T00066761	1124	1	\N
1377	Laboratorio	IAMBB02A	T00020729	1376	1	\N
1927	Laboratorio	IAMBB03A	T00020729	1926	1	\N
2362	Laboratorio	IAMBP03A	T00044492	\N	1	\N
1960	Laboratorio	ICIVA06A	T00084189	1959	1	\N
1668	Laboratorio	ICIVB02A	T00051182	1667	1	\N
1669	Laboratorio	ICIVB02A	T00051182	1667	1	\N
1825	Laboratorio	ICIVB02A	T00051182	1824	2	\N
1821	Laboratorio	ICIVB03A	T00040553	1820	1	\N
1822	Laboratorio	ICIVB03A	T00040553	1820	1	\N
2610	Laboratorio	ICIVB03A	T00040553	2609	2	\N
2611	Laboratorio	ICIVB03A	T00040553	2609	2	\N
2733	Laboratorio	ICIVP03A	T00044492	\N	1	\N
1397	Laboratorio	ICIVP03A	T00053361	\N	1	\N
2748	Laboratorio	ICIVP03A	T00022797	\N	1	\N
2366	Laboratorio	IELEE01A	T00000018	2364	1	\N
2368	Laboratorio	IELEE01A	T00000018	2364	1	\N
1992	Laboratorio	IELEE02A	T00000018	1991	1	\N
2695	Laboratorio	IELEE04A	T00043698	1995	1	\N
2369	Laboratorio	IELEZ02A	T00000018	2365	1	\N
1118	Laboratorio	IELEZ03A	T00000057	\N	1	\N
1258	Laboratorio	IETRC05A	T00041054	1257	1	\N
2614	Laboratorio	IETRC05A	T00041054	1257	1	\N
2404	Laboratorio	IETRF03A	T00024427	2402	1	\N
2408	Laboratorio	IETRF03A	T00045214	2406	2	\N
2686	Laboratorio	IETRF03A	T00054349	2406	2	\N
1121	Laboratorio	IETRZ04A	T00000057	\N	1	\N
2765	Laboratorio	IINDP03A	T00049413	\N	1	\N
1004	Laboratorio	IINDR05A	T00007445	\N	1	\N
1009	Laboratorio	IINDR05A	T00007445	\N	1	\N
2108	Laboratorio	IMECD02A	T00022048	\N	1	\N
2111	Laboratorio	IMECD02A	T00033602	\N	1	\N
1268	Laboratorio	IMECD09A	T00010797	1267	1	\N
2598	Laboratorio	IMECD09A	T00010797	1267	1	\N
2720	Laboratorio	IMECD09A	T00010797	1267	1	\N
1843	Laboratorio	IMECF01A	T00002456	1840	1	\N
1844	Laboratorio	IMECF01A	T00045723	1840	1	\N
1845	Laboratorio	IMECF01A	T00045723	1840	1	\N
2702	Laboratorio	IMECF01A	T00047306	1840	1	\N
2723	Laboratorio	IMECF01A	T00002456	1840	1	\N
2724	Laboratorio	IMECF01A	T00033028	1840	1	\N
1201	Laboratorio	IMECM01A	T00020472	1198	1	\N
1202	Laboratorio	IMECM01A	T00045899	1198	1	\N
1379	Laboratorio	IMECM01A	T00047306	1378	2	\N
1380	Laboratorio	IMECM01A	T00010220	1378	2	\N
1381	Laboratorio	IMECM01A	T00035744	1378	2	\N
2590	Laboratorio	IMECM01A	T00010220	2673	3	\N
2593	Laboratorio	IMECM01A	T00035744	2673	3	\N
2592	Laboratorio	IMECM01A	T00020472	2673	3	\N
2417	Laboratorio	IMECM03A	T00010220	2416	2	\N
2418	Laboratorio	IMECM03A	T00010220	2416	2	\N
2670	Laboratorio	IMECM04A	T00080329	2184	1	\N
2671	Laboratorio	IMECM04A	T00080329	2184	1	\N
1281	Laboratorio	IMECP03A	T00032651	\N	1	\N
2751	Laboratorio	IMECP03A	T00069460	\N	1	\N
1282	Laboratorio	IMECZ04A	T00032651	\N	1	\N
2757	Laboratorio	IMECZ04A	T00069460	\N	1	\N
2421	Laboratorio	IMTRA01A	T00045056	2419	1	\N
2719	Laboratorio	IMTRA01A	T00045056	2419	1	\N
1302	Laboratorio	IMTRM01A	T00035836	1301	1	\N
2229	Laboratorio	IMTRM01A	T00035836	2228	2	\N
2435	Laboratorio	IMTRP03A	T00007524	\N	1	\N
2500	Laboratorio	IQUIA01A	T00085821	2499	1	\N
2503	Laboratorio	IQUIA02A	T00057415	2502	1	\N
2505	Laboratorio	IQUIA04A	T00054880	2504	1	\N
1966	Laboratorio	IQUIA05A	T00054880	1965	1	\N
1972	Laboratorio	IQUIA06A	T00085821	1971	1	\N
2602	Laboratorio	IQUIA07A	T00085821	2003	1	\N
1970	Laboratorio	IQUIA08A	T00085821	1969	1	\N
1977	Laboratorio	IQUIA09A	T00057415	1975	1	\N
2498	Laboratorio	IQUIB05A	T00054880	2497	1	\N
2718	Laboratorio	IQUIB05A	T00054880	2497	1	\N
2534	Laboratorio	IQUIP03A	T00028098	\N	1	\N
2004	Laboratorio	IQUIZ19A	T00028098	\N	1	\N
1262	Laboratorio	IBIOB01A	T00042533	1261	1	\N
1881	Laboratorio	IBIOF02A	T00060037	\N	1	\N
2703	Laboratorio	IBIOF03A	T00042533	1095	1	\N
1254	Laboratorio	IBIOF05A	T00060037	1253	1	\N
1775	Laboratorio	IBIOI01A	T00000243	1774	1	\N
1284	Laboratorio	IBIOM01A	T00045214	1283	1	\N
1547	Laboratorio	IBIOP03A	T00034460	\N	1	\N
2282	Laboratorio	ISCOA02A	T00008436	2281	1	\N
2717	Laboratorio	ISCOA02A	T00010916	2715	2	\N
1034	Laboratorio	ISCOA04A	T00010915	1033	1	\N
1188	Laboratorio	ISCOA04A	T00010915	1187	2	\N
2349	Laboratorio	ISCOA04A	T00010915	2348	3	\N
1897	Laboratorio	ISCOA19A	T00000254	1896	1	\N
1116	Laboratorio	ISCOP03A	T00000119	\N	1	\N
1702	Laboratorio	INAVP03A	T00021661	\N	1	\N
1539	Laboratorio	PSICG01A	T00019649	1538	1	\N
1540	Laboratorio	PSICG01A	T00019649	1538	1	\N
1725	Laboratorio	PSICG01A	T00019649	1723	2	\N
1294	Laboratorio	PSICM03A	T00012429	1293	1	\N
1295	Laboratorio	PSICM03A	T00012429	1293	1	\N
2542	Laboratorio	PSICM03A	T00012429	1293	1	\N
1982	Laboratorio	PSICP02A	\N	\N	1	\N
2667	Laboratorio	PSICS14A	T00084208	1601	1	\N
2668	Laboratorio	PSICS14A	T00084208	1601	1	\N
1639	Laboratorio	PSICS19A	T00055793	1638	1	\N
1640	Laboratorio	PSICS19A	T00055793	1638	1	\N
1641	Laboratorio	PSICS19A	T00055793	1638	1	\N
1646	Laboratorio	PSICS19A	T00055793	2665	2	\N
\.


--
-- Data for Name: materia; Type: TABLE DATA; Schema: public; Owner: pg_database_owner
--

COPY public.materia (codigomateria, creditos, nombre) FROM stdin;
AEMPG01A	3	Fundamentos De Administracion
AEMPG02A	1	Seminario Gerencial I
AEMPG03A	3	Historia Empresarial
AEMPG04A	3	Creatividad Y Emprendimiento
AEMPG05A	3	Organizaciones I
AEMPG06A	3	Organizaciones Ii
AEMPG07A	3	Direccion Estrategica
AEMPG08A	1	Seminario Gerencial Ii
AEMPG09A	3	Responsabilidad Social
AEMPG10A	3	Gestion Del Talento Humano
AEMPG11A	3	Innovacion
AEMPG12A	2	Consultoria Empresarial
AEMPG13A	1	Seminario Gerencial Iii
AEMPG14A	2	Juego Gerencial
AEMPM01A	3	Fundamentos De Mercadeo
AEMPM02A	3	Investigacion De Mercados
AEMPO01A	3	Admon Del Conocimiento E Innov
AEMPO04A	3	Comportamiento Del Consumidor
AEMPO05A	3	Casos Empresariales
AEMPO06A	3	Negocios Inclusivos
AEMPO07A	3	Empresas Sostenibles
AEMPO13A	3	Habilidades Gerenciales
AEMPO27A	3	Skills For Digital Transformation 4.0
AEMPP01A	2	Opcion De Grado
AEMPP02A	0	Seminario Integrador Fen
AEMPP03A	9	Práctica Profesional
AEMPR01A	3	Calidad Y Operaciones
AEMPR02A	3	Gestion De Procesos Y Tecnolog
ARQTD01A	6	Taller De Diseño I
ARQTD02A	6	Taller De Diseño Ii
ARQTD03A	6	Taller De Diseño Iii (manga-ternera)
ARQTD04A	6	Taller De Diseño Iv
ARQTD05A	6	Taller De Diseño V
ARQTD07A	6	Taller De Diseño Vii
ARQTD08A	6	Taller De Diseño Viii
ARQTE01A	2	Expresión Grafica I
ARQTE02A	2	Expresión Grafica Ii
ARQTE03A	2	Expresión Grafica Iii
ARQTE04A	2	Expresión Gráfica Iv
ARQTE05A	2	Expresión Gráfica V
ARQTE07A	3	Photoshop Para Arquitectos
ARQTH01A	2	Teoria E Historia I
ARQTH02A	2	Teoria E Historia Ii
ARQTH03A	2	Teoria E Historia Iii
ARQTH04A	2	Teoria E Historia Iv
ARQTH05A	2	Teoria E Historia V
ARQTH06A	2	Teoria E Historia Vi
ARQTH07A	2	Teoría E Historia Vii
ARQTT01A	2	Tecnología I
ARQTT02A	2	Tecnología Ii
ARQTT03A	3	Tecnología Iii
ARQTT04A	2	Tecnología Iv (laboratorio De Suelos -ternera)
ARQTT05A	3	Tecnologia V
ARQTT06A	3	Tecnología Vi
ARQTT07A	2	Tecnologia Vii
ARQTT08A	3	Tecnologia Viii
ARQTT12A	3	Diseño Estructuras Par Arqui (manga-ternera)
ARQTU01A	2	Urbanismo Y Ambiente I
ARQTU02A	2	Urbanismo Y Ambiente Ii (manga-ternera)
ARQTU03A	2	Urbanismo Y Ambiente Iii
ARQTU04A	2	Urbanismo Y Ambiente Iv
ARQTU05A	2	Urbanismo Y Ambiente V
ARQTU06A	3	Urbanismo Y Ambiente Vi
ARQTU07A	2	Urbanismo Y Ambiente Vii
ARQTU13A	3	Cátedra Cartagena
CDATD01A	2	Introducción A La Ciencia De Datos Introducción A La Ciencia De Datos
CDATD02A	3	Programación Para Ciencia De Datos Programación Para Ciencia De Datos
CPOLE12A	3	Seguridad Internacional Y Conf
CPOLN03A	2	Gran Historia
CPOLN05A	3	Filosofía Política
CPOLN07A	3	Teo De La Democracia Y Desarro
CPOLN10A	3	Nueva Economía Política
CPOLN12A	3	Cult Y Comport Polít En El Car
CPOLN13A	3	Ana D Conflicto Y Proce De Paz
CPOLN14A	3	Política Comparada
CPOLN15A	3	Partidos Políticos Y Sist Elec
CPOLN16A	3	Form De Proy Para El Desarroll
CPOLP02A	3	Inv. Cuanti En Ciencia Politic
CPOLP03A	3	Inv. Cuali En Ciencia Politic
CPOLP06A	9	Práctica Profesionales
CPOLR01A	3	Historia Y Geografía Internaci
CPOLR02A	3	Sistema Político Internacional
CPOLR05A	2	Herramientas De Política Inter
CPOLR08A	3	Análisis De Política Internaci
CPOLZ02A	3	Cons Y Sist Politico Colombian
CPOLZ03A	3	Politica Colombiana Siglo Xix
CPOLZ08A	3	Estado, Poder Y Derecho
CPOLZ09A	3	Investigacion Mixta Aplicada
CPOLZ18A	3	Globalización
CPOLZ23A	4	Historia De Las Ideas Política
CPOLZ25A	3	Ana Y Dis De Políticas Pública
CBASB01A	2	Biología Humana
CBASB04A	3	Biología Molecular
CBASE01A	3	Estadística Y Probabilidad
CBASE02A	3	Estadística Inferencial
CBASE03A	3	Estadística I (facultad Ciencias Sociales Y Humanidades)
CBASE04A	3	Estadística Ii (facultad Ciencias Sociales Y Humanidades)
CBASF01A	4	Física Mecánica
CBASF02A	4	Física Electricidad Y Magnetismo
CBASF03A	4	Física Calor Y Ondas
CBASG01A	3	Geometría
CBASM01A	4	Cálculo Diferencial
CBASM02A	2	Matemáticas Básicas
CBASM03A	4	Cálculo Integral
CBASM04A	3	Algebra Lineal
CBASM05A	4	Cálculo Vectorial
CBASM06A	4	Ecuaciones Diferenciales Y En Diferencia
CBASM08A	2	Matemática Para Ciencias Sociales
CBASQ01A	3	Química General
CBASQ04A	3	Análisis Químico E Instrumenta
CSOCB02A	3	Teoría De La Comunicación
CSOCB03A	3	Sociología De La Comunicación
CSOCB04A	2	Legislación De Medios
CSOCB05A	2	Semiótica
CSOCB06A	2	Opinión Pública
CSOCE12A	3	Redes Sociales Y Comunica Poli
CSOCE15A	3	Manejo De Fuentes
CSOCE17A	3	Comunicación, Género(s) Y Femi
CSOCE18A	3	Presentación En Tv Y Plataformas Digitales
CSOCF01A	2	Historia Contemporánea
CSOCG01A	3	Comunicación Organizacional I
CSOCG02A	3	Comunicación Organizacional Ii
CSOCG03A	2	Marketing Corporativo
CSOCG04A	3	Comunicación Para El Cambio Social I
CSOCG07A	2	Gestión De Proyectos De Comunicación
CSOCG08A	3	Gestión De Contenidos Digitale - Malla 2019
CSOCL01A	3	Taller De Redacción Ii
CSOCM01A	3	Expresión Oral
CSOCM02A	3	Taller De Redacción I
CSOCM03A	3	Periodismo Escrito
CSOCM04A	3	Guionismo
CSOCM05A	2	Análisis Audiovisual
CSOCM06A	3	Periodismo:crónica Y Reportaje
CSOCM07A	2	Cine Y Sociedad
CSOCP01A	3	Fundamentos De Investigación Social
CSOCP03A	2	Investigación Cualitativa
CSOCP04A	9	Práctica Profesionales
CSOCT01A	3	Introducción A La Fotografía
CSOCT03A	3	Producción De Medios
CSOCT05A	2	Postproducción De Medios
CSOCT06A	2	Diseño Digital De Medios I
CSOCT08A	2	Diseño Digital De Medios Ii
CPULA01A	3	Fundam De Control Y Aseguram
CPULA02A	3	Auditoria Aplicada
CPULA03A	3	Revisoria Fiscal
CPULC01A	3	Contabilidad Financiera
CPULC02A	3	Contabilidad Internacional I
CPULC03A	3	Contabilidad Internacional Ii
CPULC04A	3	Contabilidad Internacional Iii
CPULC05A	3	Teoria Contable
CPULC06A	3	Costos Para La Toma De Decisio
CPULG01A	3	Fundamentos De Costos
CPULG02A	3	Costos Modernos
CPULG03A	3	Contabilidad De Gestion
CPULG04A	3	Presupuesto
CPULG05A	3	Gestion Y Contabilidad Publica
CPULO02A	2	English For Accounting And Fin
CPULP01A	2	Opcion De Grado
CPULP02A	0	Seminario Integrador Fen
CPULP03A	9	Práctica Profesional
CPULT01A	3	Impuestos I
CPULT02A	3	Impuestos Ii
CPULT03A	3	Derecho Empresarial Y Laboral
CPULZ09A	3	Contabilidad Gerencial Ii
DCHOH01A	3	Introducción Al Derecho
DCHOH02A	2	Historia Del Derecho
DCHOH03A	2	Filosofía Del Derecho
DCHOJ02A	3	Teoría Del Estado
DCHOJ03A	3	Bienes
DCHOJ04A	3	Derecho Constitucional General
DCHOJ05A	3	Teoría General Del Proceso
DCHOJ06A	3	Obligaciones I
DCHOJ07A	3	Derecho Constitucional Colombi
DCHOJ08A	2	Derecho Procesal Civil I
DCHOJ09A	3	Derecho Laboral Individual
DCHOJ10A	3	Obligaciones Ii
DCHOJ11A	3	Derecho Administrativo General
DCHOJ12A	2	Derecho Procesal Civil Ii
DCHOJ13A	3	Seguridad Social
DCHOJ14A	3	Derecho Penal General
DCHOJ15A	2	Derecho Procesal Constituciona
DCHOJ16A	3	Contratos I
DCHOJ17A	2	Derecho Administrativo Colombi
DCHOJ18A	3	Derecho Probatorio
DCHOJ19A	2	Derecho Laboral Colectivo
DCHOJ20A	3	Derecho Penal Especial
DCHOJ21A	3	Derecho Comercial
DCHOJ22A	3	Contratos Ii
DCHOJ23A	2	Derecho Procesal Administrativ
DCHOJ24A	2	Derecho Procesal Laboral
DCHOJ25A	2	Derecho Procesal Penal
DCHOJ26A	2	Derecho De Sociedades
DCHOJ27A	3	Derecho De Familia
DCHOJ28A	3	Responsabilidad Civil Y Del Es
DCHOJ29A	2	Contratación Estatal
DCHOJ30A	3	Derecho Internacional Público
DCHOJ31A	3	Títulos Valores
DCHOJ32A	2	Derecho De Sucesiones
DCHOJ34A	2	Propiedad Intelectual
DCHOJ54A	3	Bioderecho (biociencias Y Dere
DCHOJ65A	3	Derecho Aduanero
DCHOJ66A	3	Derecho Marítimo
DCHOJ67A	3	Interpretación Y Estudios Críticos Del Derecho (coterminal)
DCHOP01A	2	Mecani Alternativos En La Solu
DCHOP02A	3	Consultorio Jurídico I
DCHOP03A	3	Consultorio Jurídico Ii
DCHOP04A	3	Consultorio Jurídico Iii
DCHOP05A	3	Consultorio Jurídico Iv
DCHOT01A	2	Argumentación Jurídica
DCHOT02A	2	Interpretación Jurídica Y Cons
DCHOT03A	3	M. De La Inv Jurídica Y Socioj
DISED01A	3	Teoría E Historia Del Arte Y Del Diseño
ECONC01A	3	Econometría
ECONC02A	3	Seminario De Econometría
ECONE01A	2	Economía Y Ética
ECONH01A	3	Historia Económica Mundial
ECONH02A	3	Historia Económica De Colombia
ECONI01A	3	Fundamentos De Economía
ECONI02A	3	Microeconomía I
ECONI03A	3	Microeconomía Ii
ECONI04A	3	Microeconomía Iii
ECONI05A	3	Economía Y Ambiente
ECONM01A	3	Macroeconomía I
ECONM03A	3	Macroeconomía Iii
ECONM06A	3	Finanzas Públicas
ECONM08A	3	Economía Internacional
ECONM09A	3	Economía Regional Y Urbana
ECONM11A	3	Seminario Econ De La Reg Carib
ECONM12A	3	Formulación Y Evaluac De Proye
ECONP01A	2	Seminario De Investigación
ECONP02A	2	Opción De Grado
ECONP03A	0	Seminario Integrador Fen
ECONP04A	9	Práctica Profesional
ECONZ01A	3	Entorno Económico
ECOUU01A	0	Desarrollo Universitario
FNEGF01A	3	Tic Aplicada A Los Negocios
FNEGF02A	2	Matematica Financiera
FNEGF03A	2	Análisis Financiero Y Proyecci
FNEGF04A	3	Derecho Aduanero Y Financiero
FNEGF05A	3	Mercado De Capitales
FNEGF06A	3	Finanzas I
FNEGF07A	3	Finanzas Ii
FNEGF08A	3	International Finance
FNEGN01A	3	Introducción A Los Neg Interna
FNEGN02A	3	Derecho Y Contrat Internaciona
FNEGN03A	3	Administración Internacional
FNEGN04A	3	Integración Económica
FNEGN05A	3	Estrategias De Negociación
FNEGN06A	3	Comercio Exterior
FNEGN07A	3	Logistics & Ifd
FNEGN08A	3	Simulación De Negocios
FNEGN09A	3	International Marketing
FNEGO01A	3	Gerencia De Las Exportaciones
FNEGP01A	2	Opción De Grado
FNEGP02A	0	Seminario Integrador Fen
FNEGZ04A	3	Capital Market (malla 2016)
FNEGZ11A	3	Administración Internacional
CHUMA01A	2	Apreciación Del Arte - Manga
CHUMA02A	2	Apreciación Musical
CHUMA07A	2	Fotografía Creativa
CHUMA10A	2	Historia Del Arte
CHUMA11A	2	Música Y Contexto: Siglo Xx Y Xxi
CHUMC03A	2	Cátedra De Paz
CHUMC04A	2	Masculinidades, Violencia Y Cr
CHUMC07A	2	Escritura Etnográfica
CHUMC08A	2	Género, Igualdad Y Cine
CHUMC12A	2	Int A Las Ciencias Sociales Y
CHUMC17A	2	Ciudadanías Bajo La Lupa - Remoto
CHUMH01A	3	Taller De Comprensión Lectora
CHUMH02A	3	Taller De Escritura Académica
CHUMH03A	2	Constitución Política
CHUMH04A	2	Ética
CHUMH05A	2	Ciudadanía Global
CHUML06A	2	Literatura Latinoamericana
CHUML07A	2	Lectura Crítica Y Escritura - Comunicación Social
CHUMS02A	2	Conflicto Armado C/biano Y Mem
CHUMS03A	2	Historia Social Y Política De
CHUMS04A	2	Historia Del Mundo Contemporán
CHUMV04A	2	La Revolución De La Comida - Remoto
CHULF01A	2	Francés I
CHULI01A	2	Ingles I
CHULI02A	2	Ingles Ii
CHULI03A	2	Ingles Iii Programa De Derecho (presencial - Remoto)
CHULI04A	2	Ingles Iv
CHULI05A	2	Ingles V
IAMBA03A	3	Termoquímica Ambiental
IAMBA04A	2	Legislación Y Política Ambient
IAMBA05A	3	Calidad Del Aire Y Meteorologi
IAMBA06A	3	Calidad Del Agua
IAMBA07A	3	Calidad Del Suelo
IAMBA08A	3	Control De Emisiones Atmosféri
IAMBA09A	3	Tratamiento De Agua
IAMBA10A	3	Tratamiento De Suelo
IAMBA12A	3	Gestión Integral De Residuos S
IAMBA17A	3	Desarrollo Sostenible
IAMBA18A	3	Sistemas De Información Geográ
IAMBB01A	2	Sistemas Biológicos
IAMBB02A	2	Microbiología
IAMBB03A	2	Ecologia
IAMBP01A	3	Proyecto De Ingeniería I
IAMBP02A	3	Proyecto De Ingeniería Ii
IAMBP03A	9	Práctica Profesional
IAMBZ04A	3	Procesos Unitarios
IAMBZ06A	3	Gestión Y Geoplanificación
IAMBZ14A	3	Evaluación Ambiental
ICIVA02A	3	Diseño De Vias
ICIVA03A	3	Hidráulica
ICIVA04A	3	Sistemas De Transporte
ICIVA05A	3	Análisis Estructural
ICIVA06A	3	Principios De Geotecnia
ICIVA07A	3	Infraestructura
ICIVA08A	4	Diseño Estructural
ICIVA09A	3	Estructuras Geotécnicas
ICIVA11A	3	Acueducto Y Alcantarillado
ICIVA12A	3	Pavimentos
ICIVA13A	3	Ingeniería De Tránsito
ICIVA14A	3	Estructuras Hidráulicas
ICIVA16A	3	Estructuras Metálicas
ICIVA17A	3	Estabilidad De Taludes Y Obras
ICIVA19A	3	Dibujo E Interpretación De Pla
ICIVA21A	3	Métodos No Convencionales De Construcción
ICIVA22A	3	Soluciones De Infraestructura Basadas En Ecosistemas Para Adaptación Al Cambio Climático
ICIVB01A	3	Materiales De Ingenieria Civil
ICIVB02A	3	Resistencia De Materiales
ICIVB03A	3	Geomática
ICIVB04A	2	Geociencias
ICIVB05A	3	Hidrología
ICIVP03A	9	Práctica Profesional
ICIVZ03A	2	Sistemas De Transporte
ICIVZ04A	2	Infraestructura
ICIVZ08A	4	Diseño Y Comp. De Los Material
ICIVZ09A	4	Estructuras Geotécnicas
ICIVZ10A	2	Hidrología
IELEC01A	3	Automatismos
IELEE01A	3	Máquinas Eléctricas I
IELEE02A	3	Máquinas Eléctricas Ii
IELEE03A	3	Sistemas De Generación
IELEE04A	3	Sistemas De Energias Sostenibl
IELEF01A	1	Seminario De Ing. Eléctrica
IELEF02A	1	Dibujo Eléctrico
IELEF03A	3	Circuitos Eléctricos I
IELEF04A	3	Teoría Electromagnética
IELEF05A	3	Circuitos Eléctricos Ii
IELEF07A	3	Electricidad Y Electrónica Bás
IELEP01A	3	Proyecto De Ingeniería I
IELEP02A	3	Proyecto De Ingeniería Ii
IELEW01A	3	Transp. Y Distrib. De Energía
IELEW02A	3	Instalaciones Eléctricas
IELEW03A	3	Análisis De Sist De Potencia
IELEW04A	3	Subestaciones Y Protec Electri
IELEZ02A	4	Máquinas Eléctricas
IELEZ03A	9	Práctica Profesional
IETRC01A	3	Control I
IETRC02A	3	Control Ii
IETRC03A	3	Instrumentación Electrónica
IETRC04A	3	Electrónica De Potencia
IETRC05A	3	Instrumentación Y Control
IETRD01A	3	Sistemas Digitales Ii
IETRD02A	3	Electrónica Ii
IETRD03A	3	Sistemas Embebidos
IETRF01A	1	Seminario De Ing. Electrónica
IETRF02A	3	Sistemas Digitales I
IETRF03A	4	Señales Y Sistemas
IETRF04A	3	Electrónica I
IETRM01A	3	Ondas Y Líneas De Transmisión
IETRM02A	3	Comunicaciones
IETRM03A	3	Redes De Comunicaciones
IETRP01A	3	Proyecto De Ingeniería I
IETRP02A	3	Proyecto De Ingeniería Ii
IETRZ04A	9	Práctica Profesional
IINDA01A	1	Seminario De Ing. Industrial
IINDA03A	2	Estrategia De Operaciones
IINDA04A	3	Sistemas De Costeo
IINDA05A	3	Ingenieria Económica
IINDA06A	3	Gestión Del Talento Humano
IINDA07A	3	Seguridad Y Salud Laboral
IINDA08A	3	Sit. Int De Gestión De Calidad
IINDA09A	3	Gestión De Inn. Y El Conocimie
IINDP01A	3	Proyecto De Ingeniería I
IINDP02A	3	Proyecto De Ingeniería Ii
IINDP03A	9	Práctica Profesional
IINDR01A	3	Procesos De Fabricación
IINDR02A	3	Optimización
IINDR03A	3	Procesos Industriales
IINDR04A	3	Procesos Estocásticos
IINDR05A	3	Ingenieria De Productividad
IINDR07A	3	Gestión Cadena De Suministro
IINDR08A	3	Diseño De Sistemas Productivos
IINDR09A	3	Plan, Prog Y Cont Producción
IINDR10A	3	Control De Calidad
IINDR11A	3	Distribución Y Transporte
IINDR12A	3	Simulación
IINDR13A	3	Diseño De Experimentos
IINDR14A	3	Ciencia De Los Datos
IINDR20A	3	Producción Mas Limpia
IINDR21A	3	Gestión De Ope. Emp De Servici
IMECB01A	1	Seminario De Ing. Mecánica
IMECD01A	2	Expresión Gráfica
IMECD02A	2	Dibujo Mecánico
IMECD03A	3	Estática
IMECD04A	3	Dinámica
IMECD05A	3	Mecanismos
IMECD06A	3	Resistencia De Materiales
IMECD07A	3	Introducción Al Diseño Mecánic
IMECD08A	3	Diseño De Sistemas Mecánicos
IMECD09A	3	Mantenimiento Industrial
IMECD10A	3	Ing. De Proyectos Mecánicos
IMECD11A	3	Integridad Y Mantenimiento
IMECF01A	3	Mecánica De Fluidos
IMECF02A	3	Termodinámica I
IMECF03A	3	Máquinas De Flujo
IMECF04A	3	Termodinámica Ii
IMECF05A	3	Transferencia De Calor
IMECF06A	3	Máquinas Térmicas
IMECF07A	3	Refrigeración Y Aire Acondicio
IMECM01A	3	Materiales I
IMECM02A	3	Materiales Ii
IMECM03A	3	Tecnologías De Fabricación
IMECM04A	3	Corrosión
IMECM05A	3	Máquinas Y Herramientas Cnc
IMECP01A	3	Proyecto De Ingeniería I
IMECP02A	3	Proyecto De Ingeniería Ii
IMECP03A	9	Práctica Profesional
IMECZ03A	3	Diseño Mecánico
IMECZ04A	9	Práctica Profesional
IMECZ06A	3	Introducción Al Diseño Mecánic
IMTRA01A	3	Sensores E Instrumentación
IMTRA02A	3	Sist Automáticos De Producción
IMTRA03A	3	Robótica
IMTRA04A	3	Control Inteligente
IMTRA07A	3	Domotica
IMTRA08A	3	Visión Artificial
IMTRB01A	1	Seminario De Ing. Mecatrónica
IMTRC02A	3	Diseño Concurrente
IMTRD01A	3	Diseño Mecatrónico
IMTRM01A	1	Taller De Mecatrónica
IMTRP01A	3	Proyecto De Ingeniería I
IMTRP02A	3	Proyecto De Ingeniería Ii
IMTRP03A	9	Práctica Profesional
IMTRZ04A	3	Sist Automáticos De Producción
IQUIA01A	4	Manejo De Sólidos
IQUIA02A	3	Control De Procesos
IQUIA03A	3	Ingeniería De Las Reacciones
IQUIA04A	3	Operaciones Unitarias
IQUIA05A	4	Procesos De Separación
IQUIA06A	3	Ingeniería De Procesos
IQUIA07A	3	Modelamiento Y Simulación
IQUIA08A	3	Diseño Y Optimización De Proce
IQUIA09A	3	Diseño De Plantas De Procesos
IQUIA14A	3	Fundamentos De Seguridad De Procesos Industriales
IQUIB01A	1	Seminario De Ing. Química
IQUIB02A	3	Balance De Materia Y Energía
IQUIB04A	3	Fenómenos De Transporte
IQUIB05A	3	Termodinámica Ii
IQUIP01A	3	Proyecto De Ingeniería I
IQUIP02A	3	Proyecto De Ingeniería Ii
IQUIP03A	9	Práctica Profesional
IQUIZ19A	9	Práctica Profesional
IBIOB01A	3	Bioquímica
IBIOF01A	1	Sem. De Ingeniería Biomédica
IBIOF02A	1	Taller De Ingeniería Biomédica
IBIOF03A	4	Anatomía Y Fisiología Humana
IBIOF04A	3	Bioderecho
IBIOF05A	3	Biofísica
IBIOI01A	4	Instrumentación Biomédica
IBIOM01A	4	Biomecánica
IBIOP01A	3	Proyecto De Ingeniería I
IBIOP02A	3	Proyecto De Ingeniería Ii
IBIOP03A	9	Prácticas Profesionales
IBIOP04A	3	Sistemas De Imágenes Médicas
ISCOA01A	3	Base De Datos
ISCOA02A	3	Desarrollo De Software
ISCOA03A	3	Algoritmos Y Complejidad
ISCOA04A	3	Arquitectura De Software
ISCOA06A	3	Inteligencia Artificial
ISCOA19A	3	Computación E Interfaces
ISCOC01A	1	Sem. Ing. De Sistema Y Computa
ISCOC02A	3	Fundamentos De Programación
ISCOC03A	3	Programación
ISCOC04A	3	Programación Orientada A Objet
ISCOC05A	3	Estructura De Datos
ISCOC06A	3	Matemática Discreta
ISCOC07A	3	Procesamiento Numérico
ISCOC08A	3	Comunicaciones Y Redes
ISCOC09A	3	Arquitectura Del Computador
ISCOC10A	3	Sistemas Y Modelos
ISCOC12A	3	Tóp Espe De Ciencias Computaci
ISCOP03A	9	Prácticas Profesionales
INAVA01A	3	Resistencia Y Propulsion
INAVB01A	1	Seminario De Ingenieria Naval
INAVB02A	3	Introduccion A La Ing Naval
INAVC01A	3	Proyecto Naval
INAVD01A	3	Arquitectura Naval
INAVD02A	3	Estructuras Navales I
INAVD03A	3	Metodologia De Diseño Naval
INAVD04A	3	Estructuras Navales Ii
INAVD05A	3	Hidrodinamica Naval
INAVD06A	3	Log Del Trans Marit Y Fluvial
INAVE01A	3	Arquitectura De Sistema Offshore
INAVE02A	3	Tecnología De Embarcaciones Menores
INAVP01A	3	Proyecto De Ingeniería I
INAVP02A	3	Proyecto De Ingeniería Ii
INAVP03A	9	Práctica Profesional
OPGRSP011	0	Seminario De Profundización Nueva Economía Digital Y Competitividad De Negocios
OPGRSP06	0	Seminario De Profundización Gestión De Proyectos
OPGRSP08	0	Seminario De Profundización Habilidades Gerenciales
OPGRSP24	0	Seminario De Prof Herramientas Para El Cuidado Profesional Y Colectivo
PSICA05A	3	Psicología Educativa
PSICA07A	3	Psicología Social Comunitaria
PSICA12A	3	Gestión Del Talento Humano - Malla 2016
PSICA16A	3	Estrategias De Int En Psi Edu
PSICA20A	3	Estrategias De Intervencion Cl
PSICA22A	3	Psicología Clínica Y De La Sal - Malla 2021
PSICB01A	3	Introducción A La Psicología
PSICB04A	3	Seminario De Autoformación I
PSICC01A	3	Seminario De Autoformación Ii
PSICE07A	3	Evaluación Neuropsic En Adults - Malla 2021
PSICG01A	3	Neuropsicología Humana
PSICI02A	3	Psicología Y Gestión Humana - Malla 2021
PSICM03A	3	Psicometría
PSICM04A	3	Fundamentos De Investigación
PSICM05A	3	Investigación Cuantitativa
PSICP02A	12	Práctica Profesional Ii
PSICR01A	3	Evaluación Psicológica - Malla 2021
PSICR02A	2	Seminario De Trabajo De Grado I
PSICR03A	2	Seminario De Trabajo De Grado Ii
PSICS07A	3	Motivación Y Emoción
PSICS13A	3	Psicopatología
PSICS14A	3	Neurociencias Y Comportamiento
PSICS15A	3	Teoriás Y Sistemas Psicológicos I
PSICS16A	3	Teoriás Y Sistemas Psicológicos Ii
PSICS17A	3	Fundamentos En Psicología Social - Malla 2021
PSICS18A	3	Teorias De La Personalidad - Malla 2021
PSICS19A	3	Aprendizaje Y Memoria
PSICS20A	3	Desarrollo Del Ciclo De Vida I
PSICS21A	3	Desarrollo Del Ciclo De Vida Ii
PSICS22A	3	Pensamiento Y Lenguaje
\.


--
-- Data for Name: profesor; Type: TABLE DATA; Schema: public; Owner: pg_database_owner
--

COPY public.profesor (bannerid, nombre) FROM stdin;
T00084153	Rita Cecilia De La Hoz Del Villar
T00013702	Adriana Paulina Argumedo Bossio
T00051297	Ricardo Andres Abreo Rodriguez
T00000077	Maria Teresa Ripoll De Lemaitre
T00019393	Gabriel Roman Melendez
T00014731	Lina Margarita Marrugo Salas
T00053473	Sammir Montemiranda Pajaro
T00014030	Martha Patricia Castro Porto
T00036222	Javier Marquez Orozco
T00013998	Oriana Susana Martinez Palomino
T00000028	Benjamin De Jesus Garcia Garcerant
T00049647	Dayana Maria Sanchez Monterrosa
T00026453	Carlos Alberto Diaz Wright
T00090593	Beatriz Elena Jimenez Charris
T00066757	Roy Dario Bozzi Duran
T00012849	Fabrizio Milano Londoño
T00081909	Luis Eduardo Grondona Vergara
T00079454	Roberto Enrique Jose Benavente Riquelme
T00079453	Pedro Jose Ibarra Jimenez
T00069599	Antonio Rafael Nieves Gonzalez
T00037300	Ramon Raul Perez Yepez
T00085411	Luis Eduardo Garcia Pacheco
T00084175	Cesar Anibal Duran Ruge
T00069980	Claudia Beatriz Del Socorro Ochoa Pardo
T00001359	Angel Dionicio Hernandez Villadiego
T00021323	Raul Ernesto Lopez Gomez
T00024471	Virginia Milena Escamilla Angulo
T00053408	Estefania Pulido Garcia
T00030018	Joel Alexander Samper Lopez
T00069601	Howard De Jesus Villareal Molina
T00031996	Brenda Cristina Pacheco Perna
T00084152	Fabian Guillermo Amaya Valdivieso
T00018371	Ariel Perez Garcia
T00053874	Clara Mercedes Perez Martelo
T00081749	Andres Felipe Camargo Bocanegra
T00003433	Alexander Niebles Villarreal
T00079430	Ausberto Coneo Caicedo
T00069894	Eduardo Jose Gonzalez Sanchez
T00069449	David Sierra Porta
T00069328	Diandra Jireth Payares Mendoza
T00028062	Pablo Gustavo Abitbol Piñeiro
T00054682	Marlon Jose Marquez Guardo
T00018350	Armando Jose Mercado Vega
T00045007	Alfredo Luis Jr. Mendoza Diaz
T00026139	Jhonnatan Ballestas Avilez
T00044092	Laura Rueda Sierra
T00022220	Diana Carolina Ochoa Velez
T00079653	Angela Patricia Bertel Sevilla
T00049553	Diana Carolina Rubiano Labrador
T00051137	Angel De Jesus Urueta Fernandez
T00046787	Francisco Mauricio Atencio Contreras
T00059640	Deivinso Villa Moncaris
T00000055	Roberto Enrique Gomez Fernandez
T00070881	Elizabeth Valderrama Serrano
T00057400	Jorge Luis Villalba Acevedo
T00019346	Julio Seferino Hurtado Marquez
T00042477	Derlis Aminta Villadiego Rincon
T00006580	Alan Orlando Sanchez Marzan
T00027016	Cecilia Paillier Gonzalez
T00000080	Lenny Alexandra Romero Perez
T00045061	Aris Daniela Hurtado Misal
T00000060	Vilma Viviana Ojeda Caicedo
T00045030	Kevin David Mendoza Vanegas
T00004390	Elias Guillermo Imitola Coley
T00004376	Waldyr Fong Silva
T00021700	Hernando Rafael Altamar Mercado
T00040875	Gabriel Andres Hoyos Gomez Casseres
T00091818	Antonio Dario Velasquez Barrera
T00060648	Yony Alejandro Pastrana Caballero
T00040957	Sebastian David Pacheco Orozco
T00000058	Jorge Luis Muñiz Olite
T00019348	Alberto Patiño Vanegas
T00050423	Alexander De Jesus Leyton Coneo
T00045056	Camilo Andres Naufal Salas
T00047939	Giovanni Olivera Beltran
T00000402	Julio Alberto Castro Garces
T00081920	Laura Natalia Martinez Piña
T00024984	Hector Jose Cabarcas Urriola
T00084202	Cesar Alberto Serna Rapello
T00079682	Adriana Carolina Castillo Martinez
T00001541	Eder Antonio Barrios Hernandez
T00055843	Alejandra Paola Villalobos Jimenez
T00031820	Andrea Carolina Mendoza Zabaleta
T00059426	Jose Priciliano Perez Santander
T00053397	Carlos Rafael Payares Guevara
T00084203	Fernando Perez Berrio
T00000064	Moises Ramon Quintana Alvarez
T00057306	Victor Juan Hernandez Del Toro
T00084204	Luzneyda Ballesteros Peinado
T00008170	Jorge Luis Cohen Torres
T00010972	Cristina Osorio Del Valle
T00059423	John Beiro Moreno Barrios
T00055760	Jeovanny De Jesus Muentes Acevedo
T00076408	Enrique Pereira Batista
T00000072	Juan Carlos Palomino Mancilla
T00026679	Mary Andrea Fennix Agudelo
T00091817	Dairo Enrique Meza Morelos
T00020729	Rosa Leonor Acevedo Barrios
T00054390	Luisa Maria Meneses Ospina
T00084201	Arnaldo De Jesus Jimenez Altamiranda
T00000083	Danilo Lusbin Ariza Rua
T00011731	Mercedes Lucia Posada Meola
T00021680	Miguel Efren Garces Prettel
T00091823	Tachi Milena Alvarino Mass
T00022976	Marelbi Del Carmen Olmos Perez
T00000050	Julio Antonio Gomez Mora
T00055756	Tania Lucia Cobos Cobos
T00091862	Yesenia Esther Carrillo Garcia
T00040585	Adolfo Baltar Moreno
T00051306	Gustavo Adolfo Bossa Gracia
T00014135	Humberto De Jesus Padilla Martinez
T00081960	Javier Alcides Ramos Zambrano
T00084210	Sebastian Gonzalez Sierra
T00034995	Gina Patricia Zabaleta Puello
T00039722	Juan Carlos Barrios Espinosa
T00051377	Alvaro Nuñez Torres
T00013958	Cesar Gerardo Marquez Morales
T00054899	Norjadys Gonzalez Garizao
T00053472	Cosme Guerrero Cera
T00000396	Ana Susana Cantillo Orozco
T00019859	Deilo Martinez Maza
T00048543	Javier Mauricio Prieto Florez
T00035909	Andrea Carolina Moscote Palomino
T00047950	Katleen Paola Marun Uparela
T00019336	Giannina Guerrero Arrieta
T00060590	Bryam Nicolas Benavides Herrera
T00076401	Isaura Padilla Cure
T00029769	Maria Rosario Piñeres Espinosa
T00055292	Marcos Ricardo Posada Llorente
T00045108	Yineris Romero Luna
T00000466	Erica Lucia Martinez Najera
T00048018	Martha Elena Rivero Ricardo
T00063451	Gisella Del Carmen Taborda Guzman
T00069734	Ayleen Barboza Ortiz
T00052248	Magdalena Otero Davila
T00059702	Silvia Margarita Rosales Buelvas
T00028735	Nicolas Diaz Hoyos
T00091822	Jose Luis Otero Hernandez
T00076377	Juan Sebastian Alejandro Perilla Granados
T00053262	Ivan Dario Marrugo Jimenez
T00020837	Fabian Alcides Ramos Zambrano
T00063148	Julia Eva Pretelt Vargas
T00029754	Gerson Javier Perez Valbuena
T00020784	Luis Armando Galvis Aponte
T00017776	Jhorland Ayala Garcia
T00057359	Augusto Andres Alean Romero
T00000054	William Arellano Cartagena
T00019865	Luis Fernando Lopez Pineda
T00000030	Jorge Luis Alvis Arrieta
T00000073	Aaron Eduardo Espinosa Espinosa
T00019354	Tania Isabel Jimenez Castilla
T00050996	Dalel Rocio Araujo Martinez
T00046298	Paula Andrea Barrios Bueno
T00079679	Katty Johanna Gomez Acevedo
T00000044	Raul Ernesto Acosta Mesa
T00059557	Yunaris Elvira Coneo Mendoza
T00019339	Gustavo Adolfo Garcia Cediel
T00019234	Cherish Nikita Cantillo Ramos
T00003848	Alba Zulay Cardenas Escobar
T00079776	Juan Camilo Medellin Rojas
T00050705	Jose Julio Vergara Arrieta
T00091921	Jean Rene Romero Diaz
T00042331	Arnold David Santamaria Beleño
T00053378	Sally Del Carmen Baron Mercado
T00020031	Luis Carlos Diaz Canedo
T00000069	Rolando Mario Ariza Olaya
T00053214	Juan Francisco Silva Suarez
T00000231	Veronica Tordecilla Acevedo
T00059427	Edwin Julian Claros Bueno
T00031744	Lien Neil Tejeda Lopez
T00000076	Lissette Del Rosario Urquijo Burgos
T00057328	Federico Ochoa Escobar
T00057327	Martha Liliana Amorocho Bolaño
T00084147	Julian Navarro Gonzalez
T00018431	Claudia Cecilia Ayola Escallon
T00055242	Graciela Victoria Franco Martinez
T00037236	Ingrid Yaneth Silva Arroyo
T00055748	Nelson David Zabaleta Rojas
T00041842	Uberly Cuadros Aristizabal
T00000029	Gilma Antonia Mestre De Mogollon
T00057189	Rafael Enrique Cantillo Castillo
T00041283	Daniela Carolina Arteaga Torres
T00046610	Alexander De Jesus Casalins Perez
T00044983	Hermes De Jesus Garizado Martinez
T00021724	Julio Alfonso Muñoz Castaño
T00039565	Richard Villadiego Beltran
T00065546	Maria Camila Mendoza Diaz
T00084206	Angelica Faisully Camargo Diaz
T00051174	Ana Lucia Coa Murillo
T00055669	Maria Alejandra Zambrano Canoles
T00051173	Rogers Montt Torres
T00046694	Yamile Esther Acevedo Acevedo
T00079657	Ramon Elias Medina Arteta
T00040544	Luis Eduardo Espinosa Velasquez
T00057707	David Andres Puello Cabeza
T00039407	Jorge Luis Ahumada Segura
T00055694	Yerlys Guardo Gonzalez
T00036808	Jose Carlos Garcia Martinez
T00079461	Andrea Carolina Fierro Chaves
T00079583	Luis Sergio Fuenzalida Galvez
T00059523	Giobanna Patricia Buenahora Molina
T00076395	Estela Simancas Mendoza
T00037678	Liliana Ujueta Velandia
T00085422	Libary Luz Manjarres Molina
T00019696	Danny Hernandez Diaz
T00060662	Jesus Rafael Ramos Pacheco
T00081846	Eilin Julliana Perez Gallego
T00084198	Carmen Edith Moscote Bustamante
T00026962	Stefania Arias Cifuentes
T00066695	Adriana Patricia Garcia Echeverry
T00057681	Carmen Julia Torres Torres
T00076572	Gustavo Adolfo Jauregui Posso
T00048005	Nixdey Ruth Arias Rios
T00020734	Diana Del Carmen Gonzalez Herrera
T00057333	Lorena Bermejo Banquez
T00066804	Enrique Jose Gomez Ortega
T00014095	Veronica Mestre Ascencio
T00014775	Lina Margarita Castilla Carrera
T00020741	Hernando De Jesus Vargas Cuesta
T00091816	Carlos Augusto Alvarez Ramos
T00084196	Janeth Patricia Gomez De Castro
T00066745	Rodolfo Romny Rodriguez Picot
T00063166	Kelly Susana Tarra Pardo
T00000537	Milton Zambrano Garcia
T00084177	Cindy Paola Leon Paternina
T00076574	Iris Laudith Solano Cahuana
T00000086	Sara Esther Cabeza Bobb
T00047317	Javier Dario Sierra Ramirez
T00000468	Gilsy Martinez Polo
T00000444	Heberth Joaquin Hernandez Diaz
T00079475	Andrea Carolina Beltran Martinez
T00057694	Victoria Carolina Galindo Diago
T00081923	Carolina Perez Bonfante
T00000415	Kelly Patricia Diaz Colon
T00070756	Josue David Guerrero Cordero
T00057415	Deyler Rafael Castilla Caballero
T00054880	Elizabeth Moreno Bohorquez
T00037686	Ingrid Helena Ibañez Salgado
T00066761	Damaris Andrea Jimenez Uribe
T00057322	Jorgelina Cecilia Pasqualino
T00059175	Claudia Patricia Diaz Mendoza
T00040553	Milton Cesar Guerrero Pajaro
T00044492	Mauro Antonio Maza Chamorro
T00081891	Monica Liseth Toloza Duran
T00059176	Juan Diego Vanegas Miranda
T00081892	Janer Jose Galvan Carbono
T00051182	Sergio Villar Salinas
T00084189	Kevin Eduardo Duran Morales
T00031751	Claudia Patricia Baron Torres
T00035572	Jefferson Andres Piedrahita Gonzalez
T00022797	Rafael David Mendez Anillo
T00037450	Jorge Ivan Perez Alvarino
T00076598	Hernando Jose Burgos Diaz
T00053361	Hugo Armando Escorcia Pacheco
T00000020	Jorge Eliecer Duque Pardo
T00000018	Luis Eduardo Rueda Rincon
T00000063	Enrique Vanegas Casadiego
T00043698	Marcela Patricia Arrieta Garcia
T00000049	Oscar Acevedo Patiño
T00010734	Francisco Manuel Fernandez Piña
T00011527	Mike Periñan Batista
T00024282	Heider Humberto Lastre Gomez
T00000057	Eduardo Gomez Vasquez
T00000068	Jose Luis Villa Ramirez
T00040950	Yina Paola Cabarcas Mena
T00009099	Luis Enrique Acosta Galvan
T00054349	Deyson Gomez Sanchez
T00041054	Yira Patricia Alcazar Oviedo
T00007608	Alcides Augusto Ramos Zambrano
T00045214	Caleb David Romero Mercado
T00035744	Erick Campo Rojas
T00024427	Malorys Mercedes Elles Fang
T00001074	William Ramon Cuadrado Cano
T00012602	Jenifer Yoris Vasquez Aguilar
T00007445	Fabian Alfonso Gazabon Arrieta
T00001023	Armando Antonio Mendoza Diaz
T00057454	Carlos Humberto Gualdron Garcia
T00000387	Rafael Alfonso Bermudez Torres
T00037779	Liliana Isabel Castellon Ceron
T00019227	Yessica Paola Jimenez Suarez
T00037937	Natalie Morales Londoño
T00049413	Kevin Andres Sossa Valencia
T00014261	Holman Ospina Mateus
T00015209	Mauro Antonio Gonzalez Sierra
T00000067	Misael Cruz Monroy
T00060586	Edisson Duarte Restrepo
T00000629	Jaime Antonio Acevedo Chedid
T00000106	German Herrera Vidal
T00010220	Alexander Jose Narvaez Cruz
T00000059	Vladimir Adolfo Quiroz Mariano
T00033028	Walberto Marrugo Orozco
T00022048	Luis Miguel Perez Pertuz
T00033602	Jaime Jose Batista De Luque
T00045723	Veronica Jesus Abuchar Soto
T00020488	Jose Alberto Martinez Trespalacios
T00012792	Virgilio Barcos Cervantes
T00021662	Edgardo William Arrieta Ortiz
T00010797	Adolfo Enrique Ortiz Lafaurie
T00002456	Alfredo Miguel Abuchar Curi
T00047306	Daniel Andres Montoya Espinosa
T00020472	Deibys David Barreto Ponton
T00026655	Ana Margarita Buelvas Hernandez
T00007524	Juan Gabriel Fajardo Cuadro
T00035836	Manuel Alejandro Salina Casseres
T00045899	David Enrique Ramirez Brewer
T00080329	Darling Perea Cabarcas
T00045901	David Jesus Barros Chaparro
T00032651	Omar Tirado Muñoz
T00069460	Argemiro Palencia Diaz
T00064566	Harold Alberto Rodriguez Arias
T00016294	George Washington Archbold Taylor
T00045151	Fernando Jose Quintero Vasquez
T00085821	Yulanderson Salguero Rodriguez
T00028098	Mary Judith Arias Tapia
T00042533	Juan Alberto Rebollo Perez
T00034460	Raul Andres Vargas Ramirez
T00060037	Edder Orlando Quiñones Burgos
T00000243	Sonia Helena Contreras Ortiz
T00009855	Aisner Jose Marrugo Juliao
T00084295	Sergio Arturo Medina Castillo
T00008436	Edwin Alexander Puertas Del Castillo
T00010916	Marco Antonio Almanza Ibarra
T00000065	Gloria Isabel Bautista Lasprilla
T00010915	Jairo Enrique Serrano Castañeda
T00000254	Juan Carlos Martinez Santos
T00021905	Misorly Del Carmen Soto Acevedo
T00000021	Isaac Zuñiga Silgado
T00000119	Juan Carlos Mantilla Gomez
T00080354	Melissa Andrea Moreno Novoa
T00012187	Yuranis Henriquez Nuñez
T00066102	Andrea Carolina Menco Tovar
T00000502	Maria Eugenia Rincon Socha
T00010571	Humberto Manuel Marbello Peña
T00021751	Julio Cesar Gamarra Cabarcas
T00008528	Carlos Ernesto Botero Pareja
T00013758	Rafael Enrique Monterroza Barrios
T00080352	Danileth Almanza Gonzalez
T00019188	Oscar Pablo Porto Solano
T00076596	Carlos Arturo Cortes Fuentes
T00018922	Oscar David Acosta Lopera
T00021661	Jairo Humberto Cabrera Tovar
T00060663	Ricardo Alfonso Mejia Correa
T00060678	Juan Carlos Galindo Orozco
T00081976	Fernando Salazar Arrieta
T00018269	Hugo Antonio Elles Niño
T00007962	Diana Margarita Moreno Aldana
T00007989	Yuly Patricia Fang Alandette
T00013153	Yina Margarita Alcala Barrios
T00008759	Yacira Isabel Luna Zuñiga
T00000431	Elias Rafael Geney Castro
T00020361	Jeimer David Ortiz Marimon
T00084208	Jose Alexander Estrada Hernandez
T00040584	Elsy Mercedes Dominguez De La Ossa
T00022062	Amelia Del Cristo Eljadue Rizcala
T00019649	Karol Patricia Gutierrez Ruiz
T00012429	David Javier Fortich Perez
T00054928	Jeison David Neira Salas
T00052721	Pedro Vazquez Miraz
T00091859	Jorge Leonardo Estrada Perez
T00011744	Laura Maria Mendoza Simonds
T00000485	Marcela Ospina Correa
T00079469	Marlyn Patricia Conde Gutierrez
T00055793	Everly Marcela Garcia De La Ossa
T00012447	Prisca Espinosa Acevedo
\.


--
-- Name: clase_id_seq; Type: SEQUENCE SET; Schema: public; Owner: pg_database_owner
--

SELECT pg_catalog.setval('public.clase_id_seq', 2132, true);


--
-- Name: clase clase_pkey; Type: CONSTRAINT; Schema: public; Owner: pg_database_owner
--

ALTER TABLE ONLY public.clase
    ADD CONSTRAINT clase_pkey PRIMARY KEY (id);


--
-- Name: curso curso_pkey; Type: CONSTRAINT; Schema: public; Owner: pg_database_owner
--

ALTER TABLE ONLY public.curso
    ADD CONSTRAINT curso_pkey PRIMARY KEY (nrc);


--
-- Name: materia materia_pkey; Type: CONSTRAINT; Schema: public; Owner: pg_database_owner
--

ALTER TABLE ONLY public.materia
    ADD CONSTRAINT materia_pkey PRIMARY KEY (codigomateria);


--
-- Name: profesor profesor_pkey; Type: CONSTRAINT; Schema: public; Owner: pg_database_owner
--

ALTER TABLE ONLY public.profesor
    ADD CONSTRAINT profesor_pkey PRIMARY KEY (bannerid);


--
-- Name: clase clase_nrc_fkey; Type: FK CONSTRAINT; Schema: public; Owner: pg_database_owner
--

ALTER TABLE ONLY public.clase
    ADD CONSTRAINT clase_nrc_fkey FOREIGN KEY (nrc) REFERENCES public.curso(nrc);


--
-- Name: curso curso_codigomateria_fkey; Type: FK CONSTRAINT; Schema: public; Owner: pg_database_owner
--

ALTER TABLE ONLY public.curso
    ADD CONSTRAINT curso_codigomateria_fkey FOREIGN KEY (codigomateria) REFERENCES public.materia(codigomateria);


--
-- Name: curso curso_nrcteorico_fkey; Type: FK CONSTRAINT; Schema: public; Owner: pg_database_owner
--

ALTER TABLE ONLY public.curso
    ADD CONSTRAINT curso_nrcteorico_fkey FOREIGN KEY (nrcteorico) REFERENCES public.curso(nrc);


--
-- Name: curso curso_profesorid_fkey; Type: FK CONSTRAINT; Schema: public; Owner: pg_database_owner
--

ALTER TABLE ONLY public.curso
    ADD CONSTRAINT curso_profesorid_fkey FOREIGN KEY (profesorid) REFERENCES public.profesor(bannerid);


--
-- PostgreSQL database dump complete
--

