--
-- PostgreSQL database dump
--

-- Dumped from database version 17.5
-- Dumped by pg_dump version 17.5

SET statement_timeout = 0;
SET lock_timeout = 0;
SET idle_in_transaction_session_timeout = 0;
SET transaction_timeout = 0;
SET client_encoding = 'UTF8';
SET standard_conforming_strings = on;
SELECT pg_catalog.set_config('search_path', '', false);
SET check_function_bodies = false;
SET xmloption = content;
SET client_min_messages = warning;
SET row_security = off;

--
-- Name: clase_id_seq; Type: SEQUENCE; Schema: public; Owner: pg_database_owner
--

CREATE SEQUENCE public.clase_id_seq
    AS integer
    START WITH 1
    INCREMENT BY 1
    NO MINVALUE
    NO MAXVALUE
    CACHE 1;


ALTER SEQUENCE public.clase_id_seq OWNER TO pg_database_owner;

SET default_tablespace = '';

SET default_table_access_method = heap;

--
-- Name: clase; Type: TABLE; Schema: public; Owner: pg_database_owner
--

CREATE TABLE public.clase (
    nrc integer NOT NULL,
    horainicio time without time zone NOT NULL,
    horafinal time without time zone NOT NULL,
    aula character varying,
    dia character varying NOT NULL,
    id integer DEFAULT nextval('public.clase_id_seq'::regclass) NOT NULL
);


ALTER TABLE public.clase OWNER TO pg_database_owner;

--
-- Name: curso; Type: TABLE; Schema: public; Owner: pg_database_owner
--

CREATE TABLE public.curso (
    nrc integer NOT NULL,
    tipo character varying NOT NULL,
    codigomateria character varying NOT NULL,
    profesorid character varying,
    nrcteorico integer,
    groupid integer
);


ALTER TABLE public.curso OWNER TO pg_database_owner;

--
-- Name: materia; Type: TABLE; Schema: public; Owner: pg_database_owner
--

CREATE TABLE public.materia (
    codigomateria character varying NOT NULL,
    creditos integer NOT NULL,
    nombre character varying NOT NULL
);


ALTER TABLE public.materia OWNER TO pg_database_owner;

--
-- Name: profesor; Type: TABLE; Schema: public; Owner: pg_database_owner
--

CREATE TABLE public.profesor (
    bannerid character varying NOT NULL,
    nombre character varying NOT NULL
);


ALTER TABLE public.profesor OWNER TO pg_database_owner;

--
-- Data for Name: clase; Type: TABLE DATA; Schema: public; Owner: pg_database_owner
--

COPY public.clase (nrc, horainicio, horafinal, aula, dia, id) FROM stdin;
1038	07:00:00	08:50:00	A2-501	Miércoles	1662
1038	07:00:00	07:50:00	A2-501	Viernes	1663
1053	09:00:00	09:50:00	A2-501	Miércoles	1664
1053	09:00:00	10:50:00	A2-402	Viernes	1665
1527	17:00:00	17:50:00	A4-201	Miércoles	1666
1528	09:00:00	10:50:00	A2-203	Martes	1667
1528	09:00:00	09:50:00	A2-203	Jueves	1668
1529	07:00:00	07:50:00	A5-203	Lunes	1669
1529	10:00:00	11:50:00	A2-408	Martes	1670
1542	14:00:00	14:50:00	A2-403	Lunes	1671
1543	07:00:00	07:50:00	A1-304	Jueves	1672
1543	15:00:00	16:50:00	A2-306	Lunes	1673
1545	13:00:00	13:50:00	A4-102	Lunes	1674
1545	13:00:00	14:50:00	A2-306	Miércoles	1675
1553	17:00:00	18:50:00	A1-305	Lunes	1676
1707	18:00:00	18:50:00	A2-503	Miércoles	1677
1709	17:00:00	18:50:00	A2-207	Martes	1678
1537	14:00:00	15:50:00	A1-407	Martes	1679
1537	14:00:00	14:50:00	A2-507	Viernes	1680
1131	07:00:00	08:50:00	A2-207	Lunes	1681
1131	08:00:00	08:50:00	A4-204	Miércoles	1682
1510	18:00:00	19:50:00	A4-101	Jueves	1683
1510	19:00:00	19:50:00	A4-102	Martes	1684
1517	08:00:00	09:50:00	A4-202	Viernes	1685
1517	15:00:00	15:50:00	A4-202	Lunes	1686
2722	08:00:00	12:50:00	\N	Lunes	1687
2722	08:00:00	12:50:00	\N	Martes	1688
2722	08:00:00	12:50:00	\N	Miércoles	1689
2722	08:00:00	12:50:00	\N	Jueves	1690
2722	08:00:00	12:50:00	\N	Viernes	1691
2722	14:00:00	16:50:00	\N	Lunes	1692
2722	14:00:00	16:50:00	\N	Martes	1693
2722	14:00:00	16:50:00	\N	Miércoles	1694
2722	14:00:00	16:50:00	\N	Jueves	1695
2722	14:00:00	16:50:00	\N	Viernes	1696
1535	17:00:00	18:50:00	A1-308	Miércoles	1697
1535	18:00:00	18:50:00	A3-204	Jueves	1698
1548	17:00:00	18:50:00	A4-202	Martes	1699
1548	19:00:00	19:50:00	A1-308	Miércoles	1700
1812	13:00:00	16:50:00	A1-303	Lunes	1701
1812	13:00:00	16:50:00	A1-303	Miércoles	1702
1839	13:00:00	16:50:00	PS-401	Lunes	1703
1839	13:00:00	16:50:00	PS-401	Miércoles	1704
2160	08:00:00	11:50:00	PS-401	Lunes	1705
2160	13:00:00	16:50:00	A1-302	Viernes	1706
2445	08:00:00	11:50:00	MB-205	Lunes	1707
2445	08:00:00	11:50:00	MB-306	Miércoles	1708
2444	13:00:00	16:50:00	MB-302	Lunes	1709
2444	13:00:00	16:50:00	PS-301	Miércoles	1710
2460	14:00:00	17:50:00	MB-304	Lunes	1711
2460	14:00:00	17:50:00	MB-301	Miércoles	1712
2470	12:00:00	15:50:00	A1-303	Viernes	1713
2470	13:00:00	16:50:00	A1-303	Martes	1714
2469	13:00:00	16:50:00	MB-305	Lunes	1715
2469	13:00:00	16:50:00	MB-305	Miércoles	1716
1431	09:00:00	12:50:00	PS-403	Miércoles	1717
1431	13:00:00	16:50:00	MB-402	Lunes	1718
1683	07:00:00	08:50:00	A1-303	Sábado	1719
1803	09:00:00	10:50:00	A1-303	Sábado	1720
1833	10:00:00	11:50:00	MB-202	Miércoles	1721
1849	14:00:00	15:50:00	A1-300	Viernes	1722
1847	08:00:00	09:50:00	A1-300	Viernes	1723
1954	14:00:00	15:50:00	A1-300	Jueves	1724
2448	12:00:00	13:50:00	A1-300	Martes	1725
2457	08:00:00	09:50:00	A1-300	Martes	1726
2459	12:00:00	13:50:00	A1-300	Viernes	1727
2526	16:00:00	17:50:00	A1-300	Viernes	1728
2526	17:00:00	17:50:00	A1-300	Martes	1729
1941	14:00:00	15:50:00	A2-504	Viernes	1730
1827	11:00:00	12:50:00	A1-305	Sábado	1731
1838	10:00:00	11:50:00	A2-304	Martes	1732
1957	13:00:00	14:50:00	MB-204	Lunes	1733
1955	15:00:00	16:50:00	MB-306	Lunes	1734
2449	14:00:00	15:50:00	A4-204	Viernes	1735
2456	13:00:00	14:50:00	A2-203	Martes	1736
2455	14:00:00	15:50:00	A2-503	Jueves	1737
2467	10:00:00	11:50:00	A2-502	Jueves	1738
1439	14:00:00	15:50:00	A2-304	Martes	1739
1942	12:00:00	13:50:00	A3-103	Martes	1740
1828	12:00:00	13:50:00	A2-406	Jueves	1741
1945	10:00:00	11:50:00	A2-405	Jueves	1742
2441	12:00:00	13:50:00	A2-504	Viernes	1743
2441	17:00:00	17:50:00	A2-402	Martes	1744
2453	11:00:00	12:50:00	A2-303	Viernes	1745
2453	12:00:00	12:50:00	A2-408	Martes	1746
2464	13:00:00	13:50:00	A1-305	Jueves	1747
2464	14:00:00	15:50:00	A2-502	Martes	1748
1915	17:00:00	18:50:00	A5-203	Jueves	1749
1429	17:00:00	18:50:00	MB-301	Lunes	1750
1429	17:00:00	17:50:00	MB-202	Miércoles	1751
2528	10:00:00	11:50:00	MB-302	Lunes	1752
2528	13:00:00	13:50:00	A1-403	Jueves	1753
1835	17:00:00	18:50:00	MB-306	Lunes	1754
2442	13:00:00	14:50:00	MB-203	Miércoles	1755
2447	17:00:00	18:50:00	MB-302	Miércoles	1756
2452	10:00:00	11:50:00	MB-206	Lunes	1757
2450	10:00:00	11:50:00	MB-205	Miércoles	1758
1776	17:00:00	18:50:00	MB-305	Miércoles	1759
2468	12:00:00	12:50:00	MB-305	Miércoles	1760
2468	17:00:00	18:50:00	MB-305	Lunes	1761
1427	07:00:00	08:50:00	MB-302	Miércoles	1762
2576	10:00:00	11:50:00	A1-304	Sábado	1763
2576	17:00:00	17:50:00	A3-104	Jueves	1764
1448	15:00:00	16:50:00	A3-201	Jueves	1765
2708	08:00:00	08:50:00	A2-504	Lunes	1766
2708	09:00:00	10:50:00	A3-201	Jueves	1767
2547	09:00:00	10:50:00	A2-304	Jueves	1768
2547	11:00:00	11:50:00	A2-203	Martes	1769
1722	13:00:00	14:50:00	A2-205	Miércoles	1770
1722	13:00:00	13:50:00	A2-404	Jueves	1771
1729	07:00:00	07:50:00	A1-304	Viernes	1772
1729	08:00:00	09:50:00	A1-304	Miércoles	1773
1738	13:00:00	13:50:00	A2-305	Martes	1774
1738	13:00:00	14:50:00	A2-408	Jueves	1775
1746	07:00:00	07:50:00	A1-307	Martes	1776
1746	10:00:00	11:50:00	A2-305	Lunes	1777
1493	08:00:00	08:50:00	A3-102	Lunes	1778
1493	08:00:00	09:50:00	A2-402	Martes	1779
1743	17:00:00	18:50:00	A2-507	Jueves	1780
1743	18:00:00	18:50:00	A4-203	Martes	1781
1688	07:00:00	08:50:00	A1-407	Jueves	1782
1688	09:00:00	09:50:00	A1-403	Martes	1783
1737	08:00:00	09:50:00	A1-403	Sábado	1784
1737	12:00:00	12:50:00	A1-402	Martes	1785
1733	13:00:00	14:50:00	A2-305	Lunes	1786
1733	16:00:00	16:50:00	A2-401	Jueves	1787
1506	08:00:00	12:50:00	\N	Lunes	1788
1506	08:00:00	12:50:00	\N	Martes	1789
1506	08:00:00	12:50:00	\N	Miércoles	1790
1506	08:00:00	12:50:00	\N	Jueves	1791
1506	08:00:00	12:50:00	\N	Viernes	1792
1506	14:00:00	16:50:00	\N	Lunes	1793
1506	14:00:00	16:50:00	\N	Martes	1794
1506	14:00:00	16:50:00	\N	Miércoles	1795
1506	14:00:00	16:50:00	\N	Jueves	1796
1506	14:00:00	16:50:00	\N	Viernes	1797
1720	10:00:00	11:50:00	A2-502	Miércoles	1798
1720	11:00:00	11:50:00	A2-408	Jueves	1799
1726	09:00:00	10:50:00	A2-404	Martes	1800
1741	16:00:00	16:50:00	A3-104	Lunes	1801
1741	17:00:00	18:50:00	A2-503	Jueves	1802
1716	16:00:00	16:50:00	A2-503	Jueves	1803
1716	17:00:00	18:50:00	A1-304	Martes	1804
2562	07:00:00	07:50:00	A2-406	Jueves	1805
2562	14:00:00	15:50:00	A2-404	Martes	1806
1730	07:00:00	08:50:00	A1-306	Lunes	1807
1730	07:00:00	07:50:00	A2-408	Miércoles	1808
1767	10:00:00	10:50:00	A1-403	Martes	1809
1767	10:00:00	11:50:00	A1-404	Jueves	1810
1717	08:00:00	09:50:00	A1-304	Viernes	1811
1717	15:00:00	16:50:00	A1-304	Martes	1812
1739	10:00:00	11:50:00	A2-207	Sábado	1813
1739	12:00:00	12:50:00	A2-403	Jueves	1814
2396	10:00:00	11:50:00	A4-202	Martes	1815
1278	13:00:00	13:50:00	A2-206	Lunes	1816
1278	13:00:00	14:50:00	A2-304	Jueves	1817
1279	10:00:00	11:50:00	A5-104	Viernes	1818
1316	17:00:00	17:50:00	A1-405	Jueves	1819
1316	17:00:00	18:50:00	A4-203	Viernes	1820
1316	18:00:00	18:50:00	A4-202	Miércoles	1821
1588	13:00:00	13:50:00	A3-201	Lunes	1822
1588	13:00:00	14:50:00	A2-506	Miércoles	1823
1588	16:00:00	16:50:00	A2-203	Viernes	1824
1854	12:00:00	12:50:00	A2-505	Lunes	1825
1854	14:00:00	14:50:00	A3-201	Jueves	1826
1854	17:00:00	18:50:00	A2-303	Miércoles	1827
2043	07:00:00	08:50:00	A2-401	Lunes	1828
2043	07:00:00	07:50:00	A2-406	Viernes	1829
2043	09:00:00	09:50:00	A3-201	Martes	1830
2199	13:00:00	13:50:00	A1-404	Martes	1831
2199	13:00:00	13:50:00	A2-203	Jueves	1832
2199	16:00:00	17:50:00	A2-505	Lunes	1833
1208	14:00:00	14:50:00	A3-204	Viernes	1834
1208	15:00:00	15:50:00	A3-201	Miércoles	1835
1208	17:00:00	18:50:00	A2-306	Lunes	1836
1616	12:00:00	12:50:00	A1-404	Martes	1837
1616	12:00:00	13:50:00	A2-504	Miércoles	1838
1616	16:00:00	16:50:00	A2-308	Viernes	1839
1359	13:00:00	14:50:00	A2-502	Jueves	1840
1359	15:00:00	15:50:00	A2-207	Lunes	1841
1359	17:00:00	17:50:00	A1-403	Viernes	1842
1634	07:00:00	07:50:00	A2-301	Jueves	1843
1634	10:00:00	10:50:00	A3-201	Martes	1844
1634	13:00:00	14:50:00	A2-503	Lunes	1845
2273	13:00:00	13:50:00	A4-204	Viernes	1846
2273	15:00:00	15:50:00	A1-407	Miércoles	1847
2273	17:00:00	18:50:00	A3-202	Jueves	1848
1086	13:00:00	14:50:00	A2-206	Martes	1849
1086	14:00:00	14:50:00	A3-201	Viernes	1850
1086	15:00:00	15:50:00	A3-201	Viernes	1851
1137	07:00:00	08:50:00	A2-507	Jueves	1852
1137	09:00:00	09:50:00	A2-401	Lunes	1853
1137	09:00:00	09:50:00	A1-402	Viernes	1854
1615	12:00:00	12:50:00	A1-404	Martes	1855
1615	12:00:00	13:50:00	A2-504	Miércoles	1856
1615	16:00:00	16:50:00	A2-308	Viernes	1857
1610	07:00:00	07:50:00	A1-402	Jueves	1858
1610	10:00:00	10:50:00	A4-203	Miércoles	1859
1610	10:00:00	11:50:00	A2-401	Viernes	1860
1358	13:00:00	14:50:00	A2-502	Jueves	1861
1358	15:00:00	15:50:00	A2-207	Lunes	1862
1358	17:00:00	17:50:00	A1-403	Viernes	1863
1617	13:00:00	14:50:00	A2-203	Viernes	1864
1617	16:00:00	16:50:00	A3-204	Martes	1865
1617	16:00:00	16:50:00	A3-201	Miércoles	1866
1622	07:00:00	08:50:00	A2-507	Miércoles	1867
1622	09:00:00	09:50:00	A4-201	Lunes	1868
1622	11:00:00	11:50:00	A3-201	Viernes	1869
1630	08:00:00	09:50:00	A2-207	Sábado	1870
1630	15:00:00	15:50:00	A3-201	Martes	1871
1630	15:00:00	15:50:00	A3-204	Viernes	1872
1633	07:00:00	07:50:00	A2-301	Jueves	1873
1633	10:00:00	10:50:00	A3-201	Martes	1874
1633	13:00:00	14:50:00	A2-503	Lunes	1875
1635	08:00:00	09:50:00	A4-202	Jueves	1876
1635	09:00:00	09:50:00	A3-102	Lunes	1877
1635	10:00:00	10:50:00	A1-404	Viernes	1878
1399	13:00:00	14:50:00	A4-101	Miércoles	1879
1399	13:00:00	14:50:00	A4-203	Jueves	1880
1400	10:00:00	11:50:00	A5-101	Lunes	1881
2633	10:00:00	11:50:00	A5-101	Lunes	1882
1441	10:00:00	11:50:00	A2-203	Lunes	1883
1441	17:00:00	18:50:00	A2-203	Miércoles	1884
2637	10:00:00	11:50:00	A5-101	Jueves	1885
1919	09:00:00	10:50:00	A4-204	Lunes	1886
1919	10:00:00	11:50:00	A4-101	Martes	1887
1920	10:00:00	11:50:00	A5-101	Miércoles	1888
1265	13:00:00	14:50:00	A2-303	Martes	1889
1265	13:00:00	14:50:00	A2-303	Jueves	1890
1266	08:00:00	09:50:00	A5-102	Lunes	1891
2646	08:00:00	09:50:00	A5-102	Lunes	1892
1007	07:00:00	08:50:00	A2-402	Jueves	1893
1007	13:00:00	14:50:00	A1-308	Viernes	1894
1008	15:00:00	16:50:00	A5-204	Miércoles	1895
2653	15:00:00	16:50:00	A5-204	Miércoles	1896
2017	15:00:00	16:50:00	A2-506	Miércoles	1897
2017	15:00:00	16:50:00	A2-506	Jueves	1898
2038	17:00:00	18:50:00	A4-204	Lunes	1899
2038	18:00:00	19:50:00	A2-501	Miércoles	1900
2039	13:00:00	14:50:00	A2-502	Lunes	1901
2039	13:00:00	14:50:00	A2-502	Viernes	1902
2022	13:00:00	14:50:00	A2-302	Martes	1903
2022	13:00:00	14:50:00	A4-101	Jueves	1904
1772	10:00:00	11:50:00	A2-301	Lunes	1905
1772	10:00:00	11:50:00	A2-407	Miércoles	1906
1786	15:00:00	16:50:00	A2-501	Martes	1907
1786	15:00:00	16:50:00	A2-501	Viernes	1908
1805	10:00:00	11:50:00	A2-504	Miércoles	1909
1805	10:00:00	11:50:00	A2-506	Jueves	1910
1830	07:00:00	08:50:00	A2-408	Lunes	1911
1830	07:00:00	08:50:00	A2-408	Viernes	1912
1151	10:00:00	11:50:00	A4-103	Martes	1913
1152	10:00:00	11:50:00	A2-207	Jueves	1914
1154	09:00:00	10:50:00	A2-303	Viernes	1915
1174	15:00:00	16:50:00	\N	Martes	1916
1175	14:00:00	15:50:00	A2-403	Jueves	1917
1177	07:00:00	08:50:00	A2-408	Jueves	1918
1178	10:00:00	11:50:00	A2-301	Jueves	1919
1179	07:00:00	08:50:00	A2-303	Viernes	1920
1321	08:00:00	09:50:00	\N	Martes	1921
1322	16:00:00	17:50:00	A2-303	Viernes	1922
1325	15:00:00	16:50:00	A4-101	Miércoles	1923
1327	07:00:00	08:50:00	A2-307	Sábado	1924
1237	08:00:00	09:50:00	A2-302	Viernes	1925
1237	09:00:00	09:50:00	A1-305	Lunes	1926
1366	16:00:00	16:50:00	A2-302	Lunes	1927
1366	17:00:00	18:50:00	A4-101	Miércoles	1928
2064	09:00:00	09:50:00	A2-504	Lunes	1929
2064	09:00:00	10:50:00	A5-203	Viernes	1930
2072	14:00:00	14:50:00	A1-308	Lunes	1931
2072	14:00:00	15:50:00	A2-203	Jueves	1932
1554	13:00:00	14:50:00	\N	Martes	1933
1559	13:00:00	14:50:00	A2-301	Jueves	1934
1562	15:00:00	16:50:00	\N	Martes	1935
1565	07:00:00	08:50:00	A2-505	Miércoles	1936
1566	09:00:00	10:50:00	A2-206	Miércoles	1937
1568	10:00:00	11:50:00	A3-202	Viernes	1938
1580	09:00:00	10:50:00	\N	Martes	1939
1583	15:00:00	16:50:00	A2-401	Viernes	1940
2683	14:00:00	15:50:00	A1-304	Miércoles	1941
2684	09:00:00	10:50:00	A2-301	Sábado	1942
1674	15:00:00	16:50:00	A4-103	Martes	1943
1675	07:00:00	08:50:00	A2-306	Jueves	1944
1676	15:00:00	16:50:00	A1-305	Jueves	1945
2392	08:00:00	09:50:00	A2-302	Jueves	1946
2389	08:00:00	09:50:00	A2-407	Martes	1947
2390	10:00:00	11:50:00	A2-307	Miércoles	1948
1619	07:00:00	08:50:00	A2-503	Lunes	1949
1619	07:00:00	07:50:00	A2-302	Jueves	1950
2629	10:00:00	11:50:00	A5-103	Miércoles	1951
1697	07:00:00	07:50:00	A2-504	Lunes	1952
1697	07:00:00	08:50:00	A2-502	Jueves	1953
2619	15:00:00	16:50:00	A5-103	Miércoles	1954
1718	13:00:00	13:50:00	A2-402	Miércoles	1955
1718	13:00:00	14:50:00	A2-402	Jueves	1956
2622	15:00:00	16:50:00	A5-103	Martes	1957
1769	07:00:00	08:50:00	A5-103	Viernes	1958
1768	09:00:00	10:50:00	A2-503	Lunes	1959
1768	09:00:00	09:50:00	A2-501	Martes	1960
2491	09:00:00	10:50:00	A3-204	Jueves	1961
2491	11:00:00	11:50:00	A2-404	Martes	1962
2492	08:00:00	09:50:00	A5-103	Lunes	1963
1873	11:00:00	12:50:00	A2-406	Lunes	1964
1873	11:00:00	11:50:00	A4-204	Martes	1965
1573	09:00:00	09:50:00	A2-502	Lunes	1966
1573	14:00:00	15:50:00	A2-308	Viernes	1967
1190	13:00:00	14:50:00	A2-308	Martes	1968
1218	13:00:00	13:50:00	A2-206	Jueves	1969
1218	15:00:00	16:50:00	A1-308	Miércoles	1970
2065	13:00:00	14:50:00	A2-405	Martes	1971
1514	07:00:00	08:50:00	A3-102	Jueves	1972
1514	13:00:00	13:50:00	A2-503	Miércoles	1973
2560	08:00:00	08:50:00	A1-106	Lunes	1974
2560	14:00:00	15:50:00	A1-106	Viernes	1975
2161	16:00:00	17:50:00	A1-108	Jueves	1976
2161	17:00:00	17:50:00	A1-108	Martes	1977
1751	14:00:00	15:50:00	A3-104	Miércoles	1978
1419	10:00:00	11:50:00	A5-203	Jueves	1979
1419	15:00:00	15:50:00	A2-505	Lunes	1980
2298	11:00:00	12:50:00	A2-303	Lunes	1981
2298	13:00:00	13:50:00	A2-303	Viernes	1982
2666	11:00:00	11:50:00	A2-402	Miércoles	1983
2666	12:00:00	13:50:00	A2-401	Lunes	1984
2302	08:00:00	09:50:00	A1-305	Viernes	1985
2302	13:00:00	13:50:00	A4-202	Miércoles	1986
2306	11:00:00	12:50:00	A5-203	Viernes	1987
2310	09:00:00	09:50:00	A1-106	Jueves	1988
2310	13:00:00	14:50:00	A1-106	Martes	1989
2549	14:00:00	14:50:00	A1-106	Jueves	1990
2549	15:00:00	16:50:00	A1-106	Martes	1991
1874	17:00:00	17:50:00	A1-306	Lunes	1992
1874	17:00:00	18:50:00	A1-304	Miércoles	1993
1749	13:00:00	13:50:00	A3-102	Jueves	1994
1749	14:00:00	15:50:00	A2-403	Martes	1995
1037	07:00:00	08:50:00	A2-306	Miércoles	1996
1037	07:00:00	07:50:00	A2-401	Viernes	1997
1875	08:00:00	09:50:00	A2-308	Viernes	1998
1875	14:00:00	14:50:00	A1-106	Lunes	1999
2561	15:00:00	16:50:00	A1-106	Jueves	2000
2561	16:00:00	16:50:00	A1-106	Viernes	2001
2070	11:00:00	11:50:00	A2-305	Miércoles	2002
2070	13:00:00	14:50:00	A2-204	Viernes	2003
2068	13:00:00	14:50:00	A1-108	Miércoles	2004
1286	13:00:00	14:50:00	A4-102	Jueves	2005
1286	16:00:00	16:50:00	A2-301	Martes	2006
1695	07:00:00	08:50:00	A1-108	Lunes	2007
1230	09:00:00	10:50:00	A2-402	Lunes	2008
1230	09:00:00	09:50:00	A2-404	Jueves	2009
2296	08:00:00	09:50:00	A1-304	Jueves	2010
2296	09:00:00	09:50:00	A4-102	Martes	2011
2311	08:00:00	12:50:00	\N	Lunes	2012
2311	08:00:00	12:50:00	\N	Martes	2013
2311	08:00:00	12:50:00	\N	Miércoles	2014
2311	08:00:00	12:50:00	\N	Jueves	2015
2311	08:00:00	12:50:00	\N	Viernes	2016
2311	14:00:00	16:50:00	\N	Lunes	2017
2311	14:00:00	16:50:00	\N	Martes	2018
2311	14:00:00	16:50:00	\N	Miércoles	2019
2311	14:00:00	16:50:00	\N	Jueves	2020
2311	14:00:00	16:50:00	\N	Viernes	2021
2053	08:00:00	09:50:00	A1-104	Jueves	2022
2053	10:00:00	10:50:00	A1-104	Martes	2023
1191	10:00:00	10:50:00	A1-108	Miércoles	2024
1191	13:00:00	14:50:00	A1-108	Jueves	2025
1672	09:00:00	10:50:00	A1-106	Viernes	2026
1672	14:00:00	14:50:00	A1-106	Miércoles	2027
1457	10:00:00	11:50:00	A1-106	Jueves	2028
1457	11:00:00	11:50:00	A1-106	Viernes	2029
1445	08:00:00	09:50:00	A1-106	Martes	2030
1445	10:00:00	11:50:00	A1-106	Miércoles	2031
2327	12:00:00	12:50:00	A2-203	Lunes	2032
2327	18:00:00	19:50:00	A4-201	Jueves	2033
2338	17:00:00	17:50:00	A2-408	Lunes	2034
2338	18:00:00	19:50:00	A2-406	Martes	2035
1157	08:00:00	09:50:00	A2-302	Lunes	2036
1157	09:00:00	09:50:00	A2-403	Martes	2037
2055	16:00:00	17:50:00	A2-406	Martes	2038
2055	17:00:00	17:50:00	A2-406	Miércoles	2039
2056	14:00:00	14:50:00	A2-302	Miércoles	2040
2056	15:00:00	16:50:00	A1-305	Lunes	2041
2559	07:00:00	07:50:00	A2-203	Lunes	2042
2559	11:00:00	12:50:00	A2-301	Miércoles	2043
2318	18:00:00	19:50:00	A2-504	Lunes	2044
2318	18:00:00	19:50:00	A2-403	Miércoles	2045
2319	16:00:00	17:50:00	A1-405	Lunes	2046
2319	18:00:00	19:50:00	A1-404	Viernes	2047
2320	18:00:00	19:50:00	A4-204	Martes	2048
2320	18:00:00	19:50:00	A2-404	Jueves	2049
2325	12:00:00	12:50:00	A2-301	Viernes	2050
2325	17:00:00	18:50:00	A2-203	Lunes	2051
2328	13:00:00	14:50:00	A2-205	Martes	2052
2328	14:00:00	14:50:00	A2-205	Viernes	2053
2339	17:00:00	18:50:00	A1-402	Martes	2054
2339	18:00:00	18:50:00	A1-405	Jueves	2055
1226	18:00:00	19:50:00	A4-204	Miércoles	2056
1226	18:00:00	18:50:00	A2-506	Jueves	2057
1643	08:00:00	12:50:00	\N	Lunes	2058
1643	08:00:00	12:50:00	\N	Martes	2059
1643	08:00:00	12:50:00	\N	Miércoles	2060
1643	08:00:00	12:50:00	\N	Jueves	2061
1643	08:00:00	12:50:00	\N	Viernes	2062
1643	14:00:00	16:50:00	\N	Lunes	2063
1643	14:00:00	16:50:00	\N	Martes	2064
1643	14:00:00	16:50:00	\N	Miércoles	2065
1643	14:00:00	16:50:00	\N	Jueves	2066
1643	14:00:00	16:50:00	\N	Viernes	2067
2330	10:00:00	11:50:00	A2-403	Martes	2068
2330	11:00:00	11:50:00	A2-403	Lunes	2069
2337	17:00:00	17:50:00	A2-404	Jueves	2070
2337	18:00:00	19:50:00	A2-408	Lunes	2071
2315	17:00:00	17:50:00	A4-101	Jueves	2072
2315	18:00:00	19:50:00	A2-206	Martes	2073
2316	17:00:00	17:50:00	A2-403	Miércoles	2074
2316	18:00:00	19:50:00	A2-406	Viernes	2075
1089	08:00:00	09:50:00	PS-305	Miércoles	2076
1467	11:00:00	12:50:00	MB-306	Jueves	2077
1460	08:00:00	09:50:00	MB-205	Jueves	2078
1460	10:00:00	10:50:00	PS-401	Miércoles	2079
1468	08:00:00	09:50:00	MB-203	Miércoles	2080
1468	10:00:00	10:50:00	MB-204	Lunes	2081
1168	13:00:00	13:50:00	A2-404	Viernes	2082
1168	15:00:00	16:50:00	A2-506	Martes	2083
1145	09:00:00	09:50:00	MB-306	Jueves	2084
1145	13:00:00	14:50:00	PS-305	Miércoles	2085
1252	14:00:00	14:50:00	MB-306	Miércoles	2086
1252	14:00:00	15:50:00	MB-204	Jueves	2087
1216	08:00:00	08:50:00	A4-203	Viernes	2088
1216	15:00:00	16:50:00	MB-306	Miércoles	2089
1223	10:00:00	11:50:00	MB-301	Miércoles	2090
1235	11:00:00	12:50:00	MB-402	Lunes	2091
1235	11:00:00	11:50:00	MB-204	Jueves	2092
1658	08:00:00	09:50:00	MB-204	Miércoles	2093
1658	08:00:00	08:50:00	MB-204	Jueves	2094
1346	10:00:00	11:50:00	MB-302	Miércoles	2095
1346	11:00:00	11:50:00	MB-204	Lunes	2096
2193	07:00:00	08:50:00	A3-203	Martes	2097
1474	09:00:00	10:50:00	MB-204	Jueves	2098
1474	10:00:00	10:50:00	MB-402	Lunes	2099
1475	13:00:00	13:50:00	PS-305	Lunes	2100
1475	14:00:00	15:50:00	PS-305	Jueves	2101
1260	08:00:00	09:50:00	MB-302	Lunes	2102
2196	11:00:00	11:50:00	MB-203	Jueves	2103
2196	14:00:00	15:50:00	MB-402	Miércoles	2104
1489	08:00:00	09:50:00	MB-402	Lunes	2105
2194	09:00:00	09:50:00	MB-203	Jueves	2106
2194	10:00:00	11:50:00	MB-203	Miércoles	2107
2197	11:00:00	12:50:00	MB-202	Lunes	2108
1219	13:00:00	13:50:00	PS-301	Jueves	2109
1219	14:00:00	15:50:00	MB-203	Lunes	2110
1355	08:00:00	09:50:00	PS-301	Miércoles	2111
1355	10:00:00	10:50:00	MB-402	Jueves	2112
2206	08:00:00	09:50:00	MB-202	Jueves	2113
2206	13:00:00	13:50:00	MB-402	Miércoles	2114
2208	08:00:00	09:50:00	MB-206	Miércoles	2115
2207	08:00:00	09:50:00	MB-301	Lunes	2116
2210	10:00:00	11:50:00	MB-202	Jueves	2117
2203	10:00:00	11:50:00	PS-305	Miércoles	2118
2202	12:00:00	12:50:00	MB-202	Jueves	2119
2202	15:00:00	16:50:00	MB-202	Miércoles	2120
2212	08:00:00	09:50:00	MB-202	Miércoles	2121
2212	13:00:00	13:50:00	MB-301	Lunes	2122
2211	15:00:00	16:50:00	MB-204	Miércoles	2123
1732	09:00:00	10:50:00	A2-205	Viernes	2124
1732	13:00:00	13:50:00	A2-404	Martes	2125
2214	14:00:00	15:50:00	PS-301	Lunes	2126
2214	14:00:00	14:50:00	MB-206	Miércoles	2127
2215	10:00:00	11:50:00	MB-303	Miércoles	2128
1912	08:00:00	09:50:00	MB-206	Lunes	2129
1886	12:00:00	12:50:00	A1-308	Viernes	2130
1886	17:00:00	18:50:00	A1-308	Martes	2131
2032	09:00:00	09:50:00	A2-204	Martes	2132
2032	09:00:00	10:50:00	A2-204	Viernes	2133
1150	07:00:00	07:50:00	A2-304	Martes	2134
1150	07:00:00	08:50:00	A2-205	Viernes	2135
2692	12:00:00	13:50:00	MB-301	Miércoles	2136
2692	13:00:00	13:50:00	MB-202	Jueves	2137
2201	10:00:00	11:50:00	MB-203	Lunes	2138
2213	11:00:00	11:50:00	MB-303	Lunes	2139
2213	11:00:00	12:50:00	MB-303	Jueves	2140
2220	02:00:00	03:50:00	MB-402	Miércoles	2141
2220	02:00:00	02:50:00	MB-203	Jueves	2142
1391	01:00:00	02:50:00	\N	Jueves	2143
1391	02:00:00	02:50:00	\N	Lunes	2144
1914	02:00:00	02:50:00	\N	Lunes	2145
1914	02:00:00	03:50:00	\N	Miércoles	2146
1070	15:00:00	16:50:00	PS-305	Lunes	2147
1464	08:00:00	09:50:00	MB-204	Lunes	2148
1165	10:00:00	11:50:00	A1-407	Martes	2149
1165	14:00:00	14:50:00	PS-305	Lunes	2150
1446	08:00:00	08:50:00	A2-504	Miércoles	2151
1446	10:00:00	11:50:00	A2-501	Lunes	2152
2255	17:00:00	18:50:00	PS-304	Miércoles	2153
2256	17:00:00	18:50:00	PS-304	Lunes	2154
2256	17:00:00	18:50:00	PS-304	Martes	2155
2678	07:00:00	08:50:00	A2-405	Miércoles	2156
2239	07:00:00	07:50:00	A1-304	Miércoles	2157
2239	15:00:00	16:50:00	A2-403	Lunes	2158
1850	09:00:00	10:50:00	A1-308	Martes	2159
1850	09:00:00	09:50:00	A1-308	Viernes	2160
1857	07:00:00	08:50:00	A4-101	Lunes	2161
1857	07:00:00	07:50:00	A2-207	Jueves	2162
2224	07:00:00	08:50:00	A2-306	Lunes	2163
2224	07:00:00	07:50:00	A2-407	Viernes	2164
2232	14:00:00	15:50:00	A4-201	Lunes	2165
2232	14:00:00	14:50:00	A4-203	Miércoles	2166
2285	09:00:00	10:50:00	A4-101	Lunes	2167
2285	09:00:00	09:50:00	A2-307	Viernes	2168
1083	07:00:00	07:50:00	A1-306	Jueves	2169
1083	10:00:00	11:50:00	A2-305	Martes	2170
1102	09:00:00	10:50:00	A1-308	Lunes	2171
1102	09:00:00	09:50:00	A2-407	Jueves	2172
1869	08:00:00	09:50:00	A1-306	Jueves	2173
1869	11:00:00	11:50:00	A4-103	Lunes	2174
2237	17:00:00	18:50:00	A2-305	Jueves	2175
2237	18:00:00	18:50:00	A2-304	Martes	2176
2691	12:00:00	12:50:00	A2-304	Martes	2177
2691	15:00:00	16:50:00	A2-305	Jueves	2178
1047	07:00:00	08:50:00	A4-203	Martes	2179
1047	09:00:00	09:50:00	A5-203	Lunes	2180
1413	07:00:00	07:50:00	A1-307	Lunes	2181
1413	07:00:00	08:50:00	A5-203	Martes	2182
2247	10:00:00	10:50:00	A2-502	Viernes	2183
2247	11:00:00	12:50:00	A2-205	Lunes	2184
2693	10:00:00	11:50:00	MB-301	Lunes	2185
2693	10:00:00	10:50:00	MB-301	Martes	2186
2740	19:00:00	22:00:00	\N	Jueves	3175
2248	11:00:00	11:50:00	A5-203	Miércoles	2187
2248	16:00:00	17:50:00	A4-204	Viernes	2188
2679	11:00:00	12:50:00	A2-304	Jueves	2189
2679	11:00:00	11:50:00	A2-204	Viernes	2190
2680	09:00:00	09:50:00	A3-103	Jueves	2191
2680	13:00:00	14:50:00	A4-103	Martes	2192
2303	17:00:00	18:50:00	MB-204	Miércoles	2193
2303	18:00:00	18:50:00	MB-203	Lunes	2194
2706	07:00:00	08:50:00	A4-201	Miércoles	2195
2706	15:00:00	15:50:00	A2-301	Jueves	2196
2263	08:00:00	12:50:00	\N	Lunes	2197
2263	08:00:00	12:50:00	\N	Martes	2198
2263	08:00:00	12:50:00	\N	Miércoles	2199
2263	08:00:00	12:50:00	\N	Jueves	2200
2263	08:00:00	12:50:00	\N	Viernes	2201
2263	14:00:00	16:50:00	\N	Lunes	2202
2263	14:00:00	16:50:00	\N	Martes	2203
2263	14:00:00	16:50:00	\N	Miércoles	2204
2263	14:00:00	16:50:00	\N	Jueves	2205
2263	14:00:00	16:50:00	\N	Viernes	2206
1900	14:00:00	14:50:00	A4-103	Lunes	2207
1900	15:00:00	16:50:00	A4-103	Miércoles	2208
1336	15:00:00	16:50:00	A1-402	Lunes	2209
1336	15:00:00	15:50:00	A2-203	Viernes	2210
1476	08:00:00	09:50:00	A1-402	Miércoles	2211
1476	15:00:00	15:50:00	A2-505	Jueves	2212
1943	07:00:00	07:50:00	A2-503	Martes	2213
1943	09:00:00	10:50:00	A1-405	Lunes	2214
2005	11:00:00	11:50:00	A2-507	Martes	2215
2005	13:00:00	14:50:00	A1-404	Viernes	2216
2713	12:00:00	12:50:00	A3-104	Martes	2217
2713	17:00:00	18:50:00	A1-403	Miércoles	2218
1249	07:00:00	07:50:00	A2-502	Viernes	2219
1249	09:00:00	10:50:00	A1-405	Jueves	2220
1500	09:00:00	09:50:00	A2-406	Viernes	2221
1500	16:00:00	17:50:00	A1-407	Martes	2222
2704	13:00:00	13:50:00	A4-204	Miércoles	2223
2704	15:00:00	16:50:00	A1-403	Martes	2224
1834	07:00:00	08:50:00	A4-204	Lunes	2225
1834	07:00:00	07:50:00	A1-305	Martes	2226
1890	13:00:00	13:50:00	A4-203	Lunes	2227
1892	13:00:00	14:50:00	A1-403	Martes	2228
1318	17:00:00	18:50:00	A1-403	Martes	2229
1318	17:00:00	17:50:00	A2-402	Jueves	2230
1122	15:00:00	15:50:00	A4-204	Lunes	2231
1122	17:00:00	18:50:00	A3-103	Martes	2232
2509	09:00:00	09:50:00	A4-103	Lunes	2233
2509	09:00:00	10:50:00	A2-307	Jueves	2234
2322	18:00:00	19:50:00	A2-506	Lunes	2235
2322	19:00:00	19:50:00	A2-402	Martes	2236
2332	10:00:00	10:50:00	A4-202	Viernes	2237
2332	13:00:00	14:50:00	A4-204	Lunes	2238
2297	07:00:00	07:50:00	A4-204	Miércoles	2239
2297	15:00:00	16:50:00	A4-202	Viernes	2240
1288	13:00:00	13:50:00	A2-407	Martes	2241
1288	16:00:00	17:50:00	A2-503	Miércoles	2242
1887	17:00:00	18:50:00	A2-308	Viernes	2243
1887	19:00:00	19:50:00	A1-304	Lunes	2244
1331	18:00:00	19:50:00	A2-306	Viernes	2245
1331	19:00:00	19:50:00	A1-306	Martes	2246
1337	18:00:00	19:50:00	A2-207	Miércoles	2247
1337	19:00:00	19:50:00	A2-207	Lunes	2248
2071	07:00:00	07:50:00	A4-102	Lunes	2249
2071	15:00:00	16:50:00	A2-504	Jueves	2250
2342	07:00:00	07:50:00	A2-407	Martes	2251
2342	08:00:00	09:50:00	A2-408	Miércoles	2252
1490	18:00:00	19:50:00	A2-501	Lunes	2253
1490	19:00:00	19:50:00	A1-307	Miércoles	2254
2083	18:00:00	19:50:00	A3-104	Martes	2255
2083	19:00:00	19:50:00	A1-304	Jueves	2256
2333	10:00:00	10:50:00	A4-202	Viernes	2257
2333	13:00:00	14:50:00	A4-204	Lunes	2258
2164	07:00:00	08:50:00	MB-205	Miércoles	2259
1507	14:00:00	15:50:00	A2-302	Viernes	2260
1508	08:00:00	09:50:00	A4-102	Jueves	2261
2162	11:00:00	12:50:00	A1-307	Martes	2262
2163	13:00:00	14:50:00	MB-202	Miércoles	2263
2521	08:00:00	09:50:00	A2-408	Martes	2264
2359	13:00:00	14:50:00	A2-207	Miércoles	2265
1929	15:00:00	16:50:00	A2-406	Lunes	2266
1930	10:00:00	11:50:00	A2-403	Miércoles	2267
2383	15:00:00	16:50:00	A2-303	Lunes	2268
2182	14:00:00	15:50:00	\N	Miércoles	2269
2182	14:00:00	15:50:00	\N	Viernes	2270
1396	08:00:00	08:50:00	A2-308	Martes	2271
1396	08:00:00	09:50:00	A2-502	Miércoles	2272
1398	07:00:00	07:50:00	A2-406	Miércoles	2273
1398	07:00:00	08:50:00	A4-201	Viernes	2274
1409	10:00:00	10:50:00	A1-307	Lunes	2275
1409	10:00:00	11:50:00	A2-203	Jueves	2276
1415	07:00:00	07:50:00	A2-507	Lunes	2277
1415	07:00:00	08:50:00	A2-306	Martes	2278
1420	09:00:00	10:50:00	A4-201	Martes	2279
1420	09:00:00	09:50:00	A1-307	Viernes	2280
1424	07:00:00	07:50:00	A2-408	Martes	2281
1424	07:00:00	08:50:00	A2-505	Viernes	2282
1788	14:00:00	14:50:00	A2-206	Lunes	2283
1788	14:00:00	15:50:00	A2-206	Jueves	2284
1790	07:00:00	07:50:00	A2-308	Martes	2285
1790	07:00:00	08:50:00	A2-304	Miércoles	2286
1357	13:00:00	13:50:00	A2-403	Martes	2287
1357	13:00:00	14:50:00	A2-405	Viernes	2288
1798	09:00:00	10:50:00	A2-302	Martes	2289
1798	09:00:00	09:50:00	A4-101	Jueves	2290
1799	09:00:00	10:50:00	A2-306	Miércoles	2291
1799	09:00:00	09:50:00	A2-301	Viernes	2292
1837	07:00:00	07:50:00	A2-401	Miércoles	2293
1837	07:00:00	08:50:00	A4-201	Jueves	2294
1360	14:00:00	14:50:00	A2-303	Lunes	2295
1360	14:00:00	15:50:00	A4-202	Jueves	2296
1364	08:00:00	08:50:00	A1-308	Martes	2297
1364	11:00:00	12:50:00	A2-308	Miércoles	2298
1367	07:00:00	08:50:00	A2-207	Miércoles	2299
1367	09:00:00	09:50:00	A2-306	Martes	2300
1369	09:00:00	09:50:00	A2-506	Jueves	2301
1369	13:00:00	14:50:00	A2-405	Miércoles	2302
1370	07:00:00	07:50:00	A2-503	Miércoles	2303
1370	10:00:00	11:50:00	A2-502	Lunes	2304
1392	13:00:00	14:50:00	A2-305	Miércoles	2305
1392	13:00:00	13:50:00	A2-308	Viernes	2306
1456	17:00:00	18:50:00	A2-301	Martes	2307
1456	18:00:00	18:50:00	A2-408	Jueves	2308
1804	17:00:00	18:50:00	A2-506	Martes	2309
1804	17:00:00	17:50:00	A2-401	Miércoles	2310
1938	16:00:00	17:50:00	A2-403	Jueves	2311
1938	18:00:00	18:50:00	A2-401	Miércoles	2312
1077	07:00:00	08:50:00	A2-304	Lunes	2313
1077	13:00:00	13:50:00	A2-302	Miércoles	2314
1113	17:00:00	18:50:00	A2-205	Lunes	2315
1113	17:00:00	17:50:00	A1-307	Viernes	2316
1196	11:00:00	11:50:00	A1-306	Lunes	2317
1196	11:00:00	12:50:00	A2-205	Miércoles	2318
1245	07:00:00	08:50:00	A2-205	Miércoles	2319
1245	09:00:00	09:50:00	A2-301	Martes	2320
1290	10:00:00	11:50:00	A3-203	Jueves	2321
1290	12:00:00	12:50:00	A2-504	Lunes	2322
1285	07:00:00	08:50:00	A1-306	Miércoles	2323
2343	07:00:00	08:50:00	A1-304	Lunes	2324
2357	07:00:00	08:50:00	A2-306	Viernes	2325
1388	08:00:00	09:50:00	A1-307	Lunes	2326
1412	09:00:00	10:50:00	A4-102	Viernes	2327
1701	13:00:00	14:50:00	A2-507	Miércoles	2328
1787	08:00:00	09:50:00	A2-308	Jueves	2329
2066	07:00:00	08:50:00	A2-501	Martes	2330
2101	14:00:00	15:50:00	A2-502	Miércoles	2331
1066	14:00:00	15:50:00	A2-402	Miércoles	2332
2093	15:00:00	16:50:00	A2-407	Jueves	2333
1072	14:00:00	15:50:00	A2-406	Martes	2334
1078	07:00:00	08:50:00	A2-302	Martes	2335
1084	16:00:00	17:50:00	A4-201	Jueves	2336
1925	14:00:00	15:50:00	A4-201	Jueves	2337
2088	16:00:00	17:50:00	A2-402	Miércoles	2338
2090	17:00:00	18:50:00	A2-402	Lunes	2339
2091	16:00:00	17:50:00	A2-407	Martes	2340
1911	09:00:00	10:50:00	A2-402	Miércoles	2341
2222	13:00:00	14:50:00	A2-507	Lunes	2342
1363	15:00:00	16:50:00	A2-407	Viernes	2343
1365	17:00:00	18:50:00	A2-407	Viernes	2344
1371	13:00:00	14:50:00	A2-407	Viernes	2345
1374	07:00:00	08:50:00	A4-101	Miércoles	2346
1375	15:00:00	16:50:00	A2-307	Viernes	2347
1482	09:00:00	10:50:00	A2-302	Sábado	2348
1485	11:00:00	12:50:00	A2-302	Sábado	2349
2571	18:00:00	19:50:00	A2-308	Jueves	2350
2522	18:00:00	19:50:00	A2-307	Viernes	2351
2052	14:00:00	15:50:00	A2-402	Viernes	2352
1931	09:00:00	10:50:00	A2-303	Miércoles	2353
1315	09:00:00	10:50:00	A4-203	Lunes	2354
1241	09:00:00	10:50:00	\N	Miércoles	2355
1244	07:00:00	08:50:00	\N	Miércoles	2356
2676	07:00:00	08:50:00	A3-204	Martes	2357
2676	07:00:00	08:50:00	A2-206	Jueves	2358
1155	16:00:00	16:50:00	A2-204	Lunes	2359
1155	16:00:00	16:50:00	A2-204	Martes	2360
1155	16:00:00	16:50:00	A2-204	Jueves	2361
1155	16:00:00	16:50:00	A2-204	Viernes	2362
1561	16:00:00	16:50:00	A2-404	Lunes	2363
1561	16:00:00	16:50:00	A1-307	Miércoles	2364
1561	16:00:00	16:50:00	A2-404	Jueves	2365
1561	16:00:00	16:50:00	A2-404	Viernes	2366
2585	18:00:00	19:50:00	A3-204	Martes	2367
2585	18:00:00	19:50:00	A2-405	Jueves	2368
2578	07:00:00	08:50:00	\N	Martes	2369
2578	07:00:00	08:50:00	A3-204	Viernes	2370
1851	07:00:00	07:50:00	A2-204	Lunes	2371
1851	07:00:00	07:50:00	A2-204	Martes	2372
1851	07:00:00	07:50:00	A2-204	Miércoles	2373
1851	07:00:00	07:50:00	A2-204	Viernes	2374
1865	08:00:00	08:50:00	A2-204	Lunes	2375
1865	08:00:00	08:50:00	A2-204	Martes	2376
1865	08:00:00	08:50:00	A2-404	Jueves	2377
1865	08:00:00	08:50:00	A2-204	Viernes	2378
1868	14:00:00	14:50:00	A3-202	Lunes	2379
1868	14:00:00	14:50:00	A2-204	Martes	2380
1868	14:00:00	14:50:00	A2-204	Miércoles	2381
1868	14:00:00	14:50:00	A2-404	Viernes	2382
2240	15:00:00	15:50:00	A2-404	Lunes	2383
2240	15:00:00	15:50:00	A2-204	Martes	2384
2240	15:00:00	15:50:00	A2-204	Miércoles	2385
2240	15:00:00	15:50:00	A2-404	Viernes	2386
1338	11:00:00	11:50:00	A2-306	Lunes	2387
1338	11:00:00	11:50:00	A3-203	Martes	2388
1338	11:00:00	11:50:00	A1-308	Miércoles	2389
1338	11:00:00	11:50:00	A2-406	Jueves	2390
1937	07:00:00	07:50:00	A3-104	Lunes	2391
1937	07:00:00	07:50:00	A3-104	Martes	2392
1937	07:00:00	07:50:00	A3-104	Jueves	2393
1937	07:00:00	07:50:00	A3-103	Viernes	2394
2195	13:00:00	13:50:00	A3-103	Lunes	2395
2195	13:00:00	13:50:00	A3-103	Miércoles	2396
2195	13:00:00	13:50:00	A3-103	Jueves	2397
2195	13:00:00	13:50:00	A3-204	Viernes	2398
1712	08:00:00	08:50:00	A3-104	Lunes	2399
1712	08:00:00	08:50:00	A3-104	Martes	2400
1712	08:00:00	08:50:00	A3-104	Jueves	2401
1712	08:00:00	08:50:00	A3-103	Viernes	2402
2586	08:00:00	09:50:00	\N	Martes	2403
2586	08:00:00	09:50:00	A3-202	Jueves	2404
2580	09:00:00	10:50:00	\N	Martes	2405
2580	09:00:00	10:50:00	A2-405	Viernes	2406
1795	13:00:00	13:50:00	A3-204	Lunes	2407
1795	13:00:00	13:50:00	A3-104	Martes	2408
1795	13:00:00	13:50:00	A3-104	Miércoles	2409
1795	13:00:00	13:50:00	A3-104	Viernes	2410
2552	10:00:00	10:50:00	A2-205	Lunes	2411
2552	10:00:00	10:50:00	A2-204	Martes	2412
2552	10:00:00	10:50:00	A2-204	Miércoles	2413
2552	10:00:00	10:50:00	A2-404	Jueves	2414
1166	14:00:00	15:50:00	A3-203	Martes	2415
1166	14:00:00	15:50:00	\N	Viernes	2416
1210	17:00:00	18:50:00	A3-202	Martes	2417
1210	17:00:00	18:50:00	\N	Jueves	2418
1224	09:00:00	10:50:00	A3-104	Martes	2419
1224	09:00:00	10:50:00	A2-205	Jueves	2420
1228	13:00:00	14:50:00	A3-203	Lunes	2421
1228	13:00:00	14:50:00	\N	Jueves	2422
1231	09:00:00	10:50:00	A3-204	Lunes	2423
1231	09:00:00	10:50:00	\N	Miércoles	2424
1232	09:00:00	10:50:00	A2-407	Lunes	2425
1232	09:00:00	10:50:00	\N	Martes	2426
1167	17:00:00	18:50:00	A2-307	Miércoles	2427
1167	17:00:00	18:50:00	\N	Viernes	2428
1169	11:00:00	12:50:00	A1-307	Lunes	2429
1169	11:00:00	12:50:00	A2-408	Miércoles	2430
1172	17:00:00	18:50:00	A2-307	Lunes	2431
1172	17:00:00	18:50:00	\N	Viernes	2432
1183	07:00:00	08:50:00	A3-203	Lunes	2433
1183	07:00:00	08:50:00	A3-203	Miércoles	2434
1189	17:00:00	18:50:00	A3-103	Lunes	2435
1189	17:00:00	18:50:00	A3-103	Miércoles	2436
1087	16:00:00	17:50:00	A4-203	Lunes	2437
1087	16:00:00	17:50:00	A1-307	Martes	2438
1129	08:00:00	09:50:00	A2-205	Lunes	2439
1129	08:00:00	09:50:00	A3-103	Miércoles	2440
1135	11:00:00	12:50:00	A3-204	Miércoles	2441
1135	11:00:00	12:50:00	A3-103	Viernes	2442
1139	07:00:00	08:50:00	\N	Miércoles	2443
1139	07:00:00	08:50:00	A3-202	Viernes	2444
1649	13:00:00	14:50:00	\N	Lunes	2445
1649	13:00:00	14:50:00	A3-203	Miércoles	2446
2151	11:00:00	12:50:00	A2-402	Lunes	2447
2151	11:00:00	12:50:00	A2-402	Viernes	2448
1092	15:00:00	16:50:00	A3-202	Miércoles	2449
1092	15:00:00	16:50:00	\N	Viernes	2450
1117	11:00:00	12:50:00	A2-204	Lunes	2451
1117	11:00:00	12:50:00	\N	Jueves	2452
1362	10:00:00	11:50:00	A3-103	Lunes	2453
1362	10:00:00	11:50:00	A3-202	Jueves	2454
1796	16:00:00	17:50:00	A3-204	Lunes	2455
1796	16:00:00	17:50:00	A3-204	Jueves	2456
2057	14:00:00	15:50:00	A2-204	Jueves	2457
2057	14:00:00	15:50:00	A3-102	Viernes	2458
2087	15:00:00	16:50:00	A3-103	Martes	2459
2087	15:00:00	16:50:00	\N	Jueves	2460
2144	07:00:00	08:50:00	A2-301	Lunes	2461
2144	07:00:00	08:50:00	A2-205	Jueves	2462
2515	07:00:00	08:50:00	A3-204	Lunes	2463
2515	07:00:00	08:50:00	\N	Miércoles	2464
2516	16:00:00	17:50:00	A2-204	Miércoles	2465
2516	16:00:00	17:50:00	A2-302	Viernes	2466
2587	13:00:00	14:50:00	A3-202	Martes	2467
2587	13:00:00	14:50:00	\N	Viernes	2468
1696	12:00:00	13:50:00	A3-102	Martes	2469
1696	12:00:00	13:50:00	\N	Jueves	2470
1703	17:00:00	18:50:00	A3-202	Lunes	2471
1703	17:00:00	18:50:00	A3-202	Miércoles	2472
1727	16:00:00	17:50:00	A2-502	Martes	2473
1727	16:00:00	17:50:00	A3-203	Miércoles	2474
1731	09:00:00	10:50:00	A3-204	Martes	2475
1731	09:00:00	10:50:00	\N	Jueves	2476
1740	14:00:00	15:50:00	A2-204	Lunes	2477
1740	14:00:00	15:50:00	\N	Viernes	2478
1748	13:00:00	14:50:00	A3-204	Miércoles	2479
1748	13:00:00	14:50:00	\N	Viernes	2480
2554	07:00:00	08:50:00	A2-307	Miércoles	2481
2554	07:00:00	08:50:00	A3-203	Viernes	2482
2551	15:00:00	16:50:00	A2-307	Lunes	2483
2551	15:00:00	16:50:00	A3-104	Jueves	2484
2150	17:00:00	18:50:00	A4-102	Miércoles	2485
2150	18:00:00	18:50:00	A2-408	Viernes	2486
1932	07:00:00	08:50:00	A2-303	Martes	2487
1932	09:00:00	10:50:00	A1-308	Miércoles	2488
1928	07:00:00	08:50:00	A2-304	Jueves	2489
1928	13:00:00	14:50:00	LBIC13	Martes	2490
1418	13:00:00	14:50:00	A4-102	Miércoles	2491
1418	16:00:00	17:50:00	A1-306	Jueves	2492
1721	14:00:00	15:50:00	A2-503	Miércoles	2493
1721	14:00:00	15:50:00	A2-405	Jueves	2494
2136	07:00:00	08:50:00	A4-201	Lunes	2495
2136	15:00:00	16:50:00	A2-304	Viernes	2496
1681	10:00:00	11:50:00	A2-405	Lunes	2497
1681	13:00:00	14:50:00	A2-503	Viernes	2498
1783	09:00:00	09:50:00	A2-506	Sábado	2499
1783	18:00:00	19:50:00	A1-305	Viernes	2500
1238	07:00:00	08:50:00	A2-505	Sábado	2501
1238	17:00:00	17:50:00	A2-406	Viernes	2502
1779	15:00:00	16:50:00	A1-407	Jueves	2503
1779	18:00:00	18:50:00	A1-407	Martes	2504
1124	11:00:00	12:50:00	A2-405	Miércoles	2505
1125	09:00:00	10:50:00	A5-104	Martes	2506
1376	15:00:00	16:50:00	A4-102	Miércoles	2507
1377	15:00:00	16:50:00	A5-104	Viernes	2508
1926	11:00:00	12:50:00	A2-205	Viernes	2509
1927	14:00:00	15:50:00	A5-104	Lunes	2510
1817	12:00:00	14:50:00	A2-405	Lunes	2511
1816	12:00:00	14:50:00	A2-405	Lunes	2512
2362	08:00:00	12:50:00	\N	Lunes	2513
2362	08:00:00	12:50:00	\N	Martes	2514
2362	08:00:00	12:50:00	\N	Miércoles	2515
2362	08:00:00	12:50:00	\N	Jueves	2516
2362	08:00:00	12:50:00	\N	Viernes	2517
2362	14:00:00	16:50:00	\N	Lunes	2518
2362	14:00:00	16:50:00	\N	Martes	2519
2362	14:00:00	16:50:00	\N	Miércoles	2520
2362	14:00:00	16:50:00	\N	Jueves	2521
2362	14:00:00	16:50:00	\N	Viernes	2522
2135	07:00:00	08:50:00	A4-201	Lunes	2523
2135	15:00:00	16:50:00	A2-304	Viernes	2524
2156	16:00:00	16:50:00	A4-102	Lunes	2525
2156	17:00:00	18:50:00	A2-305	Miércoles	2526
1497	09:00:00	10:50:00	A4-103	Viernes	2527
1497	15:00:00	15:50:00	A4-103	Jueves	2528
1081	07:00:00	08:50:00	A2-206	Martes	2529
1081	13:00:00	14:50:00	A2-206	Viernes	2530
1876	08:00:00	08:50:00	A2-507	Sábado	2531
1876	17:00:00	18:50:00	A2-502	Viernes	2532
1852	13:00:00	14:50:00	A4-101	Lunes	2533
1852	15:00:00	15:50:00	A4-102	Viernes	2534
1959	07:00:00	08:50:00	A1-308	Sábado	2535
1960	13:00:00	14:50:00	LBIC13	Viernes	2536
1263	16:00:00	16:50:00	A1-403	Jueves	2537
1263	18:00:00	19:50:00	A2-308	Martes	2538
2574	08:00:00	08:50:00	A4-201	Martes	2539
2574	11:00:00	12:50:00	A4-204	Miércoles	2540
1871	15:00:00	16:50:00	A2-408	Lunes	2541
1871	15:00:00	16:50:00	A2-406	Viernes	2542
2513	07:00:00	08:50:00	A1-308	Viernes	2543
2513	13:00:00	14:50:00	A1-307	Miércoles	2544
1093	07:00:00	08:50:00	A2-205	Martes	2545
1093	10:00:00	11:50:00	A2-305	Jueves	2546
1862	10:00:00	11:50:00	A2-401	Martes	2547
1862	15:00:00	16:50:00	A2-205	Jueves	2548
1866	07:00:00	08:50:00	A2-405	Lunes	2549
1866	13:00:00	14:50:00	A2-205	Jueves	2550
1248	18:00:00	19:50:00	A2-206	Miércoles	2551
1248	19:00:00	19:50:00	A2-206	Lunes	2552
1742	11:00:00	12:50:00	A4-103	Viernes	2553
1742	15:00:00	15:50:00	A4-103	Lunes	2554
1860	09:00:00	10:50:00	A1-306	Viernes	2555
1860	13:00:00	13:50:00	A1-304	Lunes	2556
1648	17:00:00	18:50:00	A2-206	Lunes	2557
1648	19:00:00	19:50:00	A2-206	Jueves	2558
2535	11:00:00	12:50:00	A2-502	Martes	2559
2535	13:00:00	13:50:00	A2-302	Viernes	2560
1789	08:00:00	09:50:00	A2-406	Miércoles	2561
1789	09:00:00	09:50:00	A2-405	Lunes	2562
2178	08:00:00	09:50:00	A1-404	Martes	2563
2178	11:00:00	11:50:00	A1-404	Miércoles	2564
2125	09:00:00	10:50:00	A2-205	Miércoles	2565
2125	10:00:00	10:50:00	A2-408	Jueves	2566
2049	13:00:00	13:50:00	A1-304	Miércoles	2567
2049	13:00:00	14:50:00	A2-307	Jueves	2568
1832	17:00:00	18:50:00	A4-102	Lunes	2569
1832	17:00:00	17:50:00	A4-102	Martes	2570
1944	09:00:00	09:50:00	A2-303	Martes	2571
1944	11:00:00	12:50:00	A2-207	Lunes	2572
1667	07:00:00	08:50:00	A4-203	Lunes	2573
1667	07:00:00	07:50:00	A3-103	Jueves	2574
1669	09:00:00	09:50:00	LBIM8	Viernes	2575
1820	07:00:00	08:50:00	A4-102	Viernes	2576
1821	16:00:00	16:50:00	LBIC13	Martes	2577
1822	14:00:00	14:50:00	LBIC13	Jueves	2578
2609	12:00:00	13:50:00	A2-403	Lunes	2579
2610	15:00:00	15:50:00	LBIC13	Miércoles	2580
2611	09:00:00	09:50:00	LBIC13	Viernes	2581
1836	11:00:00	12:50:00	A1-304	Viernes	2582
2050	12:00:00	12:50:00	A4-103	Martes	2583
2050	16:00:00	17:50:00	A4-103	Jueves	2584
2733	08:00:00	12:50:00	\N	Lunes	2585
2733	08:00:00	12:50:00	\N	Martes	2586
2733	08:00:00	12:50:00	\N	Miércoles	2587
2733	08:00:00	12:50:00	\N	Jueves	2588
2733	08:00:00	12:50:00	\N	Viernes	2589
2733	14:00:00	16:50:00	\N	Lunes	2590
2733	14:00:00	16:50:00	\N	Martes	2591
2733	14:00:00	16:50:00	\N	Miércoles	2592
2733	14:00:00	16:50:00	\N	Jueves	2593
2733	14:00:00	16:50:00	\N	Viernes	2594
1397	08:00:00	12:50:00	\N	Lunes	2595
1397	08:00:00	12:50:00	\N	Martes	2596
1397	08:00:00	12:50:00	\N	Miércoles	2597
1397	08:00:00	12:50:00	\N	Jueves	2598
1397	08:00:00	12:50:00	\N	Viernes	2599
1397	14:00:00	16:50:00	\N	Lunes	2600
1397	14:00:00	16:50:00	\N	Martes	2601
1397	14:00:00	16:50:00	\N	Miércoles	2602
1397	14:00:00	16:50:00	\N	Jueves	2603
1397	14:00:00	16:50:00	\N	Viernes	2604
2748	08:00:00	12:50:00	\N	Lunes	2605
2748	08:00:00	12:50:00	\N	Martes	2606
2748	08:00:00	12:50:00	\N	Miércoles	2607
2748	08:00:00	12:50:00	\N	Jueves	2608
2748	08:00:00	12:50:00	\N	Viernes	2609
2748	14:00:00	16:50:00	\N	Lunes	2610
2748	14:00:00	16:50:00	\N	Martes	2611
2748	14:00:00	16:50:00	\N	Miércoles	2612
2748	14:00:00	16:50:00	\N	Jueves	2613
2748	14:00:00	16:50:00	\N	Viernes	2614
1877	08:00:00	08:50:00	A2-507	Sábado	2615
1877	17:00:00	18:50:00	A2-502	Viernes	2616
1264	16:00:00	16:50:00	A1-403	Jueves	2617
1264	18:00:00	19:50:00	A2-308	Martes	2618
1872	15:00:00	16:50:00	A2-408	Lunes	2619
1872	15:00:00	16:50:00	A2-406	Viernes	2620
2514	07:00:00	08:50:00	A1-308	Viernes	2621
2514	13:00:00	14:50:00	A1-307	Miércoles	2622
1094	07:00:00	08:50:00	A2-205	Martes	2623
1094	10:00:00	11:50:00	A2-305	Jueves	2624
1863	10:00:00	11:50:00	A2-401	Martes	2625
1863	15:00:00	16:50:00	A2-205	Jueves	2626
2051	12:00:00	12:50:00	A4-103	Martes	2627
2051	16:00:00	17:50:00	A4-103	Jueves	2628
1999	13:00:00	14:50:00	A1-308	Miércoles	2629
1999	15:00:00	16:50:00	A2-206	Martes	2630
2364	07:00:00	08:50:00	LBIN5	Martes	2631
2364	07:00:00	07:50:00	LBIN5	Viernes	2632
2366	07:00:00	07:50:00	LBIN5	Lunes	2633
2368	08:00:00	08:50:00	LBIN5	Lunes	2634
1991	10:00:00	11:50:00	LBIN5	Miércoles	2635
1991	11:00:00	11:50:00	LBIN5	Viernes	2636
1992	11:00:00	11:50:00	LBIN5	Lunes	2637
1990	09:00:00	10:50:00	A2-405	Miércoles	2638
1990	09:00:00	10:50:00	A2-106	Viernes	2639
1995	09:00:00	09:50:00	A2-502	Viernes	2640
1995	10:00:00	11:50:00	A2-106	Martes	2641
2695	08:00:00	08:50:00	A2-106	Miércoles	2642
1983	10:00:00	11:50:00	A2-506	Viernes	2643
1699	07:00:00	08:50:00	A3-204	Miércoles	2644
1699	07:00:00	08:50:00	A2-403	Viernes	2645
1901	09:00:00	10:50:00	A2-403	Lunes	2646
1901	09:00:00	10:50:00	A2-505	Jueves	2647
2006	07:00:00	08:50:00	LBIN5	Miércoles	2648
2006	09:00:00	10:50:00	A2-304	Viernes	2649
2112	17:00:00	18:50:00	A2-304	Lunes	2650
2112	17:00:00	18:50:00	A4-203	Miércoles	2651
1996	07:00:00	07:50:00	A2-305	Miércoles	2652
1996	16:00:00	17:50:00	A2-207	Lunes	2653
2000	13:00:00	14:50:00	A2-103	Lunes	2654
2000	13:00:00	13:50:00	A2-103	Viernes	2655
1994	16:00:00	17:50:00	A4-203	Martes	2656
1994	16:00:00	17:50:00	A2-304	Jueves	2657
1997	08:00:00	09:50:00	A1-304	Martes	2658
1997	13:00:00	14:50:00	A2-505	Viernes	2659
1998	13:00:00	14:50:00	A2-207	Lunes	2660
1998	16:00:00	17:50:00	A1-305	Viernes	2661
2001	13:00:00	14:50:00	A2-103	Miércoles	2662
2001	15:00:00	16:50:00	A2-103	Lunes	2663
2365	07:00:00	08:50:00	LBIN5	Martes	2664
2365	07:00:00	07:50:00	LBIN5	Viernes	2665
2369	08:00:00	08:50:00	LBIN5	Lunes	2666
1118	08:00:00	12:50:00	\N	Lunes	2667
1118	08:00:00	12:50:00	\N	Martes	2668
1118	08:00:00	12:50:00	\N	Miércoles	2669
1118	08:00:00	12:50:00	\N	Jueves	2670
1118	08:00:00	12:50:00	\N	Viernes	2671
1118	14:00:00	16:50:00	\N	Lunes	2672
1118	14:00:00	16:50:00	\N	Martes	2673
1118	14:00:00	16:50:00	\N	Miércoles	2674
1118	14:00:00	16:50:00	\N	Jueves	2675
1118	14:00:00	16:50:00	\N	Viernes	2676
2414	13:00:00	14:50:00	A2-308	Lunes	2677
2414	15:00:00	16:50:00	A5-203	Miércoles	2678
2415	08:00:00	09:50:00	A2-307	Lunes	2679
2415	09:00:00	10:50:00	A3-104	Jueves	2680
2374	08:00:00	09:50:00	A4-102	Miércoles	2681
2374	08:00:00	09:50:00	A2-506	Viernes	2682
1989	07:00:00	08:50:00	A2-103	Jueves	2683
1989	09:00:00	10:50:00	A2-103	Lunes	2684
2431	13:00:00	14:50:00	A2-503	Martes	2685
2431	15:00:00	16:50:00	A2-503	Viernes	2686
1257	17:00:00	17:50:00	A2-308	Jueves	2687
1257	18:00:00	19:50:00	A1-307	Martes	2688
1258	10:00:00	10:50:00	A2-107	Lunes	2689
2614	11:00:00	11:50:00	A2-107	Lunes	2690
2371	17:00:00	18:50:00	A2-203	Martes	2691
2371	17:00:00	18:50:00	A2-203	Jueves	2692
1273	15:00:00	16:50:00	A2-104	Miércoles	2693
1273	16:00:00	17:50:00	A2-104	Lunes	2694
1571	15:00:00	16:50:00	A2-104	Martes	2695
1571	15:00:00	16:50:00	A2-104	Jueves	2696
1984	10:00:00	11:50:00	A2-506	Viernes	2697
1308	08:00:00	09:50:00	A2-505	Lunes	2698
1308	16:00:00	17:50:00	A2-403	Martes	2699
1600	13:00:00	14:50:00	A2-407	Lunes	2700
1600	13:00:00	14:50:00	A2-407	Jueves	2701
2253	17:00:00	18:50:00	A2-306	Martes	2702
2253	17:00:00	18:50:00	A2-505	Miércoles	2703
2402	16:00:00	17:50:00	A2-301	Lunes	2704
2402	16:00:00	17:50:00	A4-203	Jueves	2705
2410	13:00:00	14:50:00	A2-403	Miércoles	2706
2410	15:00:00	16:50:00	A2-401	Martes	2707
2363	09:00:00	10:50:00	A4-201	Jueves	2708
2363	10:00:00	11:50:00	A2-301	Martes	2709
2007	13:00:00	14:50:00	A2-304	Viernes	2710
2007	14:00:00	15:50:00	A2-106	Miércoles	2711
2373	15:00:00	16:50:00	A2-203	Martes	2712
2373	17:00:00	18:50:00	A2-304	Miércoles	2713
2376	17:00:00	18:50:00	A4-101	Lunes	2714
2376	17:00:00	18:50:00	A2-204	Viernes	2715
2375	13:00:00	13:50:00	A2-304	Martes	2716
2375	13:00:00	14:50:00	A1-306	Viernes	2717
2377	07:00:00	08:50:00	A2-103	Lunes	2718
2377	11:00:00	11:50:00	A2-103	Jueves	2719
1121	08:00:00	12:50:00	\N	Lunes	2720
1121	08:00:00	12:50:00	\N	Martes	2721
1121	08:00:00	12:50:00	\N	Miércoles	2722
1121	08:00:00	12:50:00	\N	Jueves	2723
1121	08:00:00	12:50:00	\N	Viernes	2724
1121	14:00:00	16:50:00	\N	Lunes	2725
1121	14:00:00	16:50:00	\N	Martes	2726
1121	14:00:00	16:50:00	\N	Miércoles	2727
1121	14:00:00	16:50:00	\N	Jueves	2728
1121	14:00:00	16:50:00	\N	Viernes	2729
1604	10:00:00	11:50:00	A2-408	Viernes	2730
2218	07:00:00	08:50:00	A1-306	Viernes	2731
2218	14:00:00	14:50:00	A2-303	Miércoles	2732
2219	13:00:00	13:50:00	A2-303	Miércoles	2733
2219	13:00:00	14:50:00	A2-507	Jueves	2734
2493	15:00:00	16:50:00	A1-306	Lunes	2735
2493	15:00:00	16:50:00	LBIN1	Martes	2736
1856	07:00:00	07:50:00	A2-308	Miércoles	2737
1856	09:00:00	10:50:00	A2-406	Martes	2738
1048	13:00:00	14:50:00	LBIN1	Martes	2739
1048	18:00:00	18:50:00	LBIN1	Jueves	2740
2536	15:00:00	16:50:00	LBIN1	Viernes	2741
2536	17:00:00	17:50:00	A2-405	Martes	2742
1159	17:00:00	18:50:00	A2-204	Martes	2743
1159	18:00:00	18:50:00	A4-204	Jueves	2744
1550	07:00:00	08:50:00	A1-307	Viernes	2745
1550	13:00:00	13:50:00	A2-203	Miércoles	2746
2721	09:00:00	09:50:00	LBIN2	Lunes	2747
2721	13:00:00	14:50:00	LBIN2	Jueves	2748
2739	08:00:00	12:50:00	\N	Lunes	2749
2739	08:00:00	12:50:00	\N	Martes	2750
2739	08:00:00	12:50:00	\N	Miércoles	2751
2739	08:00:00	12:50:00	\N	Jueves	2752
2739	08:00:00	12:50:00	\N	Viernes	2753
2739	14:00:00	16:50:00	\N	Lunes	2754
2739	14:00:00	16:50:00	\N	Martes	2755
2739	14:00:00	16:50:00	\N	Miércoles	2756
2739	14:00:00	16:50:00	\N	Jueves	2757
2739	14:00:00	16:50:00	\N	Viernes	2758
2217	13:00:00	14:50:00	A2-501	Lunes	2759
2217	13:00:00	14:50:00	A2-501	Viernes	2760
1848	10:00:00	11:50:00	LBIN1	Jueves	2761
1848	13:00:00	13:50:00	LBIN1	Lunes	2762
2226	10:00:00	11:50:00	LBIN1	Lunes	2763
2226	13:00:00	13:50:00	LBIN1	Jueves	2764
2227	07:00:00	08:50:00	A4-101	Viernes	2765
2227	08:00:00	09:50:00	A2-407	Miércoles	2766
1014	07:00:00	08:50:00	A2-307	Jueves	2767
1014	14:00:00	14:50:00	A2-401	Lunes	2768
1009	10:00:00	11:50:00	LBIN2	Martes	2769
1009	10:00:00	11:50:00	LBIN2	Jueves	2770
1016	08:00:00	09:50:00	A2-504	Jueves	2771
1016	10:00:00	11:50:00	A2-504	Lunes	2772
1023	10:00:00	11:50:00	A2-304	Miércoles	2773
1023	11:00:00	12:50:00	A2-304	Viernes	2774
1108	09:00:00	10:50:00	A2-205	Martes	2775
1108	11:00:00	12:50:00	A2-205	Jueves	2776
1039	15:00:00	16:50:00	A2-205	Martes	2777
1039	15:00:00	16:50:00	A2-205	Viernes	2778
1049	17:00:00	18:50:00	A2-503	Viernes	2779
1049	18:00:00	19:50:00	A2-408	Martes	2780
1054	14:00:00	15:50:00	LBIN3	Lunes	2781
1054	14:00:00	14:50:00	LBIN3	Miércoles	2782
1065	09:00:00	09:50:00	LBIN3	Martes	2783
1065	14:00:00	15:50:00	LBIN3	Viernes	2784
1000	08:00:00	08:50:00	LBIN3	Viernes	2785
1000	13:00:00	14:50:00	LBIN3	Martes	2786
1003	07:00:00	08:50:00	LBIN3	Lunes	2787
1003	13:00:00	13:50:00	LBIN3	Viernes	2788
2537	09:00:00	10:50:00	A2-307	Martes	2789
2537	10:00:00	10:50:00	A2-204	Jueves	2790
2105	10:00:00	11:50:00	A2-406	Viernes	2791
2107	10:00:00	11:50:00	A2-501	Viernes	2792
1341	07:00:00	07:50:00	A2-502	Miércoles	2793
1341	10:00:00	11:50:00	A1-402	Jueves	2794
1433	07:00:00	07:50:00	A2-504	Miércoles	2795
1433	08:00:00	09:50:00	A1-402	Martes	2796
1436	10:00:00	11:50:00	A1-405	Martes	2797
1436	11:00:00	11:50:00	A4-203	Miércoles	2798
1440	11:00:00	11:50:00	A2-505	Martes	2799
1440	15:00:00	16:50:00	A1-404	Lunes	2800
1902	07:00:00	08:50:00	A1-403	Martes	2801
1902	16:00:00	16:50:00	A2-408	Miércoles	2802
1906	07:00:00	08:50:00	A1-405	Miércoles	2803
1906	09:00:00	09:50:00	A2-403	Viernes	2804
2108	18:00:00	19:50:00	A2-204	Lunes	2805
2108	19:00:00	19:50:00	A2-204	Jueves	2806
2111	17:00:00	17:50:00	A2-404	Martes	2807
2111	17:00:00	18:50:00	A2-404	Miércoles	2808
1809	08:00:00	09:50:00	A2-403	Miércoles	2809
1809	09:00:00	10:50:00	A2-206	Jueves	2810
1814	07:00:00	08:50:00	A4-204	Jueves	2811
1814	13:00:00	14:50:00	A4-101	Martes	2812
2438	07:00:00	08:50:00	A2-307	Martes	2813
2438	07:00:00	08:50:00	A2-307	Viernes	2814
2439	17:00:00	18:50:00	A2-302	Jueves	2815
2439	17:00:00	18:50:00	A1-308	Viernes	2816
2440	09:00:00	10:50:00	A2-406	Lunes	2817
2440	13:00:00	14:50:00	A2-403	Viernes	2818
2115	15:00:00	16:50:00	A2-206	Lunes	2819
2115	15:00:00	16:50:00	A2-206	Miércoles	2820
2472	17:00:00	18:50:00	A2-504	Viernes	2821
2472	18:00:00	19:50:00	A2-401	Martes	2822
2473	08:00:00	09:50:00	A2-502	Sábado	2823
2473	14:00:00	15:50:00	A2-406	Jueves	2824
1883	07:00:00	08:50:00	A3-204	Jueves	2825
1883	08:00:00	09:50:00	A3-202	Lunes	2826
1274	13:00:00	14:50:00	A3-103	Viernes	2827
1274	15:00:00	16:50:00	A3-203	Lunes	2828
2566	07:00:00	08:50:00	A3-104	Viernes	2829
2566	13:00:00	14:50:00	A2-206	Miércoles	2830
1267	17:00:00	18:50:00	A1-307	Lunes	2831
1267	18:00:00	18:50:00	A1-307	Jueves	2832
1268	18:00:00	18:50:00	LBIM8	Miércoles	2833
2720	19:00:00	19:50:00	LBIM8	Jueves	2834
1801	07:00:00	07:50:00	A4-202	Jueves	2835
1801	09:00:00	10:50:00	A1-306	Miércoles	2836
1503	17:00:00	18:50:00	A2-506	Viernes	2837
1503	18:00:00	18:50:00	A2-407	Martes	2838
2474	11:00:00	11:50:00	A1-308	Lunes	2839
2474	13:00:00	14:50:00	A4-201	Viernes	2840
1256	07:00:00	07:50:00	A2-506	Martes	2841
1256	12:00:00	13:50:00	A2-501	Jueves	2842
1882	08:00:00	09:50:00	A2-506	Martes	2843
1882	16:00:00	16:50:00	A2-301	Jueves	2844
1251	08:00:00	09:50:00	A2-204	Miércoles	2845
1251	08:00:00	09:50:00	A2-401	Viernes	2846
2103	13:00:00	13:50:00	A4-103	Lunes	2847
2103	13:00:00	14:50:00	A4-103	Miércoles	2848
1088	07:00:00	08:50:00	A2-405	Jueves	2849
1088	07:00:00	08:50:00	A2-405	Viernes	2850
2116	11:00:00	12:50:00	A2-206	Miércoles	2851
2116	12:00:00	12:50:00	A2-206	Lunes	2852
1351	13:00:00	14:50:00	A4-201	Martes	2853
1351	16:00:00	16:50:00	A2-504	Viernes	2854
2416	07:00:00	07:50:00	A3-203	Jueves	2855
2416	15:00:00	16:50:00	A4-201	Martes	2856
2417	15:00:00	15:50:00	LBIM12	Viernes	2857
2418	15:00:00	15:50:00	LBIM12	Miércoles	2858
2184	18:00:00	19:50:00	A2-308	Lunes	2859
2670	07:00:00	07:50:00	LBIM8	Miércoles	2860
2671	08:00:00	08:50:00	LBIM8	Miércoles	2861
1523	07:00:00	08:50:00	A1-304	Sábado	2862
1276	07:00:00	07:50:00	A2-305	Lunes	2863
1276	15:00:00	16:50:00	A2-305	Miércoles	2864
1277	09:00:00	09:50:00	A2-405	Jueves	2865
1277	15:00:00	16:50:00	A2-405	Martes	2866
1281	08:00:00	12:50:00	\N	Lunes	2867
1281	08:00:00	12:50:00	\N	Martes	2868
1281	08:00:00	12:50:00	\N	Miércoles	2869
1281	08:00:00	12:50:00	\N	Jueves	2870
1281	08:00:00	12:50:00	\N	Viernes	2871
1281	14:00:00	16:50:00	\N	Lunes	2872
1281	14:00:00	16:50:00	\N	Martes	2873
1281	14:00:00	16:50:00	\N	Miércoles	2874
1281	14:00:00	16:50:00	\N	Jueves	2875
1281	14:00:00	16:50:00	\N	Viernes	2876
2751	08:00:00	12:50:00	\N	Lunes	2877
2751	08:00:00	12:50:00	\N	Martes	2878
2751	08:00:00	12:50:00	\N	Miércoles	2879
2751	08:00:00	12:50:00	\N	Jueves	2880
2751	08:00:00	12:50:00	\N	Viernes	2881
2751	14:00:00	16:50:00	\N	Lunes	2882
2751	14:00:00	16:50:00	\N	Martes	2883
2751	14:00:00	16:50:00	\N	Miércoles	2884
2751	14:00:00	16:50:00	\N	Jueves	2885
2751	14:00:00	16:50:00	\N	Viernes	2886
1275	13:00:00	14:50:00	A3-103	Viernes	2887
1275	15:00:00	16:50:00	A3-203	Lunes	2888
1282	08:00:00	12:50:00	\N	Lunes	2889
1282	08:00:00	12:50:00	\N	Martes	2890
1282	08:00:00	12:50:00	\N	Miércoles	2891
1282	08:00:00	12:50:00	\N	Jueves	2892
1282	08:00:00	12:50:00	\N	Viernes	2893
1282	14:00:00	16:50:00	\N	Lunes	2894
1282	14:00:00	16:50:00	\N	Martes	2895
1282	14:00:00	16:50:00	\N	Miércoles	2896
1282	14:00:00	16:50:00	\N	Jueves	2897
1282	14:00:00	16:50:00	\N	Viernes	2898
2419	12:00:00	12:50:00	A2-501	Viernes	2899
2419	17:00:00	18:50:00	A2-501	Martes	2900
2421	10:00:00	11:50:00	A2-102	Miércoles	2901
2719	07:00:00	08:50:00	A2-102	Viernes	2902
2425	08:00:00	09:50:00	A2-302	Miércoles	2903
2425	13:00:00	14:50:00	A2-504	Lunes	2904
2429	15:00:00	16:50:00	A1-304	Lunes	2905
2429	15:00:00	16:50:00	A1-307	Jueves	2906
2434	11:00:00	12:50:00	A2-503	Miércoles	2907
2434	11:00:00	12:50:00	A2-505	Jueves	2908
2139	09:00:00	09:50:00	A2-502	Martes	2909
2139	15:00:00	16:50:00	A2-205	Lunes	2910
2171	13:00:00	13:50:00	A2-502	Martes	2911
2171	15:00:00	16:50:00	A1-304	Viernes	2912
1287	10:00:00	11:50:00	A2-306	Viernes	2913
1289	10:00:00	11:50:00	A2-504	Viernes	2914
1505	17:00:00	17:50:00	A1-308	Lunes	2915
1505	17:00:00	18:50:00	A1-308	Jueves	2916
2432	08:00:00	09:50:00	A2-503	Miércoles	2917
2432	08:00:00	09:50:00	A2-503	Jueves	2918
1301	17:00:00	17:50:00	A2-408	Miércoles	2919
1302	16:00:00	16:50:00	A2-102	Jueves	2920
2228	17:00:00	17:50:00	A2-206	Martes	2921
2229	15:00:00	15:50:00	A2-102	Jueves	2922
2430	07:00:00	07:50:00	A2-503	Jueves	2923
2430	15:00:00	16:50:00	A2-503	Martes	2924
1499	08:00:00	09:50:00	A2-305	Viernes	2925
1499	11:00:00	11:50:00	A2-407	Lunes	2926
2569	07:00:00	07:50:00	A4-204	Viernes	2927
2569	14:00:00	15:50:00	A2-408	Miércoles	2928
2738	08:00:00	12:50:00	\N	Lunes	2929
2738	08:00:00	12:50:00	\N	Martes	2930
2738	08:00:00	12:50:00	\N	Miércoles	2931
2738	08:00:00	12:50:00	\N	Jueves	2932
2738	08:00:00	12:50:00	\N	Viernes	2933
2738	14:00:00	16:50:00	\N	Lunes	2934
2738	14:00:00	16:50:00	\N	Martes	2935
2738	14:00:00	16:50:00	\N	Miércoles	2936
2738	14:00:00	16:50:00	\N	Jueves	2937
2738	14:00:00	16:50:00	\N	Viernes	2938
2435	08:00:00	12:50:00	\N	Lunes	2939
2435	08:00:00	12:50:00	\N	Martes	2940
2435	08:00:00	12:50:00	\N	Miércoles	2941
2435	08:00:00	12:50:00	\N	Jueves	2942
2435	08:00:00	12:50:00	\N	Viernes	2943
2435	14:00:00	16:50:00	\N	Lunes	2944
2435	14:00:00	16:50:00	\N	Martes	2945
2435	14:00:00	16:50:00	\N	Miércoles	2946
2435	14:00:00	16:50:00	\N	Jueves	2947
2435	14:00:00	16:50:00	\N	Viernes	2948
2499	07:00:00	07:50:00	A1-306	Martes	2949
2499	08:00:00	09:50:00	A2-406	Jueves	2950
2500	10:00:00	11:50:00	LBIC13	Lunes	2951
2502	07:00:00	08:50:00	A2-404	Miércoles	2952
2503	13:00:00	14:50:00	A2-107	Jueves	2953
1967	07:00:00	08:50:00	A4-102	Martes	2954
2504	17:00:00	18:50:00	A2-303	Jueves	2955
2505	10:00:00	11:50:00	LBIAMB	Martes	2956
1965	11:00:00	12:50:00	A2-404	Miércoles	2957
1965	12:00:00	12:50:00	A2-308	Lunes	2958
1966	10:00:00	11:50:00	LBIAMB	Jueves	2959
1971	08:00:00	09:50:00	A1-305	Miércoles	2960
1972	11:00:00	12:50:00	A1-405	Jueves	2961
2003	07:00:00	08:50:00	A2-206	Viernes	2962
2602	08:00:00	09:50:00	A1-403	Lunes	2963
1969	15:00:00	16:50:00	A3-202	Martes	2964
1970	12:00:00	13:50:00	A1-405	Viernes	2965
1975	14:00:00	15:50:00	A3-102	Martes	2966
1977	14:00:00	15:50:00	A1-407	Viernes	2967
1621	11:00:00	12:50:00	A2-404	Jueves	2968
1621	18:00:00	18:50:00	A1-308	Lunes	2969
2485	10:00:00	11:50:00	A2-301	Viernes	2970
2490	12:00:00	12:50:00	A1-305	Lunes	2971
2490	17:00:00	18:50:00	A5-203	Miércoles	2972
2501	08:00:00	09:50:00	A1-306	Martes	2973
2501	12:00:00	12:50:00	A1-306	Lunes	2974
2497	12:00:00	13:50:00	A3-203	Martes	2975
2498	13:00:00	14:50:00	LBIAMB	Miércoles	2976
2718	13:00:00	14:50:00	LBIAMB	Miércoles	2977
1973	09:00:00	11:50:00	A2-206	Martes	2978
1974	07:00:00	09:50:00	A5-203	Jueves	2979
2534	08:00:00	12:50:00	\N	Lunes	2980
2534	08:00:00	12:50:00	\N	Martes	2981
2534	08:00:00	12:50:00	\N	Miércoles	2982
2534	08:00:00	12:50:00	\N	Jueves	2983
2534	08:00:00	12:50:00	\N	Viernes	2984
2534	14:00:00	16:50:00	\N	Lunes	2985
2534	14:00:00	16:50:00	\N	Martes	2986
2534	14:00:00	16:50:00	\N	Miércoles	2987
2534	14:00:00	16:50:00	\N	Jueves	2988
2534	14:00:00	16:50:00	\N	Viernes	2989
2004	08:00:00	12:50:00	\N	Lunes	2990
2004	08:00:00	12:50:00	\N	Martes	2991
2004	08:00:00	12:50:00	\N	Miércoles	2992
2004	08:00:00	12:50:00	\N	Jueves	2993
2004	08:00:00	12:50:00	\N	Viernes	2994
2004	14:00:00	16:50:00	\N	Lunes	2995
2004	14:00:00	16:50:00	\N	Martes	2996
2004	14:00:00	16:50:00	\N	Miércoles	2997
2004	14:00:00	16:50:00	\N	Jueves	2998
2004	14:00:00	16:50:00	\N	Viernes	2999
1261	15:00:00	16:50:00	A2-201	Lunes	3000
1261	15:00:00	15:50:00	A2-201	Jueves	3001
1262	15:00:00	16:50:00	A2-305	Viernes	3002
2067	10:00:00	11:50:00	A2-403	Viernes	3003
1881	12:00:00	13:50:00	A1-407	Martes	3004
1095	16:00:00	17:50:00	A2-505	Jueves	3005
1095	17:00:00	18:50:00	A2-404	Lunes	3006
2703	15:00:00	16:50:00	A5-104	Miércoles	3007
1885	12:00:00	12:50:00	A1-308	Viernes	3008
1885	17:00:00	18:50:00	A1-308	Martes	3009
1253	11:00:00	12:50:00	A3-204	Lunes	3010
1253	11:00:00	11:50:00	A2-201	Miércoles	3011
1254	11:00:00	12:50:00	A5-204	Jueves	3012
1774	08:00:00	09:50:00	A2-104	Lunes	3013
1774	15:00:00	16:50:00	A2-304	Miércoles	3014
1775	08:00:00	09:50:00	A2-105	Martes	3015
1283	07:00:00	08:50:00	A2-304	Viernes	3016
1283	17:00:00	18:50:00	A3-104	Lunes	3017
1284	11:00:00	12:50:00	A1-403	Jueves	3018
1895	17:00:00	19:50:00	A2-201	Viernes	3019
1303	17:00:00	19:50:00	A4-201	Martes	3020
1547	08:00:00	12:50:00	\N	Lunes	3021
1547	08:00:00	12:50:00	\N	Martes	3022
1547	08:00:00	12:50:00	\N	Miércoles	3023
1547	08:00:00	12:50:00	\N	Jueves	3024
1547	08:00:00	12:50:00	\N	Viernes	3025
1547	14:00:00	16:50:00	\N	Lunes	3026
1547	14:00:00	16:50:00	\N	Martes	3027
1547	14:00:00	16:50:00	\N	Miércoles	3028
1547	14:00:00	16:50:00	\N	Jueves	3029
1547	14:00:00	16:50:00	\N	Viernes	3030
2577	08:00:00	09:50:00	A2-301	Jueves	3031
2577	15:00:00	15:50:00	A5-203	Lunes	3032
2305	17:00:00	17:50:00	A1-402	Miércoles	3033
2305	18:00:00	19:50:00	A1-405	Martes	3034
2714	08:00:00	09:50:00	A1-407	Sábado	3035
2714	17:00:00	17:50:00	A1-407	Miércoles	3036
2281	13:00:00	13:50:00	A2-306	Lunes	3037
2282	15:00:00	16:50:00	A1-405	Jueves	3038
2715	17:00:00	18:50:00	A1-407	Lunes	3039
2717	16:00:00	16:50:00	A1-407	Viernes	3040
2294	10:00:00	10:50:00	A1-401	Martes	3041
1033	13:00:00	13:50:00	A1-401	Lunes	3042
1034	07:00:00	08:50:00	A1-401	Jueves	3043
1187	15:00:00	15:50:00	A1-401	Viernes	3044
1188	13:00:00	14:50:00	A1-401	Martes	3045
2348	11:00:00	11:50:00	A1-401	Jueves	3046
2349	13:00:00	14:50:00	A1-401	Viernes	3047
1896	07:00:00	07:50:00	A1-304	Martes	3048
1897	09:00:00	10:50:00	A1-403	Viernes	3049
1126	10:00:00	11:50:00	A1-305	Viernes	3050
1426	10:00:00	11:50:00	A1-308	Viernes	3051
1428	10:00:00	11:50:00	A1-307	Viernes	3052
1917	10:00:00	11:50:00	A2-203	Viernes	3053
2014	08:00:00	09:50:00	A1-404	Lunes	3054
2014	13:00:00	13:50:00	A1-307	Martes	3055
2016	07:00:00	07:50:00	A1-307	Miércoles	3056
2016	13:00:00	14:50:00	A1-403	Viernes	3057
2085	07:00:00	08:50:00	A1-405	Jueves	3058
2085	07:00:00	07:50:00	A2-506	Viernes	3059
2106	09:00:00	09:50:00	A1-307	Jueves	3060
2106	15:00:00	16:50:00	A1-403	Miércoles	3061
2110	07:00:00	07:50:00	A2-504	Martes	3062
2110	13:00:00	14:50:00	A1-403	Lunes	3063
2137	07:00:00	08:50:00	A1-403	Viernes	3064
2137	11:00:00	11:50:00	A2-204	Miércoles	3065
2146	13:00:00	14:50:00	A1-403	Miércoles	3066
2146	16:00:00	16:50:00	A2-203	Jueves	3067
2148	07:00:00	08:50:00	A1-404	Viernes	3068
2148	11:00:00	11:50:00	A1-307	Miércoles	3069
1250	08:00:00	09:50:00	A3-201	Viernes	3070
1250	15:00:00	15:50:00	A3-104	Martes	3071
1486	11:00:00	11:50:00	A2-203	Miércoles	3072
1486	14:00:00	15:50:00	A1-405	Viernes	3073
1964	08:00:00	09:50:00	A1-402	Jueves	3074
1964	09:00:00	09:50:00	A2-408	Viernes	3075
1993	07:00:00	08:50:00	A1-403	Jueves	3076
1993	09:00:00	09:50:00	A2-301	Lunes	3077
2010	08:00:00	09:50:00	A1-405	Martes	3078
2010	14:00:00	14:50:00	A1-305	Miércoles	3079
2011	07:00:00	08:50:00	A1-405	Lunes	3080
2011	07:00:00	07:50:00	A4-101	Martes	3081
2013	09:00:00	09:50:00	A2-504	Miércoles	3082
2013	10:00:00	11:50:00	A1-403	Lunes	3083
1661	11:00:00	12:50:00	A1-403	Viernes	3084
1661	12:00:00	12:50:00	A2-301	Martes	3085
1684	14:00:00	15:50:00	A1-407	Lunes	3086
1684	17:00:00	17:50:00	A1-307	Jueves	3087
2725	10:00:00	11:50:00	A1-404	Sábado	3088
2725	12:00:00	12:50:00	A1-305	Miércoles	3089
2221	13:00:00	14:50:00	A1-401	Miércoles	3090
2221	16:00:00	16:50:00	A1-401	Jueves	3091
2236	07:00:00	07:50:00	A1-401	Lunes	3092
2236	08:00:00	09:50:00	A1-401	Viernes	3093
1590	17:00:00	18:50:00	A1-401	Miércoles	3094
1590	19:00:00	19:50:00	A1-401	Jueves	3095
1591	17:00:00	18:50:00	A1-401	Jueves	3096
1591	19:00:00	19:50:00	A1-401	Miércoles	3097
1021	13:00:00	13:50:00	A1-401	Jueves	3098
1021	15:00:00	16:50:00	A1-401	Martes	3099
1339	08:00:00	09:50:00	A2-303	Jueves	3100
1339	12:00:00	12:50:00	A1-308	Miércoles	3101
1404	08:00:00	08:50:00	A1-404	Miércoles	3102
1404	10:00:00	11:50:00	A1-407	Jueves	3103
1592	07:00:00	07:50:00	A1-404	Miércoles	3104
1592	07:00:00	08:50:00	A1-407	Viernes	3105
1111	18:00:00	19:50:00	A1-402	Jueves	3106
1111	19:00:00	19:50:00	A1-402	Miércoles	3107
1116	08:00:00	12:50:00	\N	Lunes	3108
1116	08:00:00	12:50:00	\N	Martes	3109
1116	08:00:00	12:50:00	\N	Miércoles	3110
1116	08:00:00	12:50:00	\N	Jueves	3111
1116	08:00:00	12:50:00	\N	Viernes	3112
1116	14:00:00	16:50:00	\N	Lunes	3113
1116	14:00:00	16:50:00	\N	Martes	3114
1116	14:00:00	16:50:00	\N	Miércoles	3115
1116	14:00:00	16:50:00	\N	Jueves	3116
1116	14:00:00	16:50:00	\N	Viernes	3117
2480	13:00:00	13:50:00	A2-405	Jueves	3118
2480	15:00:00	16:50:00	A2-405	Lunes	3119
2436	10:00:00	11:50:00	A2-503	Viernes	3120
2437	08:00:00	09:50:00	A2-308	Miércoles	3121
2437	10:00:00	11:50:00	A2-308	Jueves	3122
2483	18:00:00	19:50:00	A3-203	Martes	3123
2483	18:00:00	19:50:00	A2-403	Jueves	3124
2476	13:00:00	14:50:00	LBIM10	Miércoles	3125
2476	14:00:00	15:50:00	LBIM10	Lunes	3126
2475	17:00:00	18:50:00	A2-501	Jueves	3127
2475	18:00:00	19:50:00	A2-502	Martes	3128
2477	09:00:00	09:50:00	A2-305	Jueves	3129
2477	13:00:00	14:50:00	A2-205	Lunes	3130
2481	18:00:00	19:50:00	A2-301	Lunes	3131
2481	18:00:00	19:50:00	A1-305	Miércoles	3132
2538	14:00:00	14:50:00	LBIM10	Martes	3133
2538	15:00:00	16:50:00	LBIM10	Miércoles	3134
2260	13:00:00	14:50:00	LBIM10	Jueves	3135
2260	15:00:00	15:50:00	LBIM10	Martes	3136
2482	17:00:00	19:50:00	A2-406	Lunes	3137
2484	17:00:00	19:50:00	A2-405	Miércoles	3138
1702	08:00:00	12:50:00	\N	Lunes	3139
1702	08:00:00	12:50:00	\N	Martes	3140
1702	08:00:00	12:50:00	\N	Miércoles	3141
1702	08:00:00	12:50:00	\N	Jueves	3142
1702	08:00:00	12:50:00	\N	Viernes	3143
1702	14:00:00	16:50:00	\N	Lunes	3144
1702	14:00:00	16:50:00	\N	Martes	3145
1702	14:00:00	16:50:00	\N	Miércoles	3146
1702	14:00:00	16:50:00	\N	Jueves	3147
1702	14:00:00	16:50:00	\N	Viernes	3148
2749	07:00:00	15:50:00	\N	Sábado	3149
2749	07:00:00	15:50:00	\N	Sábado	3150
2749	07:00:00	15:50:00	\N	Sábado	3151
2749	07:00:00	15:50:00	\N	Sábado	3152
2749	07:00:00	15:50:00	\N	Sábado	3153
2749	07:00:00	15:50:00	\N	Sábado	3154
2749	07:00:00	15:50:00	\N	Sábado	3155
2749	07:00:00	15:50:00	\N	Sábado	3156
2749	07:00:00	15:50:00	\N	Sábado	3157
2749	07:00:00	15:50:00	\N	Sábado	3158
2749	20:00:00	21:50:00	\N	Viernes	3159
2749	20:00:00	21:50:00	\N	Viernes	3160
2749	20:00:00	21:50:00	\N	Viernes	3161
2749	20:00:00	21:50:00	\N	Viernes	3162
2749	20:00:00	21:50:00	\N	Viernes	3163
2749	20:00:00	21:50:00	\N	Viernes	3164
2749	20:00:00	21:50:00	\N	Viernes	3165
2749	20:00:00	21:50:00	\N	Viernes	3166
2749	20:00:00	21:50:00	\N	Viernes	3167
2749	20:00:00	21:50:00	\N	Viernes	3168
2740	19:00:00	22:00:00	\N	Lunes	3169
2740	19:00:00	22:00:00	\N	Miércoles	3170
2740	19:00:00	22:00:00	\N	Jueves	3171
2740	19:00:00	22:00:00	\N	Viernes	3172
2740	19:00:00	22:00:00	\N	Lunes	3173
2740	19:00:00	22:00:00	\N	Miércoles	3174
2740	19:00:00	22:00:00	\N	Viernes	3176
2740	19:00:00	22:00:00	\N	Lunes	3177
2740	19:00:00	22:00:00	\N	Miércoles	3178
2740	19:00:00	22:00:00	\N	Jueves	3179
2740	19:00:00	22:00:00	\N	Viernes	3180
2740	19:00:00	22:00:00	\N	Lunes	3181
2740	19:00:00	22:00:00	\N	Miércoles	3182
2740	19:00:00	22:00:00	\N	Jueves	3183
2740	19:00:00	22:00:00	\N	Viernes	3184
2740	19:00:00	22:00:00	\N	Lunes	3185
2740	19:00:00	22:00:00	\N	Miércoles	3186
2740	19:00:00	22:00:00	\N	Jueves	3187
2740	19:00:00	22:00:00	\N	Viernes	3188
2740	19:00:00	22:00:00	\N	Lunes	3189
2740	19:00:00	22:00:00	\N	Miércoles	3190
2740	19:00:00	22:00:00	\N	Jueves	3191
2740	19:00:00	22:00:00	\N	Viernes	3192
2740	19:00:00	22:00:00	\N	Lunes	3193
2740	19:00:00	22:00:00	\N	Miércoles	3194
2740	19:00:00	22:00:00	\N	Jueves	3195
2740	19:00:00	22:00:00	\N	Viernes	3196
2740	19:00:00	22:00:00	\N	Lunes	3197
2740	19:00:00	22:00:00	\N	Miércoles	3198
2750	07:00:00	12:50:00	\N	Sábado	3199
2750	07:00:00	12:50:00	\N	Sábado	3200
2750	07:00:00	12:50:00	\N	Sábado	3201
2750	07:00:00	12:50:00	\N	Sábado	3202
2750	07:00:00	12:50:00	\N	Sábado	3203
2750	07:00:00	12:50:00	\N	Sábado	3204
2750	07:00:00	12:50:00	\N	Sábado	3205
2750	07:00:00	12:50:00	\N	Sábado	3206
2750	07:00:00	12:50:00	\N	Sábado	3207
2750	19:00:00	21:50:00	\N	Viernes	3208
2750	19:00:00	21:50:00	\N	Viernes	3209
2750	19:00:00	21:50:00	\N	Viernes	3210
2750	19:00:00	21:50:00	\N	Viernes	3211
2750	19:00:00	21:50:00	\N	Viernes	3212
2750	19:00:00	21:50:00	\N	Viernes	3213
2750	19:00:00	21:50:00	\N	Viernes	3214
2750	19:00:00	21:50:00	\N	Viernes	3215
2750	19:00:00	21:50:00	\N	Viernes	3216
2742	18:00:00	21:00:00	\N	Miércoles	3217
2742	18:00:00	21:00:00	\N	Jueves	3218
2742	18:00:00	21:00:00	\N	Viernes	3219
2742	18:00:00	21:00:00	\N	Miércoles	3220
2742	18:00:00	21:00:00	\N	Jueves	3221
2742	18:00:00	21:00:00	\N	Viernes	3222
2742	18:00:00	21:00:00	\N	Miércoles	3223
2742	18:00:00	21:00:00	\N	Jueves	3224
2742	18:00:00	21:00:00	\N	Viernes	3225
2742	18:00:00	21:00:00	\N	Miércoles	3226
2742	18:00:00	21:00:00	\N	Jueves	3227
2742	18:00:00	21:00:00	\N	Viernes	3228
2742	18:00:00	21:00:00	\N	Miércoles	3229
2742	18:00:00	21:00:00	\N	Jueves	3230
2742	18:00:00	21:00:00	\N	Viernes	3231
2742	18:00:00	21:00:00	\N	Miércoles	3232
2742	18:00:00	21:00:00	\N	Jueves	3233
2742	18:00:00	21:00:00	\N	Viernes	3234
2742	18:00:00	21:00:00	\N	Miércoles	3235
2742	18:00:00	21:00:00	\N	Viernes	3236
2742	18:00:00	21:00:00	\N	Miércoles	3237
2742	18:00:00	21:00:00	\N	Miércoles	3238
2742	18:00:00	21:00:00	\N	Miércoles	3239
2742	18:00:00	21:00:00	\N	Miércoles	3240
2742	18:00:00	21:00:00	\N	Jueves	3241
2742	18:00:00	21:00:00	\N	Viernes	3242
2742	18:00:00	21:00:00	\N	Jueves	3243
2742	18:00:00	21:00:00	\N	Viernes	3244
2742	18:00:00	21:00:00	\N	Jueves	3245
2742	18:00:00	21:00:00	\N	Viernes	3246
1913	07:00:00	08:50:00	A2-203	Sábado	3247
1913	16:00:00	16:50:00	A5-203	Lunes	3248
1450	08:00:00	08:50:00	A1-307	Martes	3249
1450	10:00:00	11:50:00	A2-401	Sábado	3250
2168	17:00:00	18:50:00	A1-304	Viernes	3251
2168	18:00:00	18:50:00	A2-507	Miércoles	3252
1858	09:00:00	10:50:00	A2-204	Sábado	3253
1858	17:00:00	17:50:00	A1-304	Lunes	3254
2098	14:00:00	14:50:00	A2-303	Viernes	3255
2098	16:00:00	17:50:00	A2-504	Miércoles	3256
2191	07:00:00	07:50:00	A2-504	Viernes	3257
2191	10:00:00	11:50:00	A4-101	Jueves	3258
2387	07:00:00	08:50:00	A4-202	Martes	3259
2387	07:00:00	07:50:00	A4-202	Viernes	3260
2393	15:00:00	16:50:00	A2-408	Martes	3261
2393	15:00:00	15:50:00	A4-204	Jueves	3262
1587	14:00:00	15:50:00	A3-204	Lunes	3263
1587	16:00:00	16:50:00	A4-201	Viernes	3264
1980	11:00:00	12:50:00	A1-207	Lunes	3265
1980	13:00:00	13:50:00	A1-207	Jueves	3266
1538	10:00:00	11:50:00	A1-304	Jueves	3267
1539	10:00:00	10:50:00	A1-205	Martes	3268
1540	10:00:00	10:50:00	A1-205	Lunes	3269
1723	13:00:00	14:50:00	A4-102	Martes	3270
1725	08:00:00	08:50:00	A1-205	Lunes	3271
2661	17:00:00	18:50:00	A1-304	Viernes	3272
2661	18:00:00	18:50:00	A2-507	Miércoles	3273
1609	07:00:00	08:50:00	A5-203	Miércoles	3274
1609	11:00:00	11:50:00	A2-308	Sábado	3275
1608	08:00:00	09:50:00	A1-305	Martes	3276
1608	09:00:00	09:50:00	A2-503	Viernes	3277
2035	07:00:00	07:50:00	A1-305	Viernes	3278
2035	15:00:00	16:50:00	A2-404	Miércoles	3279
2341	07:00:00	07:50:00	A4-102	Jueves	3280
2341	14:00:00	15:50:00	A4-204	Martes	3281
1982	08:00:00	12:50:00	\N	Lunes	3282
1982	08:00:00	12:50:00	\N	Martes	3283
1982	08:00:00	12:50:00	\N	Miércoles	3284
1982	08:00:00	12:50:00	\N	Jueves	3285
1982	08:00:00	12:50:00	\N	Viernes	3286
1982	14:00:00	16:50:00	\N	Lunes	3287
1982	14:00:00	16:50:00	\N	Martes	3288
1982	14:00:00	16:50:00	\N	Miércoles	3289
1982	14:00:00	16:50:00	\N	Jueves	3290
1982	14:00:00	16:50:00	\N	Viernes	3291
2165	07:00:00	08:50:00	A2-505	Martes	3292
2165	08:00:00	09:50:00	A2-501	Jueves	3293
2173	09:00:00	10:50:00	A2-207	Lunes	3294
2173	15:00:00	16:50:00	A4-102	Martes	3295
2732	14:00:00	15:50:00	A1-207	Miércoles	3296
1933	09:00:00	10:50:00	A2-308	Sábado	3297
1112	17:00:00	18:50:00	A4-103	Lunes	3298
1112	17:00:00	17:50:00	A2-301	Miércoles	3299
1662	09:00:00	10:50:00	A1-207	Martes	3300
1662	12:00:00	12:50:00	A1-207	Jueves	3301
2054	10:00:00	11:50:00	A1-307	Jueves	3302
2054	11:00:00	11:50:00	A4-201	Martes	3303
1601	08:00:00	09:50:00	A2-401	Sábado	3304
2667	08:00:00	08:50:00	A1-205	Viernes	3305
2668	10:00:00	10:50:00	A1-205	Viernes	3306
2378	13:00:00	13:50:00	A1-308	Jueves	3307
2378	14:00:00	15:50:00	A4-202	Miércoles	3308
2379	13:00:00	13:50:00	A2-204	Miércoles	3309
2379	14:00:00	15:50:00	A4-102	Lunes	3310
1607	15:00:00	16:50:00	A4-102	Jueves	3311
1607	17:00:00	17:50:00	A2-507	Miércoles	3312
1654	15:00:00	16:50:00	A1-207	Martes	3313
1654	17:00:00	17:50:00	A4-204	Jueves	3314
1638	11:00:00	12:50:00	A4-204	Jueves	3315
1639	14:00:00	14:50:00	A1-204	Martes	3316
1640	13:00:00	13:50:00	A1-204	Martes	3317
1641	16:00:00	16:50:00	A1-204	Miércoles	3318
1660	12:00:00	12:50:00	A1-304	Lunes	3319
1660	17:00:00	18:50:00	A1-305	Martes	3320
2350	14:00:00	15:50:00	A1-207	Viernes	3321
2350	16:00:00	16:50:00	A1-207	Lunes	3322
\.


--
-- Data for Name: curso; Type: TABLE DATA; Schema: public; Owner: pg_database_owner
--

COPY public.curso (nrc, tipo, codigomateria, profesorid, nrcteorico, groupid) FROM stdin;
1038	Teórico	AEMPG01A	T00084153	\N	1
1053	Teórico	AEMPG01A	T00084153	\N	1
1527	Teórico	AEMPG02A	T00051297	\N	1
1528	Teórico	AEMPG03A	T00000077	\N	1
1529	Teórico	AEMPG05A	T00084153	\N	1
1542	Teórico	AEMPG08A	T00051297	\N	1
1543	Teórico	AEMPG09A	T00014731	\N	1
1545	Teórico	AEMPG10A	T00036222	\N	1
1553	Teórico	AEMPG12A	T00051297	\N	1
1707	Teórico	AEMPG13A	T00051297	\N	1
1709	Teórico	AEMPG14A	T00051297	\N	1
1537	Teórico	AEMPM02A	T00036222	\N	1
1131	Teórico	AEMPO06A	T00019393	\N	1
1510	Teórico	AEMPO07A	T00053473	\N	1
1517	Teórico	AEMPO27A	T00013998	\N	1
1535	Teórico	AEMPR01A	T00026453	\N	1
1548	Teórico	AEMPR02A	T00026453	\N	1
1941	Teórico	ARQTH01A	T00053408	\N	1
1827	Teórico	ARQTH01A	T00084175	\N	1
1838	Teórico	ARQTH02A	T00030018	\N	1
1957	Teórico	ARQTH03A	T00069601	\N	1
1955	Teórico	ARQTH03A	T00069601	\N	1
2449	Teórico	ARQTH04A	T00085411	\N	1
2456	Teórico	ARQTH05A	T00030018	\N	1
2455	Teórico	ARQTH05A	T00030018	\N	1
2467	Teórico	ARQTH06A	T00030018	\N	1
1942	Teórico	ARQTT01A	T00031996	\N	1
1828	Teórico	ARQTT01A	T00031996	\N	1
1945	Teórico	ARQTT02A	T00084152	\N	1
2441	Teórico	ARQTT03A	T00031996	\N	1
2453	Teórico	ARQTT05A	T00018371	\N	1
2464	Teórico	ARQTT06A	T00053874	\N	1
1915	Teórico	ARQTT07A	T00081749	\N	1
1429	Teórico	ARQTT08A	T00081749	\N	1
1835	Teórico	ARQTU01A	T00069601	\N	1
2442	Teórico	ARQTU02A	T00003433	\N	1
2447	Teórico	ARQTU03A	T00012849	\N	1
2452	Teórico	ARQTU04A	T00079430	\N	1
2450	Teórico	ARQTU04A	T00079430	\N	1
1776	Teórico	ARQTU05A	T00037300	\N	1
2468	Teórico	ARQTU06A	T00037300	\N	1
1427	Teórico	ARQTU07A	T00069599	\N	1
2576	Teórico	ARQTU13A	T00069894	\N	1
2708	Teórico	CDATD02A	T00069449	\N	1
2547	Teórico	CPOLE12A	T00069328	\N	1
1722	Teórico	CPOLN05A	T00028062	\N	1
1729	Teórico	CPOLN07A	T00028062	\N	1
1738	Teórico	CPOLN12A	T00054682	\N	1
1746	Teórico	CPOLN13A	T00018350	\N	1
1493	Teórico	CPOLN14A	T00018350	\N	1
1743	Teórico	CPOLN15A	T00045007	\N	1
1720	Teórico	CPOLR02A	T00069328	\N	1
1726	Teórico	CPOLR05A	T00069328	\N	1
1741	Teórico	CPOLR08A	T00054682	\N	1
1716	Teórico	CPOLZ02A	T00054682	\N	1
2562	Teórico	CPOLZ03A	T00018350	\N	1
1730	Teórico	CPOLZ08A	T00022220	\N	1
1767	Teórico	CPOLZ09A	T00026139	\N	1
1717	Teórico	CPOLZ23A	T00028062	\N	1
1739	Teórico	CPOLZ25A	T00044092	\N	1
2396	Teórico	CBASB01A	T00079653	\N	1
1278	Teórico	CBASB04A	T00049553	\N	1
1316	Teórico	CBASE01A	T00046787	\N	1
1588	Teórico	CBASE01A	T00000055	\N	1
1854	Teórico	CBASE01A	T00070881	\N	1
2043	Teórico	CBASE01A	T00057400	\N	1
2199	Teórico	CBASE01A	T00070881	\N	1
1208	Teórico	CBASE01A	T00059640	\N	1
1616	Teórico	CBASE02A	T00070881	\N	1
1359	Teórico	CBASE02A	T00027016	\N	1
1634	Teórico	CBASE02A	T00057400	\N	1
2273	Teórico	CBASE03A	T00027016	\N	1
1086	Teórico	CBASE03A	T00027016	\N	1
1137	Teórico	CBASE03A	T00051137	\N	1
1615	Teórico	CBASE04A	T00070881	\N	1
1610	Teórico	CBASE04A	T00000055	\N	1
1358	Teórico	CBASE04A	T00027016	\N	1
1617	Teórico	CBASE04A	T00057400	\N	1
1622	Teórico	CBASE04A	T00006580	\N	1
1630	Teórico	CBASE04A	T00042477	\N	1
1633	Teórico	CBASE04A	T00057400	\N	1
1635	Teórico	CBASE04A	T00057400	\N	1
1399	Teórico	CBASF01A	T00000060	\N	2
1441	Teórico	CBASF01A	T00004376	\N	3
1919	Teórico	CBASF01A	T00000060	\N	4
1265	Teórico	CBASF02A	T00091818	\N	1
1007	Teórico	CBASF03A	T00019348	\N	1
2017	Teórico	CBASM01A	T00047939	\N	1
2038	Teórico	CBASM01A	T00024984	\N	1
2039	Teórico	CBASM01A	T00000402	\N	1
2022	Teórico	CBASM01A	T00001541	\N	1
1772	Teórico	CBASM02A	T00084203	\N	1
1786	Teórico	CBASM02A	T00047939	\N	1
1805	Teórico	CBASM02A	T00081920	\N	1
1830	Teórico	CBASM02A	T00031820	\N	1
1151	Teórico	CBASM03A	T00000064	\N	1
1174	Teórico	CBASM03A	T00053397	\N	2
1321	Teórico	CBASM03A	T00001541	\N	3
1237	Teórico	CBASM04A	T00010972	\N	1
1366	Teórico	CBASM04A	T00008170	\N	1
2064	Teórico	CBASM04A	T00079682	\N	1
2072	Teórico	CBASM04A	T00008170	\N	1
1554	Teórico	CBASM05A	T00055760	\N	1
1562	Teórico	CBASM05A	T00076408	\N	2
1580	Teórico	CBASM06A	T00000072	\N	1
1674	Teórico	CBASM06A	T00000072	\N	2
2392	Teórico	CBASM08A	T00055843	\N	1
2389	Teórico	CBASM08A	T00055843	\N	1
2390	Teórico	CBASM08A	T00055843	\N	1
1619	Teórico	CBASQ01A	T00026679	\N	1
1697	Teórico	CBASQ01A	T00020729	\N	2
1718	Teórico	CBASQ01A	T00084201	\N	3
1768	Teórico	CBASQ01A	T00091817	\N	4
2491	Teórico	CBASQ04A	T00000083	\N	1
1873	Teórico	CSOCB02A	T00011731	\N	1
1190	Teórico	CSOCB04A	T00091823	\N	1
2065	Teórico	CSOCB06A	T00000050	\N	1
1514	Teórico	CSOCE12A	T00055756	\N	1
2560	Teórico	CSOCE15A	T00000050	\N	1
2161	Teórico	CSOCE18A	T00091862	\N	1
1751	Teórico	CSOCF01A	T00040585	\N	1
1419	Teórico	CSOCG01A	T00000050	\N	1
2298	Teórico	CSOCG02A	T00000050	\N	1
2302	Teórico	CSOCG04A	T00011731	\N	1
2306	Teórico	CSOCG07A	T00021680	\N	1
1695	Teórico	CSOCM07A	T00040585	\N	1
2327	Teórico	CPULA02A	T00051377	\N	1
2338	Teórico	CPULA03A	T00051377	\N	1
1157	Teórico	CPULC01A	T00013958	\N	1
2055	Teórico	CPULC01A	T00051377	\N	1
2056	Teórico	CPULC01A	T00054899	\N	1
2559	Teórico	CPULC01A	T00013958	\N	1
2318	Teórico	CPULC02A	T00053472	\N	1
2319	Teórico	CPULC03A	T00053472	\N	1
2320	Teórico	CPULC04A	T00053472	\N	1
2325	Teórico	CPULG02A	T00000396	\N	1
2328	Teórico	CPULG03A	T00019859	\N	1
2339	Teórico	CPULG05A	T00054899	\N	1
1226	Teórico	CPULO02A	T00048543	\N	1
2330	Teórico	CPULT01A	T00013958	\N	1
2337	Teórico	CPULT02A	T00051377	\N	1
2315	Teórico	CPULT03A	T00035909	\N	1
2316	Teórico	CPULT03A	T00035909	\N	1
1089	Teórico	DCHOH02A	T00019336	\N	1
1467	Teórico	DCHOH03A	T00060590	\N	1
1460	Teórico	DCHOJ02A	T00076401	\N	1
1468	Teórico	DCHOJ03A	T00029769	\N	1
1168	Teórico	DCHOJ04A	T00055292	\N	1
1145	Teórico	DCHOJ05A	T00045108	\N	1
1252	Teórico	DCHOJ06A	T00000466	\N	1
1216	Teórico	DCHOJ07A	T00055292	\N	1
1223	Teórico	DCHOJ08A	T00048018	\N	1
1235	Teórico	DCHOJ09A	T00063451	\N	1
1658	Teórico	DCHOJ10A	T00048018	\N	1
1346	Teórico	DCHOJ11A	T00029769	\N	1
2193	Teórico	DCHOJ12A	T00048018	\N	1
1474	Teórico	DCHOJ13A	T00063451	\N	1
1475	Teórico	DCHOJ14A	T00060590	\N	1
1260	Teórico	DCHOJ15A	T00076401	\N	1
2196	Teórico	DCHOJ16A	T00069734	\N	1
1489	Teórico	DCHOJ17A	T00029769	\N	1
2194	Teórico	DCHOJ18A	T00052248	\N	1
2197	Teórico	DCHOJ19A	T00059702	\N	1
1219	Teórico	DCHOJ20A	T00060590	\N	1
1355	Teórico	DCHOJ21A	T00028735	\N	1
2206	Teórico	DCHOJ22A	T00069734	\N	1
2208	Teórico	DCHOJ23A	T00091822	\N	1
2207	Teórico	DCHOJ24A	T00063451	\N	1
2210	Teórico	DCHOJ25A	T00052248	\N	1
2203	Teórico	DCHOJ26A	T00028735	\N	1
2202	Teórico	DCHOJ27A	T00076377	\N	1
2212	Teórico	DCHOJ28A	T00059702	\N	1
2211	Teórico	DCHOJ29A	T00000466	\N	1
1732	Teórico	DCHOJ30A	T00055292	\N	1
2214	Teórico	DCHOJ31A	T00053262	\N	1
2215	Teórico	DCHOJ32A	T00076377	\N	1
1912	Teórico	DCHOJ34A	T00047950	\N	1
1886	Teórico	DCHOJ54A	T00091823	\N	1
2032	Teórico	DCHOJ65A	T00020837	\N	1
1150	Teórico	DCHOJ66A	T00020837	\N	1
2692	Teórico	DCHOJ67A	T00076377	\N	1
2201	Teórico	DCHOP01A	T00063148	\N	1
2213	Teórico	DCHOP02A	T00045108	\N	1
2220	Teórico	DCHOP03A	T00052248	\N	1
1391	Teórico	DCHOP04A	T00048018	\N	1
1914	Teórico	DCHOP05A	T00047950	\N	1
1070	Teórico	DCHOT01A	T00000466	\N	1
1464	Teórico	DCHOT02A	T00091822	\N	1
1165	Teórico	DCHOT03A	T00047950	\N	1
1446	Teórico	DISED01A	T00090593	\N	1
2255	Teórico	ECONC02A	T00020784	\N	1
2678	Teórico	ECONE01A	T00057359	\N	1
2239	Teórico	ECONH01A	T00000054	\N	1
1850	Teórico	ECONH02A	T00000054	\N	1
1857	Teórico	ECONI01A	T00000073	\N	1
2224	Teórico	ECONI01A	T00019865	\N	1
2232	Teórico	ECONI01A	T00000030	\N	1
2285	Teórico	ECONI01A	T00000073	\N	1
1083	Teórico	ECONI02A	T00019354	\N	1
1102	Teórico	ECONI02A	T00050996	\N	1
1869	Teórico	ECONI02A	T00046298	\N	1
2237	Teórico	ECONI03A	T00079679	\N	1
2691	Teórico	ECONI04A	T00057359	\N	1
1047	Teórico	ECONM01A	T00046298	\N	1
1413	Teórico	ECONM01A	T00050996	\N	1
2247	Teórico	ECONM03A	T00057359	\N	1
2693	Teórico	ECONM06A	T00017776	\N	1
2248	Teórico	ECONM08A	T00000044	\N	1
2679	Teórico	ECONM09A	T00057359	\N	1
2680	Teórico	ECONM11A	T00000073	\N	1
2303	Teórico	ECONM12A	T00029754	\N	1
2706	Teórico	ECONM12A	T00059557	\N	1
2257	Teórico	ECONP02A	T00000028	\N	1
1900	Teórico	ECONZ01A	T00000073	\N	1
1336	Teórico	FNEGF02A	T00079776	\N	1
1476	Teórico	FNEGF02A	T00079776	\N	1
1943	Teórico	FNEGF02A	T00050705	\N	1
2005	Teórico	FNEGF02A	T00079776	\N	1
2713	Teórico	FNEGF02A	T00091921	\N	1
1249	Teórico	FNEGF03A	T00050705	\N	1
1500	Teórico	FNEGF03A	T00042331	\N	1
2704	Teórico	FNEGF03A	T00091921	\N	1
1834	Teórico	FNEGF04A	T00053378	\N	1
1890	Teórico	FNEGF05A	T00020031	\N	1
1318	Teórico	FNEGF07A	T00079776	\N	1
1122	Teórico	FNEGN01A	T00000044	\N	1
2509	Teórico	FNEGN02A	T00053378	\N	1
2322	Teórico	FNEGN03A	T00053214	\N	1
2332	Teórico	FNEGN03A	T00000231	\N	1
2297	Teórico	FNEGN04A	T00000231	\N	1
1288	Teórico	FNEGN05A	T00053214	\N	1
1887	Teórico	FNEGN06A	T00059427	\N	1
1331	Teórico	FNEGN07A	T00031744	\N	1
1337	Teórico	FNEGN07A	T00031744	\N	1
2071	Teórico	FNEGN08A	T00031744	\N	1
2342	Teórico	FNEGN08A	T00031744	\N	1
1490	Teórico	FNEGN09A	T00049647	\N	1
2083	Teórico	FNEGO01A	T00059427	\N	1
2333	Teórico	FNEGZ11A	T00000231	\N	1
2164	Teórico	CHUMA01A	T00000076	\N	1
1507	Teórico	CHUMA02A	T00057328	\N	1
1508	Teórico	CHUMA02A	T00057328	\N	1
2162	Teórico	CHUMA07A	T00000076	\N	1
2163	Teórico	CHUMA07A	T00000076	\N	1
2521	Teórico	CHUMA11A	T00084147	\N	1
2359	Teórico	CHUMC03A	T00045007	\N	1
1929	Teórico	CHUMC08A	T00018431	\N	1
1930	Teórico	CHUMC08A	T00018431	\N	1
2383	Teórico	CHUMC12A	T00055242	\N	1
2182	Teórico	CHUMC17A	T00037236	\N	1
1396	Teórico	CHUMH01A	T00000029	\N	1
1398	Teórico	CHUMH01A	T00057189	\N	1
1409	Teórico	CHUMH01A	T00046610	\N	1
1415	Teórico	CHUMH01A	T00046610	\N	1
1420	Teórico	CHUMH01A	T00044983	\N	1
1424	Teórico	CHUMH01A	T00021724	\N	1
1788	Teórico	CHUMH01A	T00022220	\N	1
1790	Teórico	CHUMH01A	T00041842	\N	1
1357	Teórico	CHUMH01A	T00065546	\N	1
1798	Teórico	CHUMH01A	T00065546	\N	1
1799	Teórico	CHUMH01A	T00041842	\N	1
1837	Teórico	CHUMH01A	T00046610	\N	1
1360	Teórico	CHUMH01A	T00065546	\N	1
1364	Teórico	CHUMH01A	T00021724	\N	1
1367	Teórico	CHUMH01A	T00041283	\N	1
1369	Teórico	CHUMH01A	T00022220	\N	1
1370	Teórico	CHUMH01A	T00044983	\N	1
1392	Teórico	CHUMH01A	T00055748	\N	1
1456	Teórico	CHUMH02A	T00039565	\N	1
1804	Teórico	CHUMH02A	T00084206	\N	1
1938	Teórico	CHUMH02A	T00084206	\N	1
1077	Teórico	CHUMH02A	T00051173	\N	1
1113	Teórico	CHUMH02A	T00039565	\N	1
1196	Teórico	CHUMH02A	T00051173	\N	1
1245	Teórico	CHUMH02A	T00051174	\N	1
1290	Teórico	CHUMH02A	T00051173	\N	1
1285	Teórico	CHUMH03A	T00046694	\N	1
2343	Teórico	CHUMH03A	T00046694	\N	1
2357	Teórico	CHUMH03A	T00079657	\N	1
1388	Teórico	CHUMH03A	T00040544	\N	1
1412	Teórico	CHUMH03A	T00046694	\N	1
1701	Teórico	CHUMH03A	T00057707	\N	1
1787	Teórico	CHUMH03A	T00039407	\N	1
2066	Teórico	CHUMH03A	T00057707	\N	1
2101	Teórico	CHUMH03A	T00079657	\N	1
1066	Teórico	CHUMH04A	T00055694	\N	1
2093	Teórico	CHUMH04A	T00036808	\N	1
1072	Teórico	CHUMH04A	T00055694	\N	1
1078	Teórico	CHUMH04A	T00046694	\N	1
1084	Teórico	CHUMH04A	T00055694	\N	1
1925	Teórico	CHUMH04A	T00037236	\N	1
2088	Teórico	CHUMH04A	T00055694	\N	1
2090	Teórico	CHUMH04A	T00036808	\N	1
2091	Teórico	CHUMH04A	T00055694	\N	1
1911	Teórico	CHUMH05A	T00040544	\N	1
2222	Teórico	CHUMH05A	T00037236	\N	1
1363	Teórico	CHUMH05A	T00079583	\N	1
1365	Teórico	CHUMH05A	T00039407	\N	1
1371	Teórico	CHUMH05A	T00079583	\N	1
1374	Teórico	CHUMH05A	T00079583	\N	1
1375	Teórico	CHUMH05A	T00039407	\N	1
1482	Teórico	CHUMH05A	T00079583	\N	1
1485	Teórico	CHUMH05A	T00039407	\N	1
2571	Teórico	CHUML06A	T00059523	\N	1
2522	Teórico	CHUML06A	T00059523	\N	1
2052	Teórico	CHUML07A	T00059523	\N	1
1931	Teórico	CHUMS03A	T00076395	\N	1
1315	Teórico	CHUMS04A	T00076395	\N	1
1241	Teórico	CHUMV04A	T00037678	\N	1
1244	Teórico	CHUMV04A	T00037678	\N	1
2676	Teórico	CHULF01A	T00085422	\N	1
1155	Teórico	CHULI01A	T00019696	\N	1
1561	Teórico	CHULI01A	T00060662	\N	1
2585	Teórico	CHULI01A	T00081846	\N	1
2578	Teórico	CHULI01A	T00084198	\N	1
1851	Teórico	CHULI01A	T00026962	\N	1
1865	Teórico	CHULI01A	T00026962	\N	1
1868	Teórico	CHULI01A	T00066695	\N	1
2240	Teórico	CHULI01A	T00066695	\N	1
1338	Teórico	CHULI02A	T00057681	\N	1
1937	Teórico	CHULI02A	T00076572	\N	1
2195	Teórico	CHULI02A	T00076572	\N	1
1712	Teórico	CHULI02A	T00076572	\N	1
2586	Teórico	CHULI02A	T00048005	\N	1
2580	Teórico	CHULI02A	T00020734	\N	1
1795	Teórico	CHULI02A	T00026962	\N	1
2552	Teórico	CHULI02A	T00076572	\N	1
1166	Teórico	CHULI03A	T00057333	\N	1
1210	Teórico	CHULI03A	T00066804	\N	1
1224	Teórico	CHULI03A	T00057681	\N	1
1228	Teórico	CHULI03A	T00020741	\N	1
1231	Teórico	CHULI03A	T00014775	\N	1
1232	Teórico	CHULI03A	T00091816	\N	1
1167	Teórico	CHULI03A	T00063166	\N	1
1169	Teórico	CHULI03A	T00048005	\N	1
1172	Teórico	CHULI03A	T00081846	\N	1
1183	Teórico	CHULI03A	T00014095	\N	1
1189	Teórico	CHULI03A	T00066804	\N	1
1087	Teórico	CHULI04A	T00084177	\N	1
1129	Teórico	CHULI04A	T00084198	\N	1
1135	Teórico	CHULI04A	T00091816	\N	1
1139	Teórico	CHULI04A	T00048005	\N	1
1649	Teórico	CHULI04A	T00076574	\N	1
2151	Teórico	CHULI04A	T00000468	\N	1
1092	Teórico	CHULI04A	T00063166	\N	1
1117	Teórico	CHULI04A	T00091816	\N	1
1362	Teórico	CHULI05A	T00057694	\N	1
1796	Teórico	CHULI05A	T00081923	\N	1
2057	Teórico	CHULI05A	T00060662	\N	1
2087	Teórico	CHULI05A	T00000415	\N	1
2144	Teórico	CHULI05A	T00057694	\N	1
2515	Teórico	CHULI05A	T00084196	\N	1
2516	Teórico	CHULI05A	T00081923	\N	1
2587	Teórico	CHULI05A	T00063166	\N	1
1696	Teórico	CHULI05A	T00085422	\N	1
1703	Teórico	CHULI05A	T00070756	\N	1
1727	Teórico	CHULI05A	T00066695	\N	1
1731	Teórico	CHULI05A	T00066745	\N	1
1740	Teórico	CHULI05A	T00081846	\N	1
1748	Teórico	CHULI05A	T00000444	\N	1
2554	Teórico	CHULI05A	T00057694	\N	1
2551	Teórico	CHULI05A	T00047317	\N	1
2150	Teórico	IAMBA04A	T00037686	\N	1
1932	Teórico	IAMBA05A	T00066761	\N	1
1928	Teórico	IAMBA06A	T00057322	\N	1
1418	Teórico	IAMBA07A	T00054390	\N	1
1721	Teórico	IAMBA08A	T00066761	\N	1
2136	Teórico	IAMBA09A	T00057322	\N	1
1681	Teórico	IAMBA10A	T00059175	\N	1
1783	Teórico	IAMBA12A	T00069894	\N	1
1238	Teórico	IAMBA17A	T00069894	\N	1
1779	Teórico	IAMBA18A	T00040553	\N	1
1124	Teórico	IAMBB01A	T00066761	\N	1
1376	Teórico	IAMBB02A	T00020729	\N	1
1926	Teórico	IAMBB03A	T00020729	\N	1
1817	Teórico	IAMBP01A	T00057322	\N	1
1816	Teórico	IAMBP02A	T00057322	\N	1
2135	Teórico	IAMBZ04A	T00057322	\N	1
2156	Teórico	IAMBZ06A	T00040553	\N	1
1497	Teórico	ICIVA02A	T00059176	\N	1
1081	Teórico	ICIVA03A	T00044492	\N	1
1876	Teórico	ICIVA04A	T00081892	\N	1
1852	Teórico	ICIVA05A	T00051182	\N	1
1959	Teórico	ICIVA06A	T00084189	\N	1
1263	Teórico	ICIVA07A	T00031751	\N	1
2574	Teórico	ICIVA07A	T00053874	\N	1
1871	Teórico	ICIVA08A	T00035572	\N	1
2513	Teórico	ICIVA08A	T00035572	\N	1
1093	Teórico	ICIVA09A	T00022797	\N	1
1862	Teórico	ICIVA09A	T00022797	\N	1
1866	Teórico	ICIVA09A	T00022797	\N	1
1248	Teórico	ICIVA11A	T00037450	\N	1
1742	Teórico	ICIVA12A	T00059176	\N	1
1860	Teórico	ICIVA13A	T00076598	\N	1
1648	Teórico	ICIVA14A	T00037450	\N	1
2535	Teórico	ICIVA16A	T00051182	\N	1
1789	Teórico	ICIVA17A	T00022797	\N	1
2178	Teórico	ICIVA19A	T00018371	\N	1
2125	Teórico	ICIVA21A	T00018371	\N	1
2049	Teórico	ICIVA22A	T00044492	\N	1
1832	Teórico	ICIVB01A	T00031751	\N	1
1944	Teórico	ICIVB01A	T00053874	\N	1
1667	Teórico	ICIVB02A	T00051182	\N	1
1820	Teórico	ICIVB03A	T00040553	\N	1
2609	Teórico	ICIVB03A	T00040553	\N	2
1836	Teórico	ICIVB04A	T00084189	\N	1
2050	Teórico	ICIVB05A	T00044492	\N	1
1877	Teórico	ICIVZ03A	T00081892	\N	1
1264	Teórico	ICIVZ04A	T00031751	\N	1
1872	Teórico	ICIVZ08A	T00035572	\N	1
2514	Teórico	ICIVZ08A	T00035572	\N	1
1094	Teórico	ICIVZ09A	T00022797	\N	1
1863	Teórico	ICIVZ09A	T00022797	\N	1
2051	Teórico	ICIVZ10A	T00044492	\N	1
1999	Teórico	IELEC01A	T00000020	\N	1
2364	Teórico	IELEE01A	T00000018	\N	1
1991	Teórico	IELEE02A	T00000018	\N	1
1990	Teórico	IELEE03A	T00000063	\N	1
1995	Teórico	IELEE04A	T00043698	\N	1
1983	Teórico	IELEF01A	T00000049	\N	1
1699	Teórico	IELEF03A	T00000049	\N	1
1901	Teórico	IELEF03A	T00010734	\N	1
2006	Teórico	IELEF05A	T00000018	\N	1
2112	Teórico	IELEF07A	T00011527	\N	1
1996	Teórico	IELEP01A	T00043698	\N	1
2000	Teórico	IELEP02A	T00043698	\N	1
1994	Teórico	IELEW01A	T00024282	\N	1
1997	Teórico	IELEW02A	T00000063	\N	1
1998	Teórico	IELEW03A	T00024282	\N	1
2001	Teórico	IELEW04A	T00024282	\N	1
2365	Teórico	IELEZ02A	T00000018	\N	1
2414	Teórico	IETRC01A	T00000020	\N	1
2415	Teórico	IETRC01A	T00000068	\N	1
2374	Teórico	IETRC02A	T00000068	\N	1
1989	Teórico	IETRC03A	T00040950	\N	1
2431	Teórico	IETRC04A	T00009099	\N	1
1257	Teórico	IETRC05A	T00054349	\N	1
2371	Teórico	IETRD02A	T00011527	\N	1
1273	Teórico	IETRD03A	T00007608	\N	1
1571	Teórico	IETRD03A	T00007608	\N	1
1984	Teórico	IETRF01A	T00000049	\N	1
1308	Teórico	IETRF02A	T00045214	\N	1
1600	Teórico	IETRF02A	T00009099	\N	1
2253	Teórico	IETRF02A	T00035744	\N	1
2402	Teórico	IETRF03A	T00040950	\N	1
2410	Teórico	IETRF03A	T00040950	\N	2
2363	Teórico	IETRF04A	T00000049	\N	1
2007	Teórico	IETRM01A	T00001074	\N	1
2373	Teórico	IETRM02A	T00001074	\N	1
2376	Teórico	IETRM03A	T00001074	\N	1
2375	Teórico	IETRP01A	T00000049	\N	1
2377	Teórico	IETRP02A	T00000049	\N	1
1604	Teórico	IINDA01A	T00012602	\N	1
2218	Teórico	IINDA03A	T00007445	\N	1
2219	Teórico	IINDA03A	T00007445	\N	1
2493	Teórico	IINDA04A	T00001023	\N	1
1856	Teórico	IINDA06A	T00001023	\N	1
1048	Teórico	IINDA07A	T00000387	\N	1
2536	Teórico	IINDA08A	T00037779	\N	1
1159	Teórico	IINDA09A	T00019227	\N	1
1550	Teórico	IINDP01A	T00037937	\N	1
2721	Teórico	IINDP02A	T00037937	\N	1
2217	Teórico	IINDR01A	T00012602	\N	1
1848	Teórico	IINDR02A	T00014261	\N	1
2226	Teórico	IINDR02A	T00000067	\N	1
2227	Teórico	IINDR03A	T00060586	\N	1
1014	Teórico	IINDR04A	T00049413	\N	1
1016	Teórico	IINDR07A	T00000629	\N	1
1023	Teórico	IINDR08A	T00000106	\N	1
1108	Teórico	IINDR08A	T00000106	\N	1
1039	Teórico	IINDR09A	T00000629	\N	1
1049	Teórico	IINDR10A	T00037779	\N	1
1054	Teórico	IINDR11A	T00000629	\N	1
1065	Teórico	IINDR12A	T00049413	\N	1
1000	Teórico	IINDR13A	T00000055	\N	1
1003	Teórico	IINDR13A	T00000055	\N	1
2537	Teórico	IINDR20A	T00012602	\N	1
2105	Teórico	IMECB01A	T00010220	\N	1
2107	Teórico	IMECB01A	T00000059	\N	1
1341	Teórico	IMECD01A	T00033028	\N	1
1433	Teórico	IMECD01A	T00001359	\N	1
1436	Teórico	IMECD01A	T00033028	\N	1
1440	Teórico	IMECD01A	T00041054	\N	1
1902	Teórico	IMECD01A	T00045056	\N	1
1906	Teórico	IMECD01A	T00041054	\N	1
1809	Teórico	IMECD03A	T00000059	\N	1
1814	Teórico	IMECD03A	T00000059	\N	1
2438	Teórico	IMECD04A	T00000059	\N	1
2439	Teórico	IMECD04A	T00020488	\N	1
2440	Teórico	IMECD04A	T00000059	\N	1
2115	Teórico	IMECD05A	T00020488	\N	1
2472	Teórico	IMECD06A	T00012792	\N	1
2473	Teórico	IMECD06A	T00012792	\N	1
1883	Teórico	IMECD07A	T00021662	\N	1
1274	Teórico	IMECD08A	T00021662	\N	1
2566	Teórico	IMECD08A	T00021662	\N	1
1267	Teórico	IMECD09A	T00010797	\N	1
1801	Teórico	IMECD10A	T00001359	\N	1
1503	Teórico	IMECD11A	T00010797	\N	1
2474	Teórico	IMECF02A	T00020472	\N	1
1256	Teórico	IMECF03A	T00026655	\N	1
1882	Teórico	IMECF04A	T00007524	\N	1
1251	Teórico	IMECF05A	T00020472	\N	1
2103	Teórico	IMECF06A	T00026655	\N	1
1088	Teórico	IMECF07A	T00007524	\N	1
2116	Teórico	IMECM02A	T00080329	\N	1
1351	Teórico	IMECM03A	T00010220	\N	1
2416	Teórico	IMECM03A	T00047306	\N	2
2184	Teórico	IMECM04A	T00080329	\N	1
1523	Teórico	IMECM05A	T00045901	\N	1
1276	Teórico	IMECP01A	T00021662	\N	1
1277	Teórico	IMECP02A	T00021662	\N	1
1275	Teórico	IMECZ03A	T00021662	\N	1
2419	Teórico	IMTRA01A	T00045056	\N	1
2425	Teórico	IMTRA02A	T00024427	\N	1
2429	Teórico	IMTRA03A	T00064566	\N	1
2434	Teórico	IMTRA04A	T00041054	\N	1
2139	Teórico	IMTRA07A	T00016294	\N	1
2171	Teórico	IMTRA08A	T00045151	\N	1
1287	Teórico	IMTRB01A	T00016294	\N	1
1289	Teórico	IMTRB01A	T00035836	\N	1
1505	Teórico	IMTRC02A	T00022048	\N	1
2432	Teórico	IMTRD01A	T00064566	\N	1
1301	Teórico	IMTRM01A	T00035836	\N	1
2228	Teórico	IMTRM01A	T00035836	\N	2
2430	Teórico	IMTRP01A	T00064566	\N	1
1499	Teórico	IMTRP02A	T00064566	\N	1
2569	Teórico	IMTRP02A	T00064566	\N	1
2499	Teórico	IQUIA01A	T00085821	\N	1
2502	Teórico	IQUIA02A	T00057415	\N	1
1967	Teórico	IQUIA03A	T00057415	\N	1
2504	Teórico	IQUIA04A	T00050423	\N	1
1965	Teórico	IQUIA05A	T00050423	\N	1
1971	Teórico	IQUIA06A	T00085821	\N	1
2003	Teórico	IQUIA07A	T00085821	\N	1
1969	Teórico	IQUIA08A	T00085821	\N	1
1975	Teórico	IQUIA09A	T00057415	\N	1
1621	Teórico	IQUIA14A	T00050423	\N	1
2485	Teórico	IQUIB01A	T00028098	\N	1
2490	Teórico	IQUIB02A	T00054880	\N	1
2501	Teórico	IQUIB04A	T00085821	\N	1
2497	Teórico	IQUIB05A	T00054880	\N	1
1973	Teórico	IQUIP01A	T00028098	\N	1
1974	Teórico	IQUIP02A	T00028098	\N	1
1261	Teórico	IBIOB01A	T00042533	\N	1
2067	Teórico	IBIOF01A	T00034460	\N	1
1095	Teórico	IBIOF03A	T00042533	\N	1
1885	Teórico	IBIOF04A	T00091823	\N	1
1253	Teórico	IBIOF05A	T00035744	\N	1
1774	Teórico	IBIOI01A	T00000243	\N	1
1283	Teórico	IBIOM01A	T00024427	\N	1
1895	Teórico	IBIOP01A	T00045214	\N	1
1303	Teórico	IBIOP02A	T00034460	\N	1
2577	Teórico	IBIOP04A	T00045214	\N	1
2305	Teórico	ISCOA01A	T00009855	\N	1
2714	Teórico	ISCOA01A	T00084295	\N	1
2281	Teórico	ISCOA02A	T00008436	\N	1
2715	Teórico	ISCOA02A	T00010916	\N	2
2294	Teórico	ISCOA03A	T00000065	\N	1
1033	Teórico	ISCOA04A	T00010915	\N	1
1187	Teórico	ISCOA04A	T00010915	\N	2
2348	Teórico	ISCOA04A	T00010915	\N	3
1896	Teórico	ISCOA19A	T00000254	\N	1
1126	Teórico	ISCOC01A	T00021905	\N	1
1426	Teórico	ISCOC01A	T00000021	\N	1
1428	Teórico	ISCOC01A	T00000119	\N	1
1917	Teórico	ISCOC01A	T00000065	\N	1
2014	Teórico	ISCOC02A	T00080354	\N	1
2016	Teórico	ISCOC02A	T00021905	\N	1
2085	Teórico	ISCOC02A	T00012187	\N	1
2106	Teórico	ISCOC02A	T00021905	\N	1
2110	Teórico	ISCOC02A	T00066102	\N	1
2137	Teórico	ISCOC02A	T00000502	\N	1
2146	Teórico	ISCOC02A	T00000502	\N	1
2148	Teórico	ISCOC02A	T00021905	\N	1
1250	Teórico	ISCOC02A	T00010571	\N	1
1486	Teórico	ISCOC02A	T00021751	\N	1
1964	Teórico	ISCOC02A	T00021751	\N	1
1993	Teórico	ISCOC02A	T00066102	\N	1
2010	Teórico	ISCOC02A	T00021905	\N	1
2011	Teórico	ISCOC02A	T00084295	\N	1
2013	Teórico	ISCOC02A	T00021751	\N	1
1661	Teórico	ISCOC03A	T00008528	\N	1
1684	Teórico	ISCOC03A	T00008528	\N	1
2725	Teórico	ISCOC03A	T00060037	\N	1
2221	Teórico	ISCOC04A	T00008528	\N	1
2236	Teórico	ISCOC04A	T00012187	\N	1
1590	Teórico	ISCOC05A	T00013758	\N	1
1591	Teórico	ISCOC05A	T00013758	\N	1
1021	Teórico	ISCOC06A	T00080352	\N	1
1339	Teórico	ISCOC07A	T00019188	\N	1
1404	Teórico	ISCOC08A	T00000021	\N	1
1592	Teórico	ISCOC10A	T00000021	\N	1
1111	Teórico	ISCOC12A	T00076596	\N	1
2480	Teórico	INAVA01A	T00018922	\N	1
2436	Teórico	INAVB01A	T00018922	\N	1
2437	Teórico	INAVB02A	T00018922	\N	1
2483	Teórico	INAVC01A	T00021661	\N	1
2476	Teórico	INAVD02A	T00021661	\N	1
2475	Teórico	INAVD03A	T00060663	\N	1
2477	Teórico	INAVD05A	T00018922	\N	1
2481	Teórico	INAVD06A	T00081976	\N	1
2538	Teórico	INAVE01A	T00021661	\N	1
2260	Teórico	INAVE02A	T00060663	\N	1
2482	Teórico	INAVP01A	T00018922	\N	1
2484	Teórico	INAVP02A	T00018922	\N	1
2749	Teórico	OPGRSP011	T00000044	\N	1
2740	Teórico	OPGRSP06	T00018269	\N	1
2750	Teórico	OPGRSP08	T00007962	\N	1
2742	Teórico	OPGRSP24	T00007989	\N	1
1913	Teórico	PSICA05A	T00044983	\N	1
1450	Teórico	PSICA07A	T00013153	\N	1
2168	Teórico	PSICA12A	T00008759	\N	1
1858	Teórico	PSICA16A	T00044983	\N	1
2098	Teórico	PSICA20A	T00000431	\N	1
2191	Teórico	PSICA22A	T00020361	\N	1
2387	Teórico	PSICB01A	T00084208	\N	1
2393	Teórico	PSICB04A	T00040584	\N	1
1587	Teórico	PSICC01A	T00022062	\N	1
1980	Teórico	PSICE07A	T00019649	\N	1
1538	Teórico	PSICG01A	T00019649	\N	1
1723	Teórico	PSICG01A	T00019649	\N	2
2661	Teórico	PSICI02A	T00008759	\N	1
1609	Teórico	PSICM04A	T00054928	\N	1
1608	Teórico	PSICM04A	T00052721	\N	1
2035	Teórico	PSICM05A	T00052721	\N	1
2341	Teórico	PSICM05A	T00052721	\N	1
2165	Teórico	PSICR01A	T00020361	\N	1
2173	Teórico	PSICR01A	T00091859	\N	1
2732	Teórico	PSICR02A	T00011744	\N	1
1933	Teórico	PSICR03A	T00054928	\N	1
1112	Teórico	PSICS07A	T00008759	\N	1
1662	Teórico	PSICS13A	T00091859	\N	1
2054	Teórico	PSICS13A	T00091859	\N	1
1601	Teórico	PSICS14A	T00084208	\N	1
2378	Teórico	PSICS15A	T00000485	\N	1
2379	Teórico	PSICS15A	T00000485	\N	1
1607	Teórico	PSICS16A	T00000485	\N	1
1654	Teórico	PSICS18A	T00079469	\N	1
1638	Teórico	PSICS19A	T00055793	\N	1
1660	Teórico	PSICS20A	T00012447	\N	1
2350	Teórico	PSICS21A	T00022062	\N	1
1541	Laboratorio	AEMPG07A	T00014030	\N	1
1704	Laboratorio	AEMPP01A	T00000028	\N	1
1708	Laboratorio	AEMPP02A	T00049647	\N	1
2722	Laboratorio	AEMPP03A	T00036222	\N	1
1812	Laboratorio	ARQTD01A	T00090593	\N	1
1839	Laboratorio	ARQTD02A	T00066757	\N	1
2160	Laboratorio	ARQTD03A	T00012849	\N	1
2445	Laboratorio	ARQTD04A	T00081909	\N	1
2444	Laboratorio	ARQTD04A	T00079454	\N	1
2460	Laboratorio	ARQTD05A	T00079453	\N	1
2470	Laboratorio	ARQTD07A	T00069599	\N	1
2469	Laboratorio	ARQTD07A	T00037300	\N	1
1431	Laboratorio	ARQTD08A	T00085411	\N	1
1683	Laboratorio	ARQTE01A	T00084175	\N	1
1803	Laboratorio	ARQTE01A	T00084175	\N	1
1833	Laboratorio	ARQTE02A	T00069980	\N	1
1849	Laboratorio	ARQTE03A	T00001359	\N	1
1847	Laboratorio	ARQTE03A	T00001359	\N	1
1954	Laboratorio	ARQTE03A	T00001359	\N	1
2448	Laboratorio	ARQTE04A	T00021323	\N	1
2457	Laboratorio	ARQTE05A	T00024471	\N	1
2459	Laboratorio	ARQTE05A	T00021323	\N	1
2526	Laboratorio	ARQTE07A	T00069599	\N	1
1439	Laboratorio	ARQTH07A	T00085411	\N	1
2528	Laboratorio	ARQTT12A	T00084152	\N	1
1448	Laboratorio	CDATD01A	T00069449	\N	1
1688	Laboratorio	CPOLN16A	T00026139	\N	1
1737	Laboratorio	CPOLP02A	T00044092	\N	1
1733	Laboratorio	CPOLP03A	T00018350	\N	1
1506	Laboratorio	CPOLP06A	T00018350	\N	1
1279	Laboratorio	CBASB04A	T00049553	1278	1
1400	Laboratorio	CBASF01A	T00045061	1399	2
2633	Laboratorio	CBASF01A	T00045061	1399	2
2637	Laboratorio	CBASF01A	T00045061	1441	3
1920	Laboratorio	CBASF01A	T00045030	1919	4
1266	Laboratorio	CBASF02A	T00091818	1265	1
2646	Laboratorio	CBASF02A	T00091818	1265	1
1008	Laboratorio	CBASF03A	T00050423	1007	1
2653	Laboratorio	CBASF03A	T00050423	1007	1
1152	Laboratorio	CBASM03A	T00000064	1151	1
1154	Laboratorio	CBASM03A	T00000064	1151	1
1175	Laboratorio	CBASM03A	T00057306	1174	2
1177	Laboratorio	CBASM03A	T00053397	1174	2
1178	Laboratorio	CBASM03A	T00084202	1174	2
1179	Laboratorio	CBASM03A	T00053397	1174	2
1322	Laboratorio	CBASM03A	T00008170	1321	3
1325	Laboratorio	CBASM03A	T00008170	1321	3
1327	Laboratorio	CBASM03A	T00057306	1321	3
1559	Laboratorio	CBASM05A	T00059423	1554	1
1565	Laboratorio	CBASM05A	T00076408	1562	2
1566	Laboratorio	CBASM05A	T00084202	1562	2
1568	Laboratorio	CBASM05A	T00076408	1562	2
1583	Laboratorio	CBASM06A	T00000072	1580	1
2683	Laboratorio	CBASM06A	T00024984	1580	1
2684	Laboratorio	CBASM06A	T00059423	1580	1
1675	Laboratorio	CBASM06A	T00059426	1674	2
1676	Laboratorio	CBASM06A	T00000072	1674	2
2629	Laboratorio	CBASQ01A	T00091817	1619	1
2619	Laboratorio	CBASQ01A	T00054390	1697	2
2622	Laboratorio	CBASQ01A	T00054390	1718	3
1769	Laboratorio	CBASQ01A	T00091817	1768	4
2492	Laboratorio	CBASQ04A	T00000083	2491	1
1573	Laboratorio	CSOCB03A	T00021680	\N	1
1218	Laboratorio	CSOCB05A	T00022976	\N	1
2666	Laboratorio	CSOCG03A	T00051306	\N	1
2310	Laboratorio	CSOCG08A	T00055756	\N	1
2549	Laboratorio	CSOCG08A	T00055756	\N	1
1874	Laboratorio	CSOCL01A	T00014135	\N	1
1749	Laboratorio	CSOCM01A	T00091862	\N	1
1037	Laboratorio	CSOCM02A	T00081960	\N	1
1875	Laboratorio	CSOCM03A	T00000050	\N	1
2561	Laboratorio	CSOCM03A	T00000050	\N	1
2070	Laboratorio	CSOCM04A	T00084210	\N	1
2068	Laboratorio	CSOCM05A	T00051306	\N	1
1286	Laboratorio	CSOCM06A	T00081960	\N	1
1230	Laboratorio	CSOCP01A	T00022976	\N	1
2296	Laboratorio	CSOCP03A	T00021680	\N	1
2311	Laboratorio	CSOCP04A	T00081960	\N	1
2053	Laboratorio	CSOCT01A	T00040585	\N	1
1191	Laboratorio	CSOCT03A	T00084210	\N	1
1672	Laboratorio	CSOCT05A	T00084210	\N	1
1457	Laboratorio	CSOCT05A	T00084210	\N	1
1445	Laboratorio	CSOCT06A	T00034995	\N	1
2324	Laboratorio	CPULA01A	T00039722	\N	1
2233	Laboratorio	CPULC05A	T00039722	\N	1
2331	Laboratorio	CPULG04A	T00039722	\N	1
2340	Laboratorio	CPULP01A	T00000028	\N	1
2334	Laboratorio	CPULP02A	T00049647	\N	1
1643	Laboratorio	CPULP03A	T00036222	\N	1
2256	Laboratorio	ECONC02A	T00020784	2255	1
2242	Laboratorio	ECONI05A	T00019354	\N	1
2258	Laboratorio	ECONP03A	T00049647	\N	1
2263	Laboratorio	ECONP04A	T00057359	\N	1
1952	Laboratorio	ECOUU01A	T00019234	\N	1
1892	Laboratorio	FNEGF05A	T00020031	1890	1
2118	Laboratorio	FNEGP01A	T00000028	\N	1
2092	Laboratorio	FNEGP02A	T00049647	\N	1
1125	Laboratorio	IAMBB01A	T00066761	1124	1
1377	Laboratorio	IAMBB02A	T00020729	1376	1
1927	Laboratorio	IAMBB03A	T00020729	1926	1
2362	Laboratorio	IAMBP03A	T00044492	\N	1
1960	Laboratorio	ICIVA06A	T00084189	1959	1
1669	Laboratorio	ICIVB02A	T00051182	1667	1
1821	Laboratorio	ICIVB03A	T00040553	1820	1
1822	Laboratorio	ICIVB03A	T00040553	1820	1
2610	Laboratorio	ICIVB03A	T00040553	2609	2
2611	Laboratorio	ICIVB03A	T00040553	2609	2
2733	Laboratorio	ICIVP03A	T00044492	\N	1
1397	Laboratorio	ICIVP03A	T00053361	\N	1
2748	Laboratorio	ICIVP03A	T00022797	\N	1
2366	Laboratorio	IELEE01A	T00000018	2364	1
2368	Laboratorio	IELEE01A	T00000018	2364	1
1992	Laboratorio	IELEE02A	T00000018	1991	1
2695	Laboratorio	IELEE04A	T00043698	1995	1
2369	Laboratorio	IELEZ02A	T00000018	2365	1
1118	Laboratorio	IELEZ03A	T00000057	\N	1
1258	Laboratorio	IETRC05A	T00041054	1257	1
2614	Laboratorio	IETRC05A	T00041054	1257	1
1121	Laboratorio	IETRZ04A	T00000057	\N	1
2739	Laboratorio	IINDP03A	T00010109	\N	1
1009	Laboratorio	IINDR05A	T00007445	\N	1
2108	Laboratorio	IMECD02A	T00022048	\N	1
2111	Laboratorio	IMECD02A	T00033602	\N	1
1268	Laboratorio	IMECD09A	T00010797	1267	1
2720	Laboratorio	IMECD09A	T00010797	1267	1
2417	Laboratorio	IMECM03A	T00010220	2416	2
2418	Laboratorio	IMECM03A	T00010220	2416	2
2670	Laboratorio	IMECM04A	T00080329	2184	1
2671	Laboratorio	IMECM04A	T00080329	2184	1
1281	Laboratorio	IMECP03A	T00032651	\N	1
2751	Laboratorio	IMECP03A	T00069460	\N	1
1282	Laboratorio	IMECZ04A	T00032651	\N	1
2421	Laboratorio	IMTRA01A	T00045056	2419	1
2719	Laboratorio	IMTRA01A	T00045056	2419	1
1302	Laboratorio	IMTRM01A	T00035836	1301	1
2229	Laboratorio	IMTRM01A	T00035836	2228	2
2738	Laboratorio	IMTRP03A	T00069460	\N	1
2435	Laboratorio	IMTRP03A	T00007524	\N	1
2500	Laboratorio	IQUIA01A	T00085821	2499	1
2503	Laboratorio	IQUIA02A	T00057415	2502	1
2505	Laboratorio	IQUIA04A	T00054880	2504	1
1966	Laboratorio	IQUIA05A	T00054880	1965	1
1972	Laboratorio	IQUIA06A	T00085821	1971	1
2602	Laboratorio	IQUIA07A	T00085821	2003	1
1970	Laboratorio	IQUIA08A	T00085821	1969	1
1977	Laboratorio	IQUIA09A	T00057415	1975	1
2498	Laboratorio	IQUIB05A	T00054880	2497	1
2718	Laboratorio	IQUIB05A	T00054880	2497	1
2534	Laboratorio	IQUIP03A	T00028098	\N	1
2004	Laboratorio	IQUIZ19A	T00028098	\N	1
1262	Laboratorio	IBIOB01A	T00042533	1261	1
1881	Laboratorio	IBIOF02A	T00060037	\N	1
2703	Laboratorio	IBIOF03A	T00042533	1095	1
1254	Laboratorio	IBIOF05A	T00060037	1253	1
1775	Laboratorio	IBIOI01A	T00000243	1774	1
1284	Laboratorio	IBIOM01A	T00045214	1283	1
1547	Laboratorio	IBIOP03A	T00034460	\N	1
2282	Laboratorio	ISCOA02A	T00008436	2281	1
2717	Laboratorio	ISCOA02A	T00010916	2715	2
1034	Laboratorio	ISCOA04A	T00010915	1033	1
1188	Laboratorio	ISCOA04A	T00010915	1187	2
2349	Laboratorio	ISCOA04A	T00010915	2348	3
1897	Laboratorio	ISCOA19A	T00000254	1896	1
1116	Laboratorio	ISCOP03A	T00000119	\N	1
1702	Laboratorio	INAVP03A	T00021661	\N	1
1539	Laboratorio	PSICG01A	T00019649	1538	1
1540	Laboratorio	PSICG01A	T00019649	1538	1
1725	Laboratorio	PSICG01A	T00019649	1723	2
1982	Laboratorio	PSICP02A	\N	\N	1
2667	Laboratorio	PSICS14A	T00084208	1601	1
2668	Laboratorio	PSICS14A	T00084208	1601	1
1639	Laboratorio	PSICS19A	T00055793	1638	1
1640	Laboratorio	PSICS19A	T00055793	1638	1
1641	Laboratorio	PSICS19A	T00055793	1638	1
\.


--
-- Data for Name: materia; Type: TABLE DATA; Schema: public; Owner: pg_database_owner
--

COPY public.materia (codigomateria, creditos, nombre) FROM stdin;
AEMPG01A	3	Fundamentos De Administracion
AEMPG02A	1	Seminario Gerencial I
AEMPG03A	3	Historia Empresarial
AEMPG05A	3	Organizaciones I
AEMPG07A	3	Direccion Estrategica
AEMPG08A	1	Seminario Gerencial Ii
AEMPG09A	3	Responsabilidad Social
AEMPG10A	3	Gestion Del Talento Humano
AEMPG12A	2	Consultoria Empresarial
AEMPG13A	1	Seminario Gerencial Iii
AEMPG14A	2	Juego Gerencial
AEMPM02A	3	Investigacion De Mercados
AEMPO06A	3	Negocios Inclusivos
AEMPO07A	3	Empresas Sostenibles
AEMPO27A	3	Skills For Digital Transformation 4.0
AEMPP01A	2	Opcion De Grado
AEMPP02A	0	Seminario Integrador Fen
AEMPP03A	9	Práctica Profesional
AEMPR01A	3	Calidad Y Operaciones
AEMPR02A	3	Gestion De Procesos Y Tecnolog
ARQTD01A	6	Taller De Diseño I
ARQTD02A	6	Taller De Diseño Ii
ARQTD03A	6	Taller De Diseño Iii (manga-ternera)
ARQTD04A	6	Taller De Diseño Iv
ARQTD05A	6	Taller De Diseño V
ARQTD07A	6	Taller De Diseño Vii
ARQTD08A	6	Taller De Diseño Viii
ARQTE01A	2	Expresión Grafica I
ARQTE02A	2	Expresión Grafica Ii
ARQTE03A	2	Expresión Grafica Iii
ARQTE04A	2	Expresión Gráfica Iv
ARQTE05A	2	Expresión Gráfica V
ARQTE07A	3	Photoshop Para Arquitectos
ARQTH01A	2	Teoria E Historia I
ARQTH02A	2	Teoria E Historia Ii
ARQTH03A	2	Teoria E Historia Iii
ARQTH04A	2	Teoria E Historia Iv
ARQTH05A	2	Teoria E Historia V
ARQTH06A	2	Teoria E Historia Vi
ARQTH07A	2	Teoría E Historia Vii
ARQTT01A	2	Tecnología I
ARQTT02A	2	Tecnología Ii
ARQTT03A	3	Tecnología Iii
ARQTT05A	3	Tecnologia V
ARQTT06A	3	Tecnología Vi
ARQTT07A	2	Tecnologia Vii
ARQTT08A	3	Tecnologia Viii
ARQTT12A	3	Diseño Estructuras Par Arqui (manga-ternera)
ARQTU01A	2	Urbanismo Y Ambiente I
ARQTU02A	2	Urbanismo Y Ambiente Ii (manga-ternera)
ARQTU03A	2	Urbanismo Y Ambiente Iii
ARQTU04A	2	Urbanismo Y Ambiente Iv
ARQTU05A	2	Urbanismo Y Ambiente V
ARQTU06A	3	Urbanismo Y Ambiente Vi
ARQTU07A	2	Urbanismo Y Ambiente Vii
ARQTU13A	3	Cátedra Cartagena
CDATD01A	2	Introducción A La Ciencia De Datos Introducción A La Ciencia De Datos
CDATD02A	3	Programación Para Ciencia De Datos Programación Para Ciencia De Datos
CPOLE12A	3	Seguridad Internacional Y Conf
CPOLN05A	3	Filosofía Política
CPOLN07A	3	Teo De La Democracia Y Desarro
CPOLN12A	3	Cult Y Comport Polít En El Car
CPOLN13A	3	Ana D Conflicto Y Proce De Paz
CPOLN14A	3	Política Comparada
CPOLN15A	3	Partidos Políticos Y Sist Elec
CPOLN16A	3	Form De Proy Para El Desarroll
CPOLP02A	3	Inv. Cuanti En Ciencia Politic
CPOLP03A	3	Inv. Cuali En Ciencia Politic
CPOLP06A	9	Práctica Profesionales
CPOLR02A	3	Sistema Político Internacional
CPOLR05A	2	Herramientas De Política Inter
CPOLR08A	3	Análisis De Política Internaci
CPOLZ02A	3	Cons Y Sist Politico Colombian
CPOLZ03A	3	Politica Colombiana Siglo Xix
CPOLZ08A	3	Estado, Poder Y Derecho
CPOLZ09A	3	Investigacion Mixta Aplicada
CPOLZ23A	4	Historia De Las Ideas Política
CPOLZ25A	3	Ana Y Dis De Políticas Pública
CBASB01A	2	Biología Humana
CBASB04A	3	Biología Molecular
CBASE01A	3	Estadística Y Probabilidad
CBASE02A	3	Estadística Inferencial
CBASE03A	3	Estadística I (facultad Ciencias Sociales Y Humanidades)
CBASE04A	3	Estadística Ii (facultad Ciencias Sociales Y Humanidades)
CBASF01A	4	Física Mecánica
CBASF02A	4	Física Electricidad Y Magnetismo
CBASF03A	4	Física Calor Y Ondas
CBASM01A	4	Cálculo Diferencial
CBASM02A	2	Matemáticas Básicas
CBASM03A	4	Cálculo Integral
CBASM04A	3	Algebra Lineal
CBASM05A	4	Cálculo Vectorial
CBASM06A	4	Ecuaciones Diferenciales Y En Diferencia
CBASM08A	2	Matemática Para Ciencias Sociales
CBASQ01A	3	Química General
CBASQ04A	3	Análisis Químico E Instrumenta
CSOCB02A	3	Teoría De La Comunicación
CSOCB03A	3	Sociología De La Comunicación
CSOCB04A	2	Legislación De Medios
CSOCB05A	2	Semiótica
CSOCB06A	2	Opinión Pública
CSOCE12A	3	Redes Sociales Y Comunica Poli
CSOCE15A	3	Manejo De Fuentes
CSOCE18A	3	Presentación En Tv Y Plataformas Digitales
CSOCF01A	2	Historia Contemporánea
CSOCG01A	3	Comunicación Organizacional I
CSOCG02A	3	Comunicación Organizacional Ii
CSOCG03A	2	Marketing Corporativo
CSOCG04A	3	Comunicación Para El Cambio Social I
CSOCG07A	2	Gestión De Proyectos De Comunicación
CSOCG08A	3	Gestión De Contenidos Digitale - Malla 2019
CSOCL01A	3	Taller De Redacción Ii
CSOCM01A	3	Expresión Oral
CSOCM02A	3	Taller De Redacción I
CSOCM03A	3	Periodismo Escrito
CSOCM04A	3	Guionismo
CSOCM05A	2	Análisis Audiovisual
CSOCM06A	3	Periodismo:crónica Y Reportaje
CSOCM07A	2	Cine Y Sociedad
CSOCP01A	3	Fundamentos De Investigación Social
CSOCP03A	2	Investigación Cualitativa
CSOCP04A	9	Práctica Profesionales
CSOCT01A	3	Introducción A La Fotografía
CSOCT03A	3	Producción De Medios
CSOCT05A	2	Postproducción De Medios
CSOCT06A	2	Diseño Digital De Medios I
CPULA01A	3	Fundam De Control Y Aseguram
CPULA02A	3	Auditoria Aplicada
CPULA03A	3	Revisoria Fiscal
CPULC01A	3	Contabilidad Financiera
CPULC02A	3	Contabilidad Internacional I
CPULC03A	3	Contabilidad Internacional Ii
CPULC04A	3	Contabilidad Internacional Iii
CPULC05A	3	Teoria Contable
CPULG02A	3	Costos Modernos
CPULG03A	3	Contabilidad De Gestion
CPULG04A	3	Presupuesto
CPULG05A	3	Gestion Y Contabilidad Publica
CPULO02A	2	English For Accounting And Fin
CPULP01A	2	Opcion De Grado
CPULP02A	0	Seminario Integrador Fen
CPULP03A	9	Práctica Profesional
CPULT01A	3	Impuestos I
CPULT02A	3	Impuestos Ii
CPULT03A	3	Derecho Empresarial Y Laboral
DCHOH02A	2	Historia Del Derecho
DCHOH03A	2	Filosofía Del Derecho
DCHOJ02A	3	Teoría Del Estado
DCHOJ03A	3	Bienes
DCHOJ04A	3	Derecho Constitucional General
DCHOJ05A	3	Teoría General Del Proceso
DCHOJ06A	3	Obligaciones I
DCHOJ07A	3	Derecho Constitucional Colombi
DCHOJ08A	2	Derecho Procesal Civil I
DCHOJ09A	3	Derecho Laboral Individual
DCHOJ10A	3	Obligaciones Ii
DCHOJ11A	3	Derecho Administrativo General
DCHOJ12A	2	Derecho Procesal Civil Ii
DCHOJ13A	3	Seguridad Social
DCHOJ14A	3	Derecho Penal General
DCHOJ15A	2	Derecho Procesal Constituciona
DCHOJ16A	3	Contratos I
DCHOJ17A	2	Derecho Administrativo Colombi
DCHOJ18A	3	Derecho Probatorio
DCHOJ19A	2	Derecho Laboral Colectivo
DCHOJ20A	3	Derecho Penal Especial
DCHOJ21A	3	Derecho Comercial
DCHOJ22A	3	Contratos Ii
DCHOJ23A	2	Derecho Procesal Administrativ
DCHOJ24A	2	Derecho Procesal Laboral
DCHOJ25A	2	Derecho Procesal Penal
DCHOJ26A	2	Derecho De Sociedades
DCHOJ27A	3	Derecho De Familia
DCHOJ28A	3	Responsabilidad Civil Y Del Es
DCHOJ29A	2	Contratación Estatal
DCHOJ30A	3	Derecho Internacional Público
DCHOJ31A	3	Títulos Valores
DCHOJ32A	2	Derecho De Sucesiones
DCHOJ34A	2	Propiedad Intelectual
DCHOJ54A	3	Bioderecho (biociencias Y Dere
DCHOJ65A	3	Derecho Aduanero
DCHOJ66A	3	Derecho Marítimo
DCHOJ67A	3	Interpretación Y Estudios Críticos Del Derecho (coterminal)
DCHOP01A	2	Mecani Alternativos En La Solu
DCHOP02A	3	Consultorio Jurídico I
DCHOP03A	3	Consultorio Jurídico Ii
DCHOP04A	3	Consultorio Jurídico Iii
DCHOP05A	3	Consultorio Jurídico Iv
DCHOT01A	2	Argumentación Jurídica
DCHOT02A	2	Interpretación Jurídica Y Cons
DCHOT03A	3	M. De La Inv Jurídica Y Socioj
DISED01A	3	Teoría E Historia Del Arte Y Del Diseño
ECONC02A	3	Seminario De Econometría
ECONE01A	2	Economía Y Ética
ECONH01A	3	Historia Económica Mundial
ECONH02A	3	Historia Económica De Colombia
ECONI01A	3	Fundamentos De Economía
ECONI02A	3	Microeconomía I
ECONI03A	3	Microeconomía Ii
ECONI04A	3	Microeconomía Iii
ECONI05A	3	Economía Y Ambiente
ECONM01A	3	Macroeconomía I
ECONM03A	3	Macroeconomía Iii
ECONM06A	3	Finanzas Públicas
ECONM08A	3	Economía Internacional
ECONM09A	3	Economía Regional Y Urbana
ECONM11A	3	Seminario Econ De La Reg Carib
ECONM12A	3	Formulación Y Evaluación De Proyectos En Campus Manga
ECONP02A	2	Opción De Grado
ECONP03A	0	Seminario Integrador Fen
ECONP04A	9	Práctica Profesional
ECONZ01A	3	Entorno Económico
ECOUU01A	0	Desarrollo Universitario
FNEGF02A	2	Matematica Financiera
FNEGF03A	2	Análisis Financiero Y Proyecci
FNEGF04A	3	Derecho Aduanero Y Financiero
FNEGF05A	3	Mercado De Capitales
FNEGF07A	3	Finanzas Ii
FNEGN01A	3	Introducción A Los Neg Interna
FNEGN02A	3	Derecho Y Contrat Internaciona
FNEGN03A	3	Administración Internacional
FNEGN04A	3	Integración Económica
FNEGN05A	3	Estrategias De Negociación
FNEGN06A	3	Comercio Exterior
FNEGN07A	3	Logistics & Ifd
FNEGN08A	3	Simulación De Negocios
FNEGN09A	3	International Marketing
FNEGO01A	3	Gerencia De Las Exportaciones
FNEGP01A	2	Opción De Grado
FNEGP02A	0	Seminario Integrador Fen
FNEGZ11A	3	Administración Internacional Programa Administración De Empresas
CHUMA01A	2	Apreciación Del Arte - Manga
CHUMA02A	2	Apreciación Musical
CHUMA07A	2	Fotografía Creativa
CHUMA11A	2	Música Y Contexto: Siglo Xx Y Xxi
CHUMC03A	2	Cátedra De Paz
CHUMC08A	2	Género, Igualdad Y Cine
CHUMC12A	2	Int A Las Ciencias Sociales Y
CHUMC17A	2	Ciudadanías Bajo La Lupa - Remoto
CHUMH01A	3	Taller De Comprensión Lectora
CHUMH02A	3	Taller De Escritura Académica
CHUMH03A	2	Constitución Política
CHUMH04A	2	Ética
CHUMH05A	2	Ciudadanía Global
CHUML06A	2	Literatura Latinoamericana
CHUML07A	2	Lectura Crítica Y Escritura - Comunicación Social
CHUMS03A	2	Historia Social Y Política De
CHUMS04A	2	Historia Del Mundo Contemporán
CHUMV04A	2	La Revolución De La Comida - Remoto
CHULF01A	2	Francés I
CHULI01A	2	Ingles I
CHULI02A	2	Ingles Ii
CHULI03A	2	Ingles Iii Programa De Derecho (presencial - Remoto)
CHULI04A	2	Ingles Iv
CHULI05A	2	Ingles V
IAMBA04A	2	Legislación Y Política Ambient
IAMBA05A	3	Calidad Del Aire Y Meteorologi
IAMBA06A	3	Calidad Del Agua
IAMBA07A	3	Calidad Del Suelo
IAMBA08A	3	Control De Emisiones Atmosféri
IAMBA09A	3	Tratamiento De Agua
IAMBA10A	3	Tratamiento De Suelo
IAMBA12A	3	Gestión Integral De Residuos S
IAMBA17A	3	Desarrollo Sostenible
IAMBA18A	3	Sistemas De Información Geográ
IAMBB01A	2	Sistemas Biológicos
IAMBB02A	2	Microbiología
IAMBB03A	2	Ecologia
IAMBP01A	3	Proyecto De Ingeniería I
IAMBP02A	3	Proyecto De Ingeniería Ii
IAMBP03A	9	Práctica Profesional
IAMBZ04A	3	Procesos Unitarios
IAMBZ06A	3	Gestión Y Geoplanificación
ICIVA02A	3	Diseño De Vias
ICIVA03A	3	Hidráulica
ICIVA04A	3	Sistemas De Transporte
ICIVA05A	3	Análisis Estructural
ICIVA06A	3	Principios De Geotecnia
ICIVA07A	3	Infraestructura
ICIVA08A	4	Diseño Estructural
ICIVA09A	3	Estructuras Geotécnicas
ICIVA11A	3	Acueducto Y Alcantarillado
ICIVA12A	3	Pavimentos
ICIVA13A	3	Ingeniería De Tránsito
ICIVA14A	3	Estructuras Hidráulicas
ICIVA16A	3	Estructuras Metálicas
ICIVA17A	3	Estabilidad De Taludes Y Obras
ICIVA19A	3	Dibujo E Interpretación De Pla
ICIVA21A	3	Métodos No Convencionales De Construcción
ICIVA22A	3	Soluciones De Infraestructura Basadas En Ecosistemas Para Adaptación Al Cambio Climático
ICIVB01A	3	Materiales De Ingenieria Civil
ICIVB02A	3	Resistencia De Materiales
ICIVB03A	3	Geomática
ICIVB04A	2	Geociencias
ICIVB05A	3	Hidrología
ICIVP03A	9	Práctica Profesional
ICIVZ03A	2	Sistemas De Transporte
ICIVZ04A	2	Infraestructura
ICIVZ08A	4	Diseño Y Comp. De Los Material
ICIVZ09A	4	Estructuras Geotécnicas
ICIVZ10A	2	Hidrología
IELEC01A	3	Automatismos
IELEE01A	3	Máquinas Eléctricas I
IELEE02A	3	Máquinas Eléctricas Ii
IELEE03A	3	Sistemas De Generación
IELEE04A	3	Sistemas De Energias Sostenibl
IELEF01A	1	Seminario De Ing. Eléctrica
IELEF03A	3	Circuitos Eléctricos I
IELEF05A	3	Circuitos Eléctricos Ii
IELEF07A	3	Electricidad Y Electrónica Bás
IELEP01A	3	Proyecto De Ingeniería I
IELEP02A	3	Proyecto De Ingeniería Ii
IELEW01A	3	Transp. Y Distrib. De Energía
IELEW02A	3	Instalaciones Eléctricas
IELEW03A	3	Análisis De Sist De Potencia
IELEW04A	3	Subestaciones Y Protec Electri
IELEZ02A	4	Máquinas Eléctricas
IELEZ03A	9	Práctica Profesional
IETRC01A	3	Control I
IETRC02A	3	Control Ii
IETRC03A	3	Instrumentación Electrónica
IETRC04A	3	Electrónica De Potencia
IETRC05A	3	Instrumentación Y Control
IETRD02A	3	Electrónica Ii
IETRD03A	3	Sistemas Embebidos
IETRF01A	1	Seminario De Ing. Electrónica
IETRF02A	3	Sistemas Digitales I
IETRF03A	4	Señales Y Sistemas
IETRF04A	3	Electrónica I
IETRM01A	3	Ondas Y Líneas De Transmisión
IETRM02A	3	Comunicaciones
IETRM03A	3	Redes De Comunicaciones
IETRP01A	3	Proyecto De Ingeniería I
IETRP02A	3	Proyecto De Ingeniería Ii
IETRZ04A	9	Práctica Profesional
IINDA01A	1	Seminario De Ing. Industrial
IINDA03A	2	Estrategia De Operaciones
IINDA04A	3	Sistemas De Costeo
IINDA06A	3	Gestión Del Talento Humano
IINDA07A	3	Seguridad Y Salud Laboral
IINDA08A	3	Sit. Int De Gestión De Calidad
IINDA09A	3	Gestión De Inn. Y El Conocimie
IINDP01A	3	Proyecto De Ingeniería I
IINDP02A	3	Proyecto De Ingeniería Ii
IINDP03A	9	Práctica Profesional
IINDR01A	3	Procesos De Fabricación
IINDR02A	3	Optimización
IINDR03A	3	Procesos Industriales
IINDR04A	3	Procesos Estocásticos
IINDR05A	3	Ingenieria De Productividad
IINDR07A	3	Gestión Cadena De Suministro
IINDR08A	3	Diseño De Sistemas Productivos
IINDR09A	3	Plan, Prog Y Cont Producción
IINDR10A	3	Control De Calidad
IINDR11A	3	Distribución Y Transporte
IINDR12A	3	Simulación
IINDR13A	3	Diseño De Experimentos
IINDR20A	3	Producción Mas Limpia
IMECB01A	1	Seminario De Ing. Mecánica
IMECD01A	2	Expresión Gráfica
IMECD02A	2	Dibujo Mecánico
IMECD03A	3	Estática
IMECD04A	3	Dinámica
IMECD05A	3	Mecanismos
IMECD06A	3	Resistencia De Materiales
IMECD07A	3	Introducción Al Diseño Mecánic
IMECD08A	3	Diseño De Sistemas Mecánicos
IMECD09A	3	Mantenimiento Industrial
IMECD10A	3	Ing. De Proyectos Mecánicos
IMECD11A	3	Integridad Y Mantenimiento
IMECF01A	3	Mecánica De Fluidos
IMECF02A	3	Termodinámica I
IMECF03A	3	Máquinas De Flujo
IMECF04A	3	Termodinámica Ii
IMECF05A	3	Transferencia De Calor
IMECF06A	3	Máquinas Térmicas
IMECF07A	3	Refrigeración Y Aire Acondicio
IMECM01A	3	Materiales I
IMECM02A	3	Materiales Ii
IMECM03A	3	Tecnologías De Fabricación
IMECM04A	3	Corrosión
IMECM05A	3	Máquinas Y Herramientas Cnc
IMECP01A	3	Proyecto De Ingeniería I
IMECP02A	3	Proyecto De Ingeniería Ii
IMECP03A	9	Práctica Profesional
IMECZ03A	3	Diseño Mecánico
IMECZ04A	9	Práctica Profesional
IMTRA01A	3	Sensores E Instrumentación
IMTRA02A	3	Sist Automáticos De Producción
IMTRA03A	3	Robótica
IMTRA04A	3	Control Inteligente
IMTRA07A	3	Domotica
IMTRA08A	3	Visión Artificial
IMTRB01A	1	Seminario De Ing. Mecatrónica
IMTRC02A	3	Diseño Concurrente
IMTRD01A	3	Diseño Mecatrónico
IMTRM01A	1	Taller De Mecatrónica
IMTRP01A	3	Proyecto De Ingeniería I
IMTRP02A	3	Proyecto De Ingeniería Ii
IMTRP03A	9	Práctica Profesional
IQUIA01A	4	Manejo De Sólidos
IQUIA02A	3	Control De Procesos
IQUIA03A	3	Ingeniería De Las Reacciones
IQUIA04A	3	Operaciones Unitarias
IQUIA05A	4	Procesos De Separación
IQUIA06A	3	Ingeniería De Procesos
IQUIA07A	3	Modelamiento Y Simulación
IQUIA08A	3	Diseño Y Optimización De Proce
IQUIA09A	3	Diseño De Plantas De Procesos
IQUIA14A	3	Fundamentos De Seguridad De Procesos Industriales
IQUIB01A	1	Seminario De Ing. Química
IQUIB02A	3	Balance De Materia Y Energía
IQUIB04A	3	Fenómenos De Transporte
IQUIB05A	3	Termodinámica Ii
IQUIP01A	3	Proyecto De Ingeniería I
IQUIP02A	3	Proyecto De Ingeniería Ii
IQUIP03A	9	Práctica Profesional
IQUIZ19A	9	Práctica Profesional
IBIOB01A	3	Bioquímica
IBIOF01A	1	Sem. De Ingeniería Biomédica
IBIOF02A	1	Taller De Ingeniería Biomédica
IBIOF03A	4	Anatomía Y Fisiología Humana
IBIOF04A	3	Bioderecho
IBIOF05A	3	Biofísica
IBIOI01A	4	Instrumentación Biomédica
IBIOM01A	4	Biomecánica
IBIOP01A	3	Proyecto De Ingeniería I
IBIOP02A	3	Proyecto De Ingeniería Ii
IBIOP03A	9	Prácticas Profesionales
IBIOP04A	3	Sistemas De Imágenes Médicas
ISCOA01A	3	Base De Datos
ISCOA02A	3	Desarrollo De Software
ISCOA03A	3	Algoritmos Y Complejidad
ISCOA04A	3	Arquitectura De Software
ISCOA19A	3	Computación E Interfaces
ISCOC01A	1	Sem. Ing. De Sistema Y Computa
ISCOC02A	3	Fundamentos De Programación
ISCOC03A	3	Programación
ISCOC04A	3	Programación Orientada A Objet
ISCOC05A	3	Estructura De Datos
ISCOC06A	3	Matemática Discreta
ISCOC07A	3	Procesamiento Numérico
ISCOC08A	3	Comunicaciones Y Redes
ISCOC10A	3	Sistemas Y Modelos
ISCOC12A	3	Tóp Espe De Ciencias Computaci
ISCOP03A	9	Prácticas Profesionales
INAVA01A	3	Resistencia Y Propulsion
INAVB01A	1	Seminario De Ingenieria Naval
INAVB02A	3	Introduccion A La Ing Naval
INAVC01A	3	Proyecto Naval
INAVD02A	3	Estructuras Navales I
INAVD03A	3	Metodologia De Diseño Naval
INAVD05A	3	Hidrodinamica Naval
INAVD06A	3	Log Del Trans Marit Y Fluvial
INAVE01A	3	Arquitectura De Sistema Offshore
INAVE02A	3	Tecnología De Embarcaciones Menores
INAVP01A	3	Proyecto De Ingeniería I
INAVP02A	3	Proyecto De Ingeniería Ii
INAVP03A	9	Práctica Profesional
OPGRSP011	0	Seminario De Profundización Nueva Economía Digital Y Competitividad De Negocios
OPGRSP06	0	Seminario De Profundización Gestión De Proyectos
OPGRSP08	0	Seminario De Profundización Habilidades Gerenciales
OPGRSP24	0	Seminario De Prof Herramientas Para El Cuidado Profesional Y Colectivo
PSICA05A	3	Psicología Educativa
PSICA07A	3	Psicología Social Comunitaria
PSICA12A	3	Gestión Del Talento Humano - Malla 2016
PSICA16A	3	Estrategias De Int En Psi Edu
PSICA20A	3	Estrategias De Intervencion Cl
PSICA22A	3	Psicología Clínica Y De La Sal - Malla 2021
PSICB01A	3	Introducción A La Psicología
PSICB04A	3	Seminario De Autoformación I
PSICC01A	3	Seminario De Autoformación Ii
PSICE07A	3	Evaluación Neuropsic En Adults - Malla 2021
PSICG01A	3	Neuropsicología Humana
PSICI02A	3	Psicología Y Gestión Humana - Malla 2021
PSICM04A	3	Fundamentos De Investigación
PSICM05A	3	Investigación Cuantitativa
PSICP02A	12	Práctica Profesional Ii
PSICR01A	3	Evaluación Psicológica - Malla 2021
PSICR02A	2	Seminario De Trabajo De Grado I
PSICR03A	2	Seminario De Trabajo De Grado Ii
PSICS07A	3	Motivación Y Emoción
PSICS13A	3	Psicopatología
PSICS14A	3	Neurociencias Y Comportamiento
PSICS15A	3	Teoriás Y Sistemas Psicológicos I
PSICS16A	3	Teoriás Y Sistemas Psicológicos Ii
PSICS18A	3	Teorias De La Personalidad - Malla 2021
PSICS19A	3	Aprendizaje Y Memoria
PSICS20A	3	Desarrollo Del Ciclo De Vida I
PSICS21A	3	Desarrollo Del Ciclo De Vida Ii
\.


--
-- Data for Name: profesor; Type: TABLE DATA; Schema: public; Owner: pg_database_owner
--

COPY public.profesor (bannerid, nombre) FROM stdin;
T00084153	Rita Cecilia De La Hoz Del Villar
T00051297	Ricardo Andres Abreo Rodriguez
T00000077	Maria Teresa Ripoll De Lemaitre
T00014030	Martha Patricia Castro Porto
T00014731	Lina Margarita Marrugo Salas
T00036222	Javier Marquez Orozco
T00019393	Gabriel Roman Melendez
T00053473	Sammir Montemiranda Pajaro
T00013998	Oriana Susana Martinez Palomino
T00000028	Benjamin De Jesus Garcia Garcerant
T00049647	Dayana Maria Sanchez Monterrosa
T00026453	Carlos Alberto Diaz Wright
T00090593	Beatriz Elena Jimenez Charris
T00066757	Roy Dario Bozzi Duran
T00012849	Fabrizio Milano Londoño
T00081909	Luis Eduardo Grondona Vergara
T00079454	Roberto Enrique Jose Benavente Riquelme
T00079453	Pedro Jose Ibarra Jimenez
T00069599	Antonio Rafael Nieves Gonzalez
T00037300	Ramon Raul Perez Yepez
T00085411	Luis Eduardo Garcia Pacheco
T00084175	Cesar Anibal Duran Ruge
T00069980	Claudia Beatriz Del Socorro Ochoa Pardo
T00001359	Angel Dionicio Hernandez Villadiego
T00021323	Raul Ernesto Lopez Gomez
T00024471	Virginia Milena Escamilla Angulo
T00053408	Estefania Pulido Garcia
T00030018	Joel Alexander Samper Lopez
T00069601	Howard De Jesus Villareal Molina
T00031996	Brenda Cristina Pacheco Perna
T00084152	Fabian Guillermo Amaya Valdivieso
T00018371	Ariel Perez Garcia
T00053874	Clara Mercedes Perez Martelo
T00081749	Andres Felipe Camargo Bocanegra
T00003433	Alexander Niebles Villarreal
T00079430	Ausberto Coneo Caicedo
T00069894	Eduardo Jose Gonzalez Sanchez
T00069449	David Sierra Porta
T00069328	Diandra Jireth Payares Mendoza
T00028062	Pablo Gustavo Abitbol Piñeiro
T00054682	Marlon Jose Marquez Guardo
T00018350	Armando Jose Mercado Vega
T00045007	Alfredo Luis Jr. Mendoza Diaz
T00026139	Jhonnatan Ballestas Avilez
T00044092	Laura Rueda Sierra
T00022220	Diana Carolina Ochoa Velez
T00079653	Angela Patricia Bertel Sevilla
T00049553	Diana Carolina Rubiano Labrador
T00046787	Francisco Mauricio Atencio Contreras
T00000055	Roberto Enrique Gomez Fernandez
T00070881	Elizabeth Valderrama Serrano
T00057400	Jorge Luis Villalba Acevedo
T00059640	Deivinso Villa Moncaris
T00027016	Cecilia Paillier Gonzalez
T00051137	Angel De Jesus Urueta Fernandez
T00006580	Alan Orlando Sanchez Marzan
T00042477	Derlis Aminta Villadiego Rincon
T00004390	Elias Guillermo Imitola Coley
T00000060	Vilma Viviana Ojeda Caicedo
T00045061	Aris Daniela Hurtado Misal
T00004376	Waldyr Fong Silva
T00045030	Kevin David Mendoza Vanegas
T00091818	Antonio Dario Velasquez Barrera
T00040957	Sebastian David Pacheco Orozco
T00019348	Alberto Patiño Vanegas
T00050423	Alexander De Jesus Leyton Coneo
T00047939	Giovanni Olivera Beltran
T00024984	Hector Jose Cabarcas Urriola
T00000402	Julio Alberto Castro Garces
T00001541	Eder Antonio Barrios Hernandez
T00084203	Fernando Perez Berrio
T00081920	Laura Natalia Martinez Piña
T00031820	Andrea Carolina Mendoza Zabaleta
T00000064	Moises Ramon Quintana Alvarez
T00053397	Carlos Rafael Payares Guevara
T00057306	Victor Juan Hernandez Del Toro
T00084202	Cesar Alberto Serna Rapello
T00008170	Jorge Luis Cohen Torres
T00010972	Cristina Osorio Del Valle
T00079682	Adriana Carolina Castillo Martinez
T00055760	Jeovanny De Jesus Muentes Acevedo
T00059423	John Beiro Moreno Barrios
T00076408	Enrique Pereira Batista
T00000072	Juan Carlos Palomino Mancilla
T00059426	Jose Priciliano Perez Santander
T00055843	Alejandra Paola Villalobos Jimenez
T00026679	Mary Andrea Fennix Agudelo
T00091817	Dairo Enrique Meza Morelos
T00020729	Rosa Leonor Acevedo Barrios
T00054390	Luisa Maria Meneses Ospina
T00084201	Arnaldo De Jesus Jimenez Altamiranda
T00000083	Danilo Lusbin Ariza Rua
T00011731	Mercedes Lucia Posada Meola
T00021680	Miguel Efren Garces Prettel
T00091823	Tachi Milena Alvarino Mass
T00022976	Marelbi Del Carmen Olmos Perez
T00000050	Julio Antonio Gomez Mora
T00055756	Tania Lucia Cobos Cobos
T00091862	Yesenia Esther Carrillo Garcia
T00040585	Adolfo Baltar Moreno
T00051306	Gustavo Adolfo Bossa Gracia
T00014135	Humberto De Jesus Padilla Martinez
T00081960	Javier Alcides Ramos Zambrano
T00084210	Sebastian Gonzalez Sierra
T00034995	Gina Patricia Zabaleta Puello
T00039722	Juan Carlos Barrios Espinosa
T00051377	Alvaro Nuñez Torres
T00013958	Cesar Gerardo Marquez Morales
T00054899	Norjadys Gonzalez Garizao
T00053472	Cosme Guerrero Cera
T00000396	Ana Susana Cantillo Orozco
T00019859	Deilo Martinez Maza
T00048543	Javier Mauricio Prieto Florez
T00035909	Andrea Carolina Moscote Palomino
T00019336	Giannina Guerrero Arrieta
T00060590	Bryam Nicolas Benavides Herrera
T00076401	Isaura Padilla Cure
T00029769	Maria Rosario Piñeres Espinosa
T00055292	Marcos Ricardo Posada Llorente
T00045108	Yineris Romero Luna
T00000466	Erica Lucia Martinez Najera
T00048018	Martha Elena Rivero Ricardo
T00063451	Gisella Del Carmen Taborda Guzman
T00069734	Ayleen Barboza Ortiz
T00052248	Magdalena Otero Davila
T00059702	Silvia Margarita Rosales Buelvas
T00028735	Nicolas Diaz Hoyos
T00091822	Jose Luis Otero Hernandez
T00076377	Juan Sebastian Alejandro Perilla Granados
T00053262	Ivan Dario Marrugo Jimenez
T00047950	Katleen Paola Marun Uparela
T00020837	Fabian Alcides Ramos Zambrano
T00063148	Julia Eva Pretelt Vargas
T00020784	Luis Armando Galvis Aponte
T00057359	Augusto Andres Alean Romero
T00000054	William Arellano Cartagena
T00000073	Aaron Eduardo Espinosa Espinosa
T00019865	Luis Fernando Lopez Pineda
T00000030	Jorge Luis Alvis Arrieta
T00019354	Tania Isabel Jimenez Castilla
T00050996	Dalel Rocio Araujo Martinez
T00046298	Paula Andrea Barrios Bueno
T00079679	Katty Johanna Gomez Acevedo
T00017776	Jhorland Ayala Garcia
T00000044	Raul Ernesto Acosta Mesa
T00029754	Gerson Javier Perez Valbuena
T00059557	Yunaris Elvira Coneo Mendoza
T00019234	Cherish Nikita Cantillo Ramos
T00079776	Juan Camilo Medellin Rojas
T00050705	Jose Julio Vergara Arrieta
T00091921	Jean Rene Romero Diaz
T00042331	Arnold David Santamaria Beleño
T00053378	Sally Del Carmen Baron Mercado
T00020031	Luis Carlos Diaz Canedo
T00053214	Juan Francisco Silva Suarez
T00000231	Veronica Tordecilla Acevedo
T00059427	Edwin Julian Claros Bueno
T00031744	Lien Neil Tejeda Lopez
T00000076	Lissette Del Rosario Urquijo Burgos
T00057328	Federico Ochoa Escobar
T00084147	Julian Navarro Gonzalez
T00018431	Claudia Cecilia Ayola Escallon
T00055242	Graciela Victoria Franco Martinez
T00037236	Ingrid Yaneth Silva Arroyo
T00000029	Gilma Antonia Mestre De Mogollon
T00057189	Rafael Enrique Cantillo Castillo
T00046610	Alexander De Jesus Casalins Perez
T00044983	Hermes De Jesus Garizado Martinez
T00021724	Julio Alfonso Muñoz Castaño
T00041842	Uberly Cuadros Aristizabal
T00065546	Maria Camila Mendoza Diaz
T00041283	Daniela Carolina Arteaga Torres
T00055748	Nelson David Zabaleta Rojas
T00039565	Richard Villadiego Beltran
T00084206	Angelica Faisully Camargo Diaz
T00051173	Rogers Montt Torres
T00051174	Ana Lucia Coa Murillo
T00046694	Yamile Esther Acevedo Acevedo
T00079657	Ramon Elias Medina Arteta
T00040544	Luis Eduardo Espinosa Velasquez
T00057707	David Andres Puello Cabeza
T00039407	Jorge Luis Ahumada Segura
T00055694	Yerlys Guardo Gonzalez
T00036808	Jose Carlos Garcia Martinez
T00079583	Luis Sergio Fuenzalida Galvez
T00059523	Giobanna Patricia Buenahora Molina
T00076395	Estela Simancas Mendoza
T00037678	Liliana Ujueta Velandia
T00085422	Libary Luz Manjarres Molina
T00019696	Danny Hernandez Diaz
T00060662	Jesus Rafael Ramos Pacheco
T00081846	Eilin Julliana Perez Gallego
T00084198	Carmen Edith Moscote Bustamante
T00026962	Stefania Arias Cifuentes
T00066695	Adriana Patricia Garcia Echeverry
T00057681	Carmen Julia Torres Torres
T00076572	Gustavo Adolfo Jauregui Posso
T00048005	Nixdey Ruth Arias Rios
T00020734	Diana Del Carmen Gonzalez Herrera
T00057333	Lorena Bermejo Banquez
T00066804	Enrique Jose Gomez Ortega
T00020741	Hernando De Jesus Vargas Cuesta
T00014775	Lina Margarita Castilla Carrera
T00091816	Carlos Augusto Alvarez Ramos
T00063166	Kelly Susana Tarra Pardo
T00014095	Veronica Mestre Ascencio
T00084177	Cindy Paola Leon Paternina
T00076574	Iris Laudith Solano Cahuana
T00000468	Gilsy Martinez Polo
T00057694	Victoria Carolina Galindo Diago
T00081923	Carolina Perez Bonfante
T00000415	Kelly Patricia Diaz Colon
T00084196	Janeth Patricia Gomez De Castro
T00070756	Josue David Guerrero Cordero
T00066745	Rodolfo Romny Rodriguez Picot
T00000444	Heberth Joaquin Hernandez Diaz
T00047317	Javier Dario Sierra Ramirez
T00037686	Ingrid Helena Ibañez Salgado
T00066761	Damaris Andrea Jimenez Uribe
T00057322	Jorgelina Cecilia Pasqualino
T00059175	Claudia Patricia Diaz Mendoza
T00040553	Milton Cesar Guerrero Pajaro
T00044492	Mauro Antonio Maza Chamorro
T00059176	Juan Diego Vanegas Miranda
T00081892	Janer Jose Galvan Carbono
T00051182	Sergio Villar Salinas
T00084189	Kevin Eduardo Duran Morales
T00031751	Claudia Patricia Baron Torres
T00035572	Jefferson Andres Piedrahita Gonzalez
T00022797	Rafael David Mendez Anillo
T00037450	Jorge Ivan Perez Alvarino
T00076598	Hernando Jose Burgos Diaz
T00053361	Hugo Armando Escorcia Pacheco
T00000020	Jorge Eliecer Duque Pardo
T00000018	Luis Eduardo Rueda Rincon
T00000063	Enrique Vanegas Casadiego
T00043698	Marcela Patricia Arrieta Garcia
T00000049	Oscar Acevedo Patiño
T00010734	Francisco Manuel Fernandez Piña
T00011527	Mike Periñan Batista
T00024282	Heider Humberto Lastre Gomez
T00000057	Eduardo Gomez Vasquez
T00000068	Jose Luis Villa Ramirez
T00040950	Yina Paola Cabarcas Mena
T00009099	Luis Enrique Acosta Galvan
T00054349	Deyson Gomez Sanchez
T00041054	Yira Patricia Alcazar Oviedo
T00007608	Alcides Augusto Ramos Zambrano
T00045214	Caleb David Romero Mercado
T00035744	Erick Campo Rojas
T00001074	William Ramon Cuadrado Cano
T00012602	Jenifer Yoris Vasquez Aguilar
T00007445	Fabian Alfonso Gazabon Arrieta
T00001023	Armando Antonio Mendoza Diaz
T00000387	Rafael Alfonso Bermudez Torres
T00037779	Liliana Isabel Castellon Ceron
T00019227	Yessica Paola Jimenez Suarez
T00037937	Natalie Morales Londoño
T00010109	Gustavo Adolfo Ortiz Piedrahita
T00014261	Holman Ospina Mateus
T00000067	Misael Cruz Monroy
T00060586	Edisson Duarte Restrepo
T00049413	Kevin Andres Sossa Valencia
T00000629	Jaime Antonio Acevedo Chedid
T00000106	German Herrera Vidal
T00010220	Alexander Jose Narvaez Cruz
T00000059	Vladimir Adolfo Quiroz Mariano
T00033028	Walberto Marrugo Orozco
T00045056	Camilo Andres Naufal Salas
T00022048	Luis Miguel Perez Pertuz
T00033602	Jaime Jose Batista De Luque
T00020488	Jose Alberto Martinez Trespalacios
T00012792	Virgilio Barcos Cervantes
T00021662	Edgardo William Arrieta Ortiz
T00010797	Adolfo Enrique Ortiz Lafaurie
T00002456	Alfredo Miguel Abuchar Curi
T00020472	Deibys David Barreto Ponton
T00026655	Ana Margarita Buelvas Hernandez
T00007524	Juan Gabriel Fajardo Cuadro
T00047306	Daniel Andres Montoya Espinosa
T00080329	Darling Perea Cabarcas
T00045901	David Jesus Barros Chaparro
T00032651	Omar Tirado Muñoz
T00069460	Argemiro Palencia Diaz
T00024427	Malorys Mercedes Elles Fang
T00064566	Harold Alberto Rodriguez Arias
T00016294	George Washington Archbold Taylor
T00045151	Fernando Jose Quintero Vasquez
T00035836	Manuel Alejandro Salina Casseres
T00085821	Yulanderson Salguero Rodriguez
T00057415	Deyler Rafael Castilla Caballero
T00054880	Elizabeth Moreno Bohorquez
T00028098	Mary Judith Arias Tapia
T00042533	Juan Alberto Rebollo Perez
T00034460	Raul Andres Vargas Ramirez
T00060037	Edder Orlando Quiñones Burgos
T00000243	Sonia Helena Contreras Ortiz
T00009855	Aisner Jose Marrugo Juliao
T00084295	Sergio Arturo Medina Castillo
T00008436	Edwin Alexander Puertas Del Castillo
T00010916	Marco Antonio Almanza Ibarra
T00000065	Gloria Isabel Bautista Lasprilla
T00010915	Jairo Enrique Serrano Castañeda
T00000254	Juan Carlos Martinez Santos
T00021905	Misorly Del Carmen Soto Acevedo
T00000021	Isaac Zuñiga Silgado
T00000119	Juan Carlos Mantilla Gomez
T00080354	Melissa Andrea Moreno Novoa
T00012187	Yuranis Henriquez Nuñez
T00066102	Andrea Carolina Menco Tovar
T00000502	Maria Eugenia Rincon Socha
T00010571	Humberto Manuel Marbello Peña
T00021751	Julio Cesar Gamarra Cabarcas
T00008528	Carlos Ernesto Botero Pareja
T00013758	Rafael Enrique Monterroza Barrios
T00080352	Danileth Almanza Gonzalez
T00019188	Oscar Pablo Porto Solano
T00076596	Carlos Arturo Cortes Fuentes
T00018922	Oscar David Acosta Lopera
T00021661	Jairo Humberto Cabrera Tovar
T00060663	Ricardo Alfonso Mejia Correa
T00081976	Fernando Salazar Arrieta
T00018269	Hugo Antonio Elles Niño
T00007962	Diana Margarita Moreno Aldana
T00007989	Yuly Patricia Fang Alandette
T00013153	Yina Margarita Alcala Barrios
T00008759	Yacira Isabel Luna Zuñiga
T00000431	Elias Rafael Geney Castro
T00020361	Jeimer David Ortiz Marimon
T00084208	Jose Alexander Estrada Hernandez
T00040584	Elsy Mercedes Dominguez De La Ossa
T00022062	Amelia Del Cristo Eljadue Rizcala
T00019649	Karol Patricia Gutierrez Ruiz
T00054928	Jeison David Neira Salas
T00052721	Pedro Vazquez Miraz
T00091859	Jorge Leonardo Estrada Perez
T00011744	Laura Maria Mendoza Simonds
T00000485	Marcela Ospina Correa
T00079469	Marlyn Patricia Conde Gutierrez
T00055793	Everly Marcela Garcia De La Ossa
T00012447	Prisca Espinosa Acevedo
\.


--
-- Name: clase_id_seq; Type: SEQUENCE SET; Schema: public; Owner: pg_database_owner
--

SELECT pg_catalog.setval('public.clase_id_seq', 3322, true);


--
-- Name: clase clase_pkey; Type: CONSTRAINT; Schema: public; Owner: pg_database_owner
--

ALTER TABLE ONLY public.clase
    ADD CONSTRAINT clase_pkey PRIMARY KEY (id);


--
-- Name: curso curso_pkey; Type: CONSTRAINT; Schema: public; Owner: pg_database_owner
--

ALTER TABLE ONLY public.curso
    ADD CONSTRAINT curso_pkey PRIMARY KEY (nrc);


--
-- Name: materia materia_pkey; Type: CONSTRAINT; Schema: public; Owner: pg_database_owner
--

ALTER TABLE ONLY public.materia
    ADD CONSTRAINT materia_pkey PRIMARY KEY (codigomateria);


--
-- Name: profesor profesor_pkey; Type: CONSTRAINT; Schema: public; Owner: pg_database_owner
--

ALTER TABLE ONLY public.profesor
    ADD CONSTRAINT profesor_pkey PRIMARY KEY (bannerid);


--
-- Name: clase clase_nrc_fkey; Type: FK CONSTRAINT; Schema: public; Owner: pg_database_owner
--

ALTER TABLE ONLY public.clase
    ADD CONSTRAINT clase_nrc_fkey FOREIGN KEY (nrc) REFERENCES public.curso(nrc);


--
-- Name: curso curso_codigomateria_fkey; Type: FK CONSTRAINT; Schema: public; Owner: pg_database_owner
--

ALTER TABLE ONLY public.curso
    ADD CONSTRAINT curso_codigomateria_fkey FOREIGN KEY (codigomateria) REFERENCES public.materia(codigomateria);


--
-- Name: curso curso_nrcteorico_fkey; Type: FK CONSTRAINT; Schema: public; Owner: pg_database_owner
--

ALTER TABLE ONLY public.curso
    ADD CONSTRAINT curso_nrcteorico_fkey FOREIGN KEY (nrcteorico) REFERENCES public.curso(nrc);


--
-- Name: curso curso_profesorid_fkey; Type: FK CONSTRAINT; Schema: public; Owner: pg_database_owner
--

ALTER TABLE ONLY public.curso
    ADD CONSTRAINT curso_profesorid_fkey FOREIGN KEY (profesorid) REFERENCES public.profesor(bannerid);


--
-- PostgreSQL database dump complete
--

